openalex_id,queries,year,first_author,authors,title,source,type,doi,cited_by,open_access
W2289911701,Q1,2016,João P. Morgado,4,XFOIL vs CFD performance predictions for high lift low Reynolds number airfoils,Aerospace Science and Technology,article,10.1016/j.ast.2016.02.031,222,closed
W2058247523,Q2,2013,Oleg Chernukhin,2,Multimodality and Global Optimization in Aerodynamic Design,AIAA Journal,article,10.2514/1.j051835,148,closed
W3211207797,Q2,2022,Yuki Morita,6,Applying Bayesian optimization with Gaussian process regression to computational fluid dynamics problems,Research Explorer (The University of Manchester),article,10.1016/j.jcp.2021.110788,140,green
W2138727729,Q2,2012,Y. Volkan Pehlivanoğlu,1,A New Particle Swarm Optimization Method Enhanced With a Periodic Mutation Strategy and Neural Networks,IEEE Transactions on Evolutionary Computation,article,10.1109/tevc.2012.2196047,139,closed
W4281937758,Q2,2022,Christian Sabater,3,Fast Predictions of Aircraft Aerodynamics Using Deep-Learning Techniques,AIAA Journal,article,10.2514/1.j061234,116,closed
W2068353912,Q2,2013,Pierluigi Della Vecchia,3,An airfoil shape optimization technique coupling PARSEC parameterization and evolutionary algorithm,Aerospace Science and Technology,article,10.1016/j.ast.2013.11.006,102,closed
W2317355067,Q2,2015,Chunya Sun,3,Parametric geometric model and shape optimization of an underwater glider with blended-wing-body,International Journal of Naval Architecture and Ocean Engineering,article,10.1515/ijnaoe-2015-0069,95,gold
W2120459501,Q1,2014,Carlos Ferreira,2,Aerofoil optimization for vertical‐axis wind turbines,Wind Energy,article,10.1002/we.1762,86,closed
W2340914417,Q4,2012,Kristy L. Hansen,1,Effect of leading edge tubercles on airfoil performance.,Adelaide Research & Scholarship (AR&S) (University of Adelaide),dissertation,,76,green
W2054246897,Q6,2015,Yufei Zhang,6,Supercritical natural laminar flow airfoil optimization for regional aircraft wing design,Aerospace Science and Technology,article,10.1016/j.ast.2015.02.024,67,closed
W2611436867,Q1,2017,Mojtaba Tahani,4,Aerodynamic design of horizontal axis wind turbine with innovative local linearization of chord and twist distributions,Energy,article,10.1016/j.energy.2017.05.033,65,closed
W2058857448,Q2,2010,Pietro Marco Congedo,3,Shape optimization of an airfoil in a BZT flow with multiple-source uncertainties,Computer Methods in Applied Mechanics and Engineering,article,10.1016/j.cma.2010.08.006,64,closed
W4380442234,Q2,2023,Yuyang Wang,3,Airfoil GAN: encoding and synthesizing airfoils for aerodynamic shape optimization,Journal of Computational Design and Engineering,article,10.1093/jcde/qwad046,63,gold
W2331118506,Q6,2016,Ramy Rashad,2,Aerodynamic Shape Optimization for Natural Laminar Flow Using a Discrete-Adjoint Approach,AIAA Journal,article,10.2514/1.j054940,62,closed
W3011205024,Q6,2020,Jun Tao,4,Application of a PCA-DBN-based surrogate model to robust aerodynamic design optimization,Chinese Journal of Aeronautics,article,10.1016/j.cja.2020.01.015,62,hybrid
W4313530860,Q2,2023,Jiaqi Liu,5,Deep-learning-based aerodynamic shape optimization of rotor airfoils to suppress dynamic stall,Aerospace Science and Technology,article,10.1016/j.ast.2022.108089,62,closed
W1998814674,Q6,2013,Florent Duchaine,5,Large-Eddy Simulation and Conjugate Heat Transfer Around a Low-Mach Turbine Blade,Journal of Turbomachinery,article,10.1115/1.4025165,60,closed
W2099112608,Q1,2014,Weijun Zhu,3,Integrated airfoil and blade design method for large wind turbines,Renewable Energy,article,10.1016/j.renene.2014.02.057,58,closed
W1987676433,Q2,2011,Alireza Jahangirian,2,Aerodynamic shape optimization using efficient evolutionary algorithms and unstructured CFD solver,Computers & Fluids,article,10.1016/j.compfluid.2011.02.010,54,closed
W2889098572,Q2,2018,Mostafa Fatehi,5,Aerodynamic performance improvement of wind turbine blade by cavity shape optimization,Renewable Energy,article,10.1016/j.renene.2018.08.047,51,closed
W2076569421,Q2,2013,Raju Mukesh,3,Airfoil shape optimization using non-traditional optimization technique and its validation,Journal of King Saud University - Engineering Sciences,article,10.1016/j.jksues.2013.04.003,51,hybrid
W4308887803,Q2,2022,Ruo-Lin Liu,6,Prediction and optimization of airfoil aerodynamic performance using deep neural network coupled Bayesian method,Physics of Fluids,article,10.1063/5.0122595,50,closed
W4316038755,Q1 Q2,2023,Jiaqing Kou,7,Aeroacoustic airfoil shape optimization enhanced by autoencoders,Expert Systems with Applications,article,10.1016/j.eswa.2023.119513,49,hybrid
W4382896694,Q1,2023,Cho Mar Aye,7,Airfoil Shape Optimisation Using a Multi-Fidelity Surrogate-Assisted Metaheuristic with a New Multi-Objective Infill Sampling Technique,Computer Modeling in Engineering & Sciences,article,10.32604/cmes.2023.028632,48,diamond
W2043735456,Q1 Q2,2013,Ozge Polat,2,Aerodynamic Shape Optimization of Wind Turbine Blades Using a Parallel Genetic Algorithm,Procedia Engineering,conference-paper,10.1016/j.proeng.2013.07.088,47,diamond
W2078264551,Q1,2014,Sepehr Sanaye,2,Multi-objective optimization of airfoil shape for efficiency improvement and noise reduction in small wind turbines,Journal of Renewable and Sustainable Energy,article,10.1063/1.4895528,46,closed
W2008609799,Q1 Q3,2010,Daniel Coutu,3,Optimized design of an active extrados structure for an experimental morphing laminar wing,Aerospace Science and Technology,article,10.1016/j.ast.2010.01.009,46,closed
W3036945263,Q1,2020,Xuesong Wei,3,Research on parameterization and optimization procedure of low-Reynolds-number airfoils based on genetic algorithm and Bezier curve,Advances in Engineering Software,article,10.1016/j.advengsoft.2020.102864,46,closed
W3133197453,Q1 Q3,2021,Musavir Bashir,4,Aerodynamic Design Optimization of a Morphing Leading Edge and Trailing Edge Airfoil–Application on the UAS-S45,Applied Sciences,article,10.3390/app11041664,44,gold
W426079852,Q1,2015,Abdul Muis,4,Design Optimization of Axial Hydraulic Turbine for Very Low Head Application,Energy Procedia,conference-paper,10.1016/j.egypro.2015.03.255,43,diamond
W2626242393,Q6,2017,Huan Zhao,4,Effective robust design of high lift NLF airfoil under multi-parameter uncertainty,Aerospace Science and Technology,article,10.1016/j.ast.2017.06.009,43,closed
W4386226328,Q2,2023,Ming‐Yu Wu,6,Airfoil shape optimization using genetic algorithm coupled deep neural networks,Physics of Fluids,article,10.1063/5.0160954,42,closed
W2306296840,Q1 Q3,2016,Andreea Koreanschi,3,Drag optimisation of a wing equipped with a morphing upper surface,The Aeronautical Journal,article,10.1017/aer.2016.6,42,green
W1960585333,Q1,2013,Jiangtao Cheng,7,Design and validation of the high performance and low noise CQU-DTU-LN1 airfoils,Wind Energy,article,10.1002/we.1668,41,closed
W2093561480,Q2,2010,Sanghyun Chae,6,Helicopter Rotor Shape Optimization for the Improvement of Aeroacoustic Performance in Hover,Journal of Aircraft,article,10.2514/1.c000283,41,closed
W2026915266,Q1,2014,Richard W. Vesel,2,Performance enhancement and load reduction of a 5 MW wind turbine blade,Renewable Energy,article,10.1016/j.renene.2013.12.019,41,closed
W657105458,Q6,2010,Joachim Peinke,3,Wind Energy: Proceedings of the Euromech Colloquium,,article,10.1007/978-3-540-33866-6,41,closed
W2008045401,Q2,2013,Mehdi Ebrahimi,2,Aerodynamic Optimization of Airfoils Using Adaptive Parameterization and Genetic Algorithm,Journal of Optimization Theory and Applications,article,10.1007/s10957-013-0442-1,40,closed
W2026709279,Q2,2011,Y. Volkan Pehlivanoğlu,2,Aerodynamic design prediction using surrogate-based modeling in genetic algorithm architecture,Aerospace Science and Technology,article,10.1016/j.ast.2011.10.006,40,closed
W3157090118,Q1 Q2,2021,Md Tausif Akram,2,CFD Analysis and Shape Optimization of Airfoils Using Class Shape Transformation and Genetic Algorithm—Part I,Applied Sciences,article,10.3390/app11093791,40,gold
W2600340903,Q1,2016,Emre Koç,3,Comparison of Qblade and CFD results for small-scaled horizontal axis wind turbine analysis,,conference-paper,10.1109/icrera.2016.7884538,40,closed
W2020460990,Q1 Q3,2012,Oliviu Şugar Gabor,3,Low-speed aerodynamic characteristics improvement of ATR 42 airfoil using a morphing wing approach,,conference-paper,10.1109/iecon.2012.6388954,40,green
W4390053408,Q2,2023,Vahid Esfahanian,6,Aerodynamic shape optimization of gas turbines: a deep learning surrogate model approach,Structural and Multidisciplinary Optimization,article,10.1007/s00158-023-03703-9,39,closed
W2797350742,Q1,2018,Thomas H. Hansen,1,Airfoil optimization for wind turbine application,Wind Energy,article,10.1002/we.2174,39,closed
W1839941957,Q6,2013,Peyman Khayatzadeh,2,Laminar‐turbulent flow simulation for wind turbine profiles using the γ– transition model,Wind Energy,article,10.1002/we.1606,38,closed
W3134627361,Q1 Q2,2021,Md Tausif Akram,2,Aerodynamic Shape Optimization of NREL S809 Airfoil for Wind Turbine Blades Using Reynolds-Averaged Navier Stokes Model—Part II,Applied Sciences,article,10.3390/app11052211,37,gold
W2116089983,Q1,2014,Daniele Ragni,3,Experimental investigation of an optimized airfoil for vertical‐axis wind turbines,Wind Energy,article,10.1002/we.1780,37,closed
W2402122912,Q1,2016,Andreea Koreanschi,3,Numerical and experimental validation of a morphed wing geometry using Price-Païdoussis wind-tunnel testing,The Aeronautical Journal,article,10.1017/aer.2016.30,35,green
W3112859233,Q1,2020,Zhaocheng Sun,3,Performance optimization and investigation of flow phenomena on tidal turbine blade airfoil considering cavitation and roughness,Applied Ocean Research,article,10.1016/j.apor.2020.102463,35,closed
W2598376730,Q1,2016,Onur Günel,3,CFD vs. XFOIL of airfoil analysis at low reynolds numbers,,conference-paper,10.1109/icrera.2016.7884411,33,closed
W2784052257,Q2,2018,László Daróczy,3,Computational fluid dynamics based shape optimization of airfoil geometry for an H-rotor using a genetic algorithm,Engineering Optimization,article,10.1080/0305215x.2017.1409350,33,closed
W2077404264,Q2,2010,Kyoungwoo Park,2,Optimal design of two-dimensional wings in ground effect using multi-objective genetic algorithm,Ocean Engineering,article,10.1016/j.oceaneng.2010.03.001,33,closed
W1970783032,Q6,2013,Jing Li,4,Robust design of NLF airfoils,Chinese Journal of Aeronautics,article,10.1016/j.cja.2013.02.007,33,hybrid
W2332806700,Q1,2015,David Communier,4,Aero structural modeling of a wing using CATIA V5 and XFLR5 software and experimental validation using the Price- Païdoussis wing tunnel,AIAA Atmospheric Flight Mechanics Conference,conference-paper,10.2514/6.2015-2558,32,closed
W2317479040,Q1,2016,Ryan Barrett,2,Comparison of Airfoil Precomputational Analysis Methods for Optimization of Wind Turbine Blades,IEEE Transactions on Sustainable Energy,article,10.1109/tste.2016.2522381,32,closed
W4205884331,Q1,2022,Abu Bakar,6,Multi-Objective Optimization of Low Reynolds Number Airfoil Using Convolutional Neural Network and Non-Dominated Sorting Genetic Algorithm,Aerospace,article,10.3390/aerospace9010035,32,gold
W2910624595,Q1,2019,Sen Zhang,3,Design methodology using characteristic parameters control for low Reynolds number airfoils,Aerospace Science and Technology,article,10.1016/j.ast.2019.01.003,31,closed
W3004489945,Q1,2020,Emmanuel Yeboah Osei,4,Development of High Performance Airfoils for Application in Small Wind Turbine Power Generation,Journal of Energy,article,10.1155/2020/9710189,31,hybrid
W4221086847,Q1 Q2,2022,Hatice Cansu Ayaz Ümütlü,2,AIRFOIL SHAPE OPTIMIZATION USING BÉZIER CURVE AND GENETIC ALGORITHM,Aviation,article,10.3846/aviation.2022.16471,30,diamond
W176105936,Q6,2011,DongSeop Lee,5,Active Transonic Aerofoil Design Optimization Using Robust Multiobjective Evolutionary Algorithms,Journal of Aircraft,article,10.2514/1.c031237,30,green
W4309417222,Q2,2022,Hao Jiang,3,Aerodynamic shape optimization of co-flow jet airfoil using a multi-island genetic algorithm,Physics of Fluids,article,10.1063/5.0124372,30,closed
W2792284381,Q1 Q2,2018,D. Anitha,4,Air foil Shape Optimization Using Cfd And Parametrization Methods,Materials Today Proceedings,article,10.1016/j.matpr.2017.12.122,30,closed
W2070673754,Q2,2012,Xiaomin Chen,2,Optimization of Flatback Airfoils for Wind-Turbine Blades Using a Genetic Algorithm,Journal of Aircraft,article,10.2514/1.c031614,30,closed
W2799748289,Q1,2018,Ryan Barrett,2,Integrated free‐form method for aerostructural optimization of wind turbine blades,Wind Energy,article,10.1002/we.2186,29,closed
W2954325526,Q6,2019,Huan Zhao,5,An efficient adaptive forward–backward selection method for sparse polynomial chaos expansion,Computer Methods in Applied Mechanics and Engineering,article,10.1016/j.cma.2019.06.034,28,closed
W3032940093,Q2,2020,Mohammad Nemati,2,Robust aerodynamic morphing shape optimization for high-lift missions,Aerospace Science and Technology,article,10.1016/j.ast.2020.105897,28,closed
W1130540032,Q2,2015,Quan Wang,5,Aerodynamic shape optimized design for wind turbine blade using new airfoil series,Journal of Mechanical Science and Technology,article,10.1007/s12206-015-0616-x,27,closed
W1964247963,Q2,2013,Amir Nejat,3,Airfoil shape optimization using improved Multiobjective Territorial Particle Swarm algorithm with the objective of improving stall characteristics,Structural and Multidisciplinary Optimization,article,10.1007/s00158-013-1025-3,26,closed
W2795168842,Q1,2018,Alessandro Ceruti,1,Meta-heuristic multidisciplinary design optimization of wind turbine blades obtained from circular pipes,Engineering With Computers,article,10.1007/s00366-018-0604-8,26,closed
W2066806996,Q2,2014,Abolhassan Asgarshamsi,4,Multi-objective optimization of lean and sweep angles for stator and rotor blades of an axial turbine,Proceedings of the Institution of Mechanical Engineers Part G Journal of Aerospace Engineering,article,10.1177/0954410014541080,26,closed
W2078350459,Q1,2010,Rong Ma,3,Optimization design study of low-Reynolds-number high-lift airfoils for the high-efficiency propeller of low-dynamic vehicles in stratosphere,Science China Technological Sciences,article,10.1007/s11431-010-4087-0,26,closed
W2312627878,Q6,2014,Ke Zhao,3,Robust design of natural laminar flow supercritical airfoil by multi-objective evolution method,Applied Mathematics and Mechanics,article,10.1007/s10483-014-1783-6,26,closed
W2794059504,Q2,2018,Jichao Li,3,Adjoint-Based Two-Step Optimization Method Using Proper Orthogonal Decomposition and Domain Decomposition,AIAA Journal,article,10.2514/1.j055773,25,closed
W2509632989,Q6,2015,Martin Robitaille,3,Design of adaptive transonic laminar airfoils using the γ-Re˜θt transition model,Aerospace Science and Technology,article,10.1016/j.ast.2015.06.027,25,closed
W1979183638,Q2,2013,Xiaomin Chen,2,Optimization of Wind Turbine Blade Airfoils Using a Multi-Objective Genetic Algorithm,Journal of Aircraft,article,10.2514/1.c031910,25,closed
W1979353432,Q2,2014,Yilei He,2,Shape Optimization of NREL S809 Airfoil for Wind Turbine Blades Using a Multiobjective Genetic Algorithm,International Journal of Aerospace Engineering,article,10.1155/2014/864210,25,gold
W4220771829,Q1,2022,José D. Hoyos,5,Aircraft Propeller Design through Constrained Aero-Structural Particle Swarm Optimization,Aerospace,article,10.3390/aerospace9030153,24,gold
W4229055445,Q1,2022,Xueyi Song,3,Airfoil optimization using a machine learning-based optimization algorithm,Journal of Physics Conference Series,conference-paper,10.1088/1742-6596/2217/1/012009,24,diamond
W2889807763,Q1,2018,Thibault Désert,3,Numerical and experimental investigation of an airfoil design for a Martian micro rotorcraft,International Journal of Micro Air Vehicles,article,10.1177/1756829318794171,24,gold
W4281476758,Q2,2022,Huan Hu,6,Shape optimization of airfoil in ground effect based on free-form deformation utilizing sensitivity analysis and surrogate model of artificial neural network,Ocean Engineering,article,10.1016/j.oceaneng.2022.111514,24,closed
W4211227469,Q6,2022,Mohammad-Reza Pendar,2,Numerical Investigation of Plasma Actuator Effects on Flow Control Over a Three-Dimensional Airfoil With a Sinusoidal Leading Edge,Journal of Fluids Engineering,article,10.1115/1.4053847,23,closed
W2980470188,Q1,2019,Daniel Baldacchino,1,Vortex Generators for Flow Separation Control: Wind Turbine Applications,Research Repository (Delft University of Technology),dissertation,10.4233/uuid:99b15acb-e25e-4cd9-8541-1e4056c1baed,22,green
W4205529305,Q2,2021,Quan Wang,5,Aerodynamic shape optimization of H-VAWT blade airfoils considering a wide range of angles of attack,International Journal of Low-Carbon Technologies,article,10.1093/ijlct/ctab092,21,gold
W4283371115,Q6,2022,Zhengxiao Ma,3,Data-driven reduced order modeling for parametrized time-dependent flow problems,Physics of Fluids,article,10.1063/5.0098122,21,closed
W3130394288,Q1,2021,Ali Arshad,3,Design Optimization and Investigation of Aerodynamic Characteristics of Low Reynolds Number Airfoils,International Journal of Aeronautical and Space Sciences,article,10.1007/s42405-021-00362-2,21,closed
W2613867280,Q6,2016,Kristof Risse,1,Vorentwurf von Flugzeugen mit hybrider laminarer Strömungskontrolle,elib (German Aerospace Center),conference-paper,10.18154/rwth-2017-00974,21,green
W2268830795,Q1 Q3,2015,Oliviu Şugar Gabor,4,Aerodynamic performance improvement of the UAS-S4 Éhecatl morphing airfoil using novel optimization techniques,Proceedings of the Institution of Mechanical Engineers Part G Journal of Aerospace Engineering,article,10.1177/0954410015605548,20,green
W3000906985,Q2,2020,Li Zhou Li,5,Aerodynamic shape optimization by continually moving ROM,Aerospace Science and Technology,article,10.1016/j.ast.2020.105729,20,closed
W2404940287,Q1 Q3,2010,Samuel Courchesne,3,New Aeroelastic Studies for a Morphing Wing,48th AIAA Aerospace Sciences Meeting Including the New Horizons Forum and Aerospace Exposition,conference-paper,10.2514/6.2010-56,19,closed
W4210621059,Q1 Q3,2022,Musavir Bashir,4,Optimization and Design of a Flexible Droop-Nose Leading-Edge Morphing Wing Based on a Novel Black Widow Optimization Algorithm—Part I,Designs,article,10.3390/designs6010010,19,gold
W4385664414,Q2,2023,Lidia Caros,3,Optimization of Triangular Airfoils for Martian Helicopters Using Direct Numerical Simulations,AIAA Journal,article,10.2514/1.j063164,19,green
W1977807258,Q2,2013,Xiaomin Chen,2,Shape optimization of airfoils in transonic flow using a multi-objective genetic algorithm,Proceedings of the Institution of Mechanical Engineers Part G Journal of Aerospace Engineering,article,10.1177/0954410013500613,19,closed
W2742913933,Q1,2017,Ahmad Abdulkarim Alsahlani,2,Aerofoil Design for Unmanned High-Altitude Aft-Swept Flying Wings,Journal of Aerospace Technology and Management,article,10.5028/jatm.v9i3.838,18,gold
W2335024049,Q6,2014,Kristof Risse,4,Conceptual Wing Design Methodology for Aircraft with Hybrid Laminar Flow Control,52nd Aerospace Sciences Meeting,conference-paper,10.2514/6.2014-0023,18,closed
W2030748716,Q2,2013,Rujie Sun,5,Multidisciplinary design optimization of adaptive wing leading edge,Science China Technological Sciences,article,10.1007/s11431-013-5250-1,18,closed
W4405894417,Q1,2024,Ying Liu,4,A CNN-PINN-DRL driven method for shape optimization of airfoils,Engineering Applications of Computational Fluid Mechanics,article,10.1080/19942060.2024.2445144,16,gold
W1997117988,Q1 Q3,2014,Teodor Lucian Grigorie,2,Control strategies for an experimental morphing wing model,AIAA Atmospheric Flight Mechanics Conference,conference-paper,10.2514/6.2014-2187,16,closed
W4319985564,Q2,2023,Hamid R. Kaviani,2,Multi-Megawatt Horizontal Axis Wind Turbine Blade Optimization Based on PSO Method,Aerospace,article,10.3390/aerospace10020158,16,gold
W4407357076,Q1,2025,Siyao Yang,3,The KAN-MHA model: A novel physical knowledge based multi-source data-driven adaptive method for airfoil flow field prediction,Journal of Computational Physics,article,10.1016/j.jcp.2025.113846,16,hybrid
W4381546154,Q6,2023,Yifu Chen,6,Adjoint-based robust optimization design of laminar flow airfoil under flight condition uncertainties,Aerospace Science and Technology,article,10.1016/j.ast.2023.108465,15,closed
W4386102502,Q1,2023,Andrea Aprovitola,4,Aerodynamic optimization of airfoils shape for atmospheric flight on Mars planet,Acta Astronautica,article,10.1016/j.actaastro.2023.08.028,15,closed
W4307475389,Q1,2022,Camilo Echavarría,5,Optimal airfoil design through particle swarm optimization fed by CFD and XFOIL,Journal of the Brazilian Society of Mechanical Sciences and Engineering,article,10.1007/s40430-022-03866-4,15,closed
W1997293369,Q2,2010,Yu-Tai Lee,4,Shape Optimization of a Multi-Element Foil Using an Evolutionary Algorithm,Journal of Fluids Engineering,article,10.1115/1.4001343,15,closed
W2909526349,Q6,2019,K.B. Fragkos,3,pFOSM: An efficient algorithm for aerodynamic robust design based on continuous adjoint and matrix-vector products,Computers & Fluids,article,10.1016/j.compfluid.2019.01.016,15,closed
W2980688212,Q1,2019,Durmuş Sinan Körpe,2,"Aerodynamic Optimization of a UAV Wing subject to Weight, Geometric, Root Bending Moment, and Performance Constraints",International Journal of Aerospace Engineering,article,10.1155/2019/3050824,14,gold
W3179196823,Q1 Q2,2021,José D. Hoyos,4,"Airfoil Shape Optimization: Comparative Study of Meta-heuristic Algorithms, Airfoil Parameterization Methods and Reynolds Number Impact",IOP Conference Series Materials Science and Engineering,conference-paper,10.1088/1757-899x/1154/1/012016,14,diamond
W4392511268,Q1,2024,Andrey Valeryevich Sedelnikov,8,Algorithm for Propeller Optimization Based on Differential Evolution,Computation,article,10.3390/computation12030052,14,gold
W2077836867,Q1,2014,R.K. Ganesh Ram,5,Design Optimization and Analysis of NACA 0012 Airfoil Using Computational Fluid Dynamics and Genetic Algorithm,Applied Mechanics and Materials,article,10.4028/www.scientific.net/amm.664.111,14,hybrid
W2080370633,Q1,2012,Timoleon Kipouros,4,Enhancing and Developing the Practical Optimisation Capabilities and Intelligence of Automatic Design Software,,conference-paper,10.2514/6.2012-1677,14,closed
W4292501483,Q2,2022,Kitae Park,3,Multi-objective Shape Optimization of Airfoils for Mars Exploration Aircraft Propellers,International Journal of Aeronautical and Space Sciences,article,10.1007/s42405-022-00515-x,14,closed
W4394845471,Q1,2024,Hossein Seifi Davari,4,Optimizing the Aerodynamic Efficiency of Different Airfoils by Altering Their Geometry at Low Reynolds Numbers,Arabian Journal for Science and Engineering,article,10.1007/s13369-024-08944-4,14,green
W4402041010,Q6,2024,Jigar Parekh,5,Surrogate based design space exploration and exploitation for an efficient airfoil optimization under uncertainties using transition models,Aerospace Science and Technology,article,10.1016/j.ast.2024.109532,14,hybrid
W2997184271,Q2,2020,Nathan Ricks,4,A CFD-based methodology for aerodynamic-aeroacoustic shape optimization of airfoils,AIAA Scitech 2020 Forum,conference-paper,10.2514/6.2020-1729,13,closed
W3195505684,Q1 Q3,2021,Karthick Dhileep,7,Aerodynamic study of single corrugated variable-camber morphing aerofoil concept,The Aeronautical Journal,article,10.1017/aer.2021.71,13,hybrid
W2800722868,Q1 Q6,2018,Delphine De Tavernier,3,An integral boundary layer engineering model for vortex generators implemented in XFOIL,Wind Energy,article,10.1002/we.2204,13,hybrid
W4396978530,Q1 Q5,2024,Andrea Aprovitola,4,Flows past airfoils for the low-Reynolds number conditions of flying in Martian atmosphere,Acta Astronautica,article,10.1016/j.actaastro.2024.05.021,13,closed
W2624112852,Q2,2017,Javid Karbalaei Mehdi,3,Heat Transfer Improvement in Automotive Brake Disks Via Shape Optimization of Cooling Vanes Using Improved TPSO Algorithm Coupled With Artificial Neural Network,Journal of Thermal Science and Engineering Applications,article,10.1115/1.4036966,13,closed
W2313928111,Q2,2010,Xiaomin Chen,2,Optimization of Flatback Airfoils for Wind Turbine Blades Using a Genetic Algorithm with an Artificial Neural Network,48th AIAA Aerospace Sciences Meeting Including the New Horizons Forum and Aerospace Exposition,conference-paper,10.2514/6.2010-1423,13,closed
W2932061339,Q2,2019,Yong Shao,4,Shape optimization of preform tools in forging of aerofoil using a metamodel-assisted multi-island genetic algorithm,Journal of the Chinese Institute of Engineers,article,10.1080/02533839.2019.1584734,13,closed
W2521992880,Q2,2016,Amir Safari,4,A High-Dimensional Model Representation Guided PSO Methodology With Application on Compressor Airfoil Shape Optimization,,conference-paper,10.1115/gt2016-56741,12,closed
W4408999103,Q2,2025,Bingchen Du,6,Aerodynamic Prediction and Design Optimization Using Multi-Fidelity Deep Neural Network,Aerospace,article,10.3390/aerospace12040292,12,gold
W4407903299,Q1,2025,Pablo Rouco,4,Airfoil Optimization and Analysis Using Global Sensitivity Analysis and Generative Design,Aerospace,article,10.3390/aerospace12030180,12,gold
W2014699511,Q1,2014,Beatriz Méndez,3,Airfoil family design for large offshore wind turbine blades,Journal of Physics Conference Series,conference-paper,10.1088/1742-6596/524/1/012022,12,diamond
W3043301043,Q2,2020,Naohiko BAN,2,Efficient global optimization method via clustering/classification methods and exploration strategy,Optimization and Engineering,article,10.1007/s11081-020-09529-4,12,closed
W2059232041,Q1 Q3,2012,"École de technologie supérieure, Montréal, Québec, H3C 1K3, Canada Ruxandra.Botez@etsmtl.ca",4,New aeroelastic studies for a morphing wing,INCAS BULLETIN,article,10.13111/2066-8201.2012.4.2.2,12,diamond
W4393164383,Q2,2024,Nebojša Lukić,4,Numerical Investigation and Optimization of a Morphing Airfoil Designed for Lower Reynolds Number,Aerospace,article,10.3390/aerospace11040252,12,gold
W2070278190,Q6,2012,D.S. Lee,4,Robust active shock control bump design optimisation using hybrid parallel MOGA,Computers & Fluids,article,10.1016/j.compfluid.2012.03.011,12,green
W2887080891,Q1,2018,Michael S. Miller,3,The development of a flatback wind turbine airfoil family,Wind Energy,article,10.1002/we.2260,12,closed
W1893815871,Q1,2013,Seyedali Mirjalili,4,A comparison of multi-objective optimisation metaheuristics on the 2D airfoil design problem,ANZIAM Journal,article,10.21914/anziamj.v54i0.6154,11,bronze
W4388845330,Q2,2023,Mehran Ansari,6,A new optimization strategy for wet steam effect minimization in steam turbine using combined 2D non-equilibrium wet steam flow and mean-line analysis,International Journal of Heat and Mass Transfer,article,10.1016/j.ijheatmasstransfer.2023.124964,11,closed
W4401154744,Q1,2024,Seyyed Mojtaba Fakhari,2,Aerodynamic shape optimization of NACA airfoils based on a novel unconstrained conjugate gradient algorithm,Journal of Engineering Research,article,10.1016/j.jer.2024.07.020,11,gold
W2571542206,Q1,2016,Valentin Salgado Fuentes,4,Airfoil Selection Methodology for Small Wind Turbines,International Journal of Renewable Energy Research,article,10.20508/ijrer.v6i4.4642.g6930,11,diamond
W3086090625,Q1 Q3,2018,Johannes Achleitner,3,Airfoil optimization with CST-parameterization for (un-)conventional demands,mediaTUM – the media and publications repository of the Technical University Munich (Technical University Munich),article,,11,closed
W2081836664,Q1,2011,Timothy A. Burdett,3,An Examination of the Effect of Reynolds Number on Airfoil Performance,"ASME 2011 5th International Conference on Energy Sustainability, Parts A, B, and C",conference-paper,10.1115/es2011-54720,11,closed
W1964297633,Q1 Q3,2013,Lucian Grogorie,3,Control of Actuation System Based Smart Material Actuators in a Morphing Wing Experimental Model,,conference-paper,10.2514/6.2013-4918,11,closed
W2583336893,Q6,2017,Francesco Grasso,4,Design of advanced airfoil for stall-regulated wind turbines,Wind energy science,article,10.5194/wes-2-403-2017,11,gold
W1867234878,Q2,2010,Manas S. Khurana,2,Development and validation of an efficient direct numerical optimisation approach for aerofoil shape design,The Aeronautical Journal,article,10.1017/s0001924000004097,11,green
W4362456083,Q2,2023,Jichao Li,5,Efficient Data-Driven Off-Design Constraint Modeling for Practical Aerodynamic Shape Optimization,AIAA Journal,article,10.2514/1.j062629,11,closed
W1727004632,Q2,2015,Zorana Posteljnik,5,Multi-objective design optimization strategies for small-scale vertical-axis wind turbines,Structural and Multidisciplinary Optimization,article,10.1007/s00158-015-1329-6,11,closed
W2118223689,Q2,2014,Yilei He,3,Shape Optimization of an Airfoil in Ground Effect for Application to WIG Craft,Journal of Aerodynamics,article,10.1155/2014/931232,11,hybrid
W3115288104,Q2,2020,Ming‐Jyh Chern,4,Vertical-Axis Wind Turbine Blade-Shape Optimization Using a Genetic Algorithm and Direct-Forcing Immersed Boundary Method,Journal of Energy Engineering,article,10.1061/(asce)ey.1943-7897.0000741,11,closed
W4409264619,Q1,2025,Sanan H. Khan,9,Aerodynamic analysis and ANN-based optimization of NACA airfoils for enhanced UAV performance,Scientific Reports,article,10.1038/s41598-025-95848-4,10,gold
W3001206913,Q1,2020,Suprayitno Suprayitno,4,Airfoil aerodynamics optimization under uncertain operating conditions,Journal of Physics Conference Series,conference-paper,10.1088/1742-6596/1446/1/012014,10,diamond
W4387310637,Q1,2023,Manuel Carreño Ruiz,3,Airfoil optimization for rotors operating in the ultra-low Reynolds number regime,Physics of Fluids,article,10.1063/5.0166170,10,green
W2055858411,Q2,2015,Yixiong Liu,3,An airfoil parameterization method for the representation and optimization of wind turbine special airfoil,Journal of Thermal Science,article,10.1007/s11630-015-0761-7,10,closed
W2067453679,Q1,2013,Valerio Lattarulo,3,Application of the multi-objective Alliance Algorithm to a benchmark aerodynamic optimization problem,,conference-paper,10.1109/cec.2013.6557959,10,closed
W2586049382,Q1,2016,Onur Günel,3,COMPARISON OF CFD AND XFOIL AIRFOIL ANALYSES FOR LOW REYNOLDS NUMBER,DergiPark (Istanbul University),article,,10,green
W2331447216,Q1,2014,Daniele Ragni,3,Experimental And Numerical Investigation Of An Optimized Airfoil For Vertical Axis Wind Turbines,,conference-paper,10.2514/6.2014-0171,10,closed
W2003187211,Q2,2012,Raju Mukesh,4,Influence of Search Algorithms on Aerodynamic Design Optimisation of Aircraft Wings,Procedia Engineering,conference-paper,10.1016/j.proeng.2012.06.259,10,diamond
W4395011112,Q1,2024,Marek Belda,2,Interactive Airfoil Optimization Using Parsec Parametrization and Adjoint Method,Applied Sciences,article,10.3390/app14083495,10,gold
W4416441582,Q1 Q2,2025,Rizwan Ullah,4,Multi-objective optimization of parametric airfoil shape using NSGA-II and PSO metaheuristic algorithms,Aerospace Science and Technology,article,10.1016/j.ast.2025.111314,10,closed
W2316857379,Q1,2015,Giovanni Fiore,2,Optimization of Wind Turbine Airfoils Subject to Particle Erosion,33rd AIAA Applied Aerodynamics Conference,conference-paper,10.2514/6.2015-3393,10,closed
W2208269253,Q1,2012,Richard W. Vesel,1,Aero-Structural Optimization of a 5 MW Wind Turbine Rotor,OhioLink ETD Center (Ohio Library and Information Network),article,,9,green
W2883147410,Q1,2018,Changping Liang,2,Aerofoil optimization for improving the power performance of a vertical axis wind turbine using multiple streamtube model and genetic algorithm,Royal Society Open Science,article,10.1098/rsos.180540,9,gold
W3125026393,Q2,2021,Yuki Morita,6,Applying Bayesian optimization with Gaussian process regression to computational fluid dynamics problems,Journal of Computational Physics,article,10.1016/j.jcp.2021.110788,9,hybrid
W4224055824,Q6,2022,Themistoklis Skamagkis,3,CFD-based shape optimization under uncertainties using the Adjoint-assisted Polynomial Chaos Expansion and projected derivatives,Computers & Fluids,article,10.1016/j.compfluid.2022.105458,9,closed
W2603632360,Q1,2016,Emre Koç,3,MINI-SCALED HORIZONTAL AXIS WIND TURBINE ANALYSIS BY QBLADE AND CFD,DergiPark (Istanbul University),article,,9,closed
W159006047,Q2,2014,"Chen, Xiaomin",1,Optimization of Wind Turbine Airfoils/Blades and Wind Farm Layouts,Open Scholarship Institutional Repository (Washington University in St. Louis),article,10.7936/k77m0603,9,green
W2403830309,Q1 Q3,2016,Hongda Li,2,Preliminary airfoil design of an innovative adaptive variable camber compliant wing,Journal of Vibroengineering,article,10.21595/jve.2016.16705,9,gold
W2923375035,Q6,2019,Huan Zhao,2,Uncertainty-based design optimization of NLF airfoil for high altitude long endurance unmanned air vehicles,Engineering Computations,article,10.1108/ec-05-2018-0215,9,closed
W2918188686,Q1,2019,Adrian DINA,4,Using genetic algorithms to optimize airfoils in incompressible regime,INCAS BULLETIN,article,10.13111/2066-8201.2019.11.1.6,9,diamond
W1980679154,Q1,2014,Ekhlas M. Fayyadh,3,A New Multi-Objective Evolutionary Algorithm for Optimizing the Aerodynamic Design of HAWT Rotor,,conference-paper,10.1115/esda2014-20355,8,closed
W2188261019,Q1 Q3,2014,"Ai, Qing",4,Airfoil noise reduction using morphing trailing edge,Bristol Research (University of Bristol),conference-paper,,8,closed
W2171378157,Q2,2012,Raju Mukesh,3,Application of Nontraditional Optimization Techniques for Airfoil Shape Optimization,Modelling and Simulation in Engineering,article,10.1155/2012/636135,8,gold
W4382364894,Q1,2023,Hrithwik Shalu,4,Blade Shape Optimization of Rotors using Neural Networks,,conference-paper,10.4050/f-0079-2023-18006,8,closed
W3011732043,Q6,2020,Oliviu Şugar Gabor,2,Design of Supercritical Low-Reynolds-Number Airfoils for Fixed-Wing Flight on Mars,Journal of Aerospace Engineering,article,10.1061/(asce)as.1943-5525.0001166,8,green
W4223434219,Q6,2022,Yu Liang,4,Effect of Airfoil Dimple on Low-Reynolds-Number Differing Laminar Separation Behavior via Multi-Objective Optimization,Journal of Aircraft,article,10.2514/1.c036558,8,closed
W4205726617,Q1,2022,Jiahuan Lin,5,Equivalent Aerodynamic Design of Blade for Offshore Floating Wind Turbine Model,Journal of Marine Science and Engineering,article,10.3390/jmse10020132,8,gold
W4406832751,Q1 Q3,2025,Siddalingappa Parameshappa Kodigaddi,4,Experimental Investigation on a Trailing Edge Morphing Airfoil (TEMA) with Zigzag Rib Structure at Low Speed,Pertanika journal of science & technology,article,10.47836/pjst.33.1.09,8,hybrid
W2522984918,Q6,2016,Alexandre Minot,5,Improvement of Laminar-Turbulent Transition Modeling Within a Low-Pressure Turbine,,conference-paper,10.1115/gt2016-57637,8,closed
W2092299608,Q2,2014,Raju Mukesh,3,Kriging Methodology for Surrogate-Based Airfoil Shape Optimization,Arabian Journal for Science and Engineering,article,10.1007/s13369-014-1327-9,8,closed
W2035803435,Q2,2013,Mohammad Kouhi,4,Multi-objective aerodynamic shape optimization using MOGA coupled to advanced adaptive mesh refinement,Computers & Fluids,article,10.1016/j.compfluid.2013.08.015,8,green
W3035444848,Q1 Q3,2020,Karthick Dhileep,5,Numerical Study of Camber Morphing in NACA0012 Airfoil,AIAA AVIATION 2020 FORUM,conference-paper,10.2514/6.2020-2781,8,closed
W2948197058,Q2,2019,Yang Luo,5,Parametric Geometric Model and Shape Optimization of Airfoils of a Biomimetic Manta Ray Underwater Vehicle,Journal of Shanghai Jiaotong University (Science),article,10.1007/s12204-019-2076-4,8,green
W4233539656,Q2,2021,Luke D. Allen,4,Rotor Blade Design Framework for Airfoil Shape Optimization with Performance Considerations,AIAA Scitech 2021 Forum,conference-paper,10.2514/6.2021-0068,8,closed
W2575439392,Q1,2016,David Ziemkiewicz,1,Simple analytic equation for airfoil shape description,arXiv (Cornell University),preprint,10.48550/arxiv.1701.00817,8,green
W2324929815,Q6,2015,Yonatan Afework Tesfahunegn,3,Surrogate-Based Airfoil Design with Multi-Level Optimization and Adjoint Sensitivity,53rd AIAA Aerospace Sciences Meeting,conference-paper,10.2514/6.2015-0759,8,closed
W131446594,Q1,2013,John M. Oliver,3,A Self-adaptive Genetic Algorithm Applied to Multi-Objective Optimization of an Airfoil,Advances in intelligent systems and computing,book-chapter,10.1007/978-3-319-01128-8_17,7,closed
W2783839607,Q2,2018,Sameh Darwish,4,Aerodynamic Shape Optimization of Helicopter Rotor Blades in Hover using Genetic Algorithm and Adjoint Method,2018  AIAA Aerospace Sciences Meeting,conference-paper,10.2514/6.2018-0044,7,closed
W3046117130,Q2,2020,Jun Liu,3,An Effective Constraint-Handling Improved Cuckoo Search Algorithm and Its Application in Aerodynamic Shape Optimization,IEEE Access,article,10.1109/access.2020.3012606,7,gold
W4294316459,Q6,2022,Jung-Hun Shin,2,Comparative study on reduced models of unsteady aerodynamics using proper orthogonal decomposition and deep neural network,Journal of Mechanical Science and Technology,article,10.1007/s12206-022-0813-3,7,closed
W4205196246,Q2,2022,Daniel Simanowitsch,5,Comparison of Gradient-Based and Genetic Algorithms for Laminar Airfoil Shape Optimization,AIAA SCITECH 2022 Forum,conference-paper,10.2514/6.2022-0008,7,closed
W2972552783,Q1,2019,Zhe Zhu,2,Design of an RBF Surrogate Model for Low Reynolds Number Airfoil Based on Transfer Learning,,conference-paper,10.1109/ccdc.2019.8832768,7,closed
W3034213642,Q1,2020,Benoît G. Marinus,3,Exploratory Optimizations of Propeller Blades for a High-Altitude Pseudo-Satellite,AIAA AVIATION 2020 FORUM,conference-paper,10.2514/6.2020-2798,7,closed
W1976669889,Q2,2013,D. López,4,Framework for the Shape Optimization of Aerodynamic Profiles Using Genetic Algorithms,Mathematical Problems in Engineering,article,10.1155/2013/275091,7,hybrid
W4250218579,Q6,2013,Florent Duchaine,5,Large-Eddy Simulation and Conjugate Heat Transfer Around a Low-Mach Turbine Blade,,conference-paper,10.1115/gt2013-94257,7,closed
W2120161449,Q1,2011,Richard Jones,3,Minimization of trailing edge noise by parametric airfoil shape modifications,,conference-paper,10.2514/6.2011-2782,7,closed
W2748265036,Q1,2017,Karthik Balasubramanian,3,Novel Curvature-Based Airfoil Parameterization for Wind Turbine Application and Optimization,Volume 9: Oil and Gas Applications; Supercritical CO2 Power Cycles; Wind Energy,conference-paper,10.1115/gt2017-65153,7,closed
W2967354385,Q1,2019,Nikolay Vladimirovich Nikolaev,1,Optimization of Airfoils along High-Aspect-Ratio Wing of Long-Endurance Aircraft in Trimmed Flight,Journal of Aerospace Engineering,article,10.1061/(asce)as.1943-5525.0001086,7,closed
W4388664261,Q2,2023,Zhaolin Chen,4,Optimization of transonic low-Reynolds number airfoil based on genetic algorithm,Proceedings of the Institution of Mechanical Engineers Part G Journal of Aerospace Engineering,article,10.1177/09544100231207558,7,closed
W4388017458,Q6,2023,Varvara G. Asouti,3,Radial Basis Function Surrogates for Uncertainty Quantification and Aerodynamic Shape Optimization under Uncertainties,Fluids,article,10.3390/fluids8110292,7,gold
W2040810273,Q1,2011,Xiong Liu,1,Research on the Aerodynamic Noise Optimization of Wind Turbine Airfoil,Journal of Mechanical Engineering,article,10.3901/jme.2011.14.134,7,closed
W2522872478,Q2,2016,Youjin Kim,3,Strategic Blade Shape Optimization for Aerodynamic Performance Improvement of Wind Turbines,Volume 9: Oil and Gas Applications; Supercritical CO2 Power Cycles; Wind Energy,conference-paper,10.1115/gt2016-56836,7,closed
W4412824904,Q6,2025,Xinxin Zhang,7,Using large language models for parametric shape optimization,Physics of Fluids,article,10.1063/5.0273363,7,closed
W2058610515,Q1,2014,José F. Herbert-Acero,7,A Hybrid Metaheuristic‐Based Approach for the Aerodynamic Optimization of Small Hybrid Wind Turbine Rotors,Mathematical Problems in Engineering,article,10.1155/2014/746319,6,hybrid
W2586927155,Q2,2017,Spyridon G. Kontogiannis,3,A Multi-Objective Multi-Fidelity framework for global optimization,"58th AIAA/ASCE/AHS/ASC Structures, Structural Dynamics, and Materials Conference",conference-paper,10.2514/6.2017-0136,6,closed
W2023087785,Q2,2013,Amir Safari,3,A Novel Combination of Adaptive Tools for Turbomachinery Airfoil Shape Optimization Using a Real-Coded Genetic Algorithm,,conference-paper,10.1115/gt2013-94093,6,closed
W1965313996,Q1,2015,Ali Al‐Abadi,4,A design and optimization method for matching the torque of the wind turbines,Journal of Renewable and Sustainable Energy,article,10.1063/1.4918748,6,closed
W4379877749,Q1,2023,Ananth Sridharan,2,Accelerating Aerodynamic Design of Rotors using a Multi-Fidelity Approach in TORC: Tool for Optimization of Rotorcraft Concepts,,conference-paper,10.2514/6.2023-4305,6,closed
W4401542188,Q2,2024,Chenliang Zhang,5,Aerodynamic shape optimization using a physics-informed hot-start method combined with modified metric-based proper orthogonal decomposition,Physics of Fluids,article,10.1063/5.0224111,6,closed
W2189705348,Q1,2015,Wang Xudong,3,An Integrated Method for Designing Airfoils Shapes,Mathematical Problems in Engineering,article,10.1155/2015/838674,6,hybrid
W4391328577,Q2,2024,Taeho Jeong,3,Automated Hyperparameter Tuning for Airfoil Shape Optimization with Neural Network Models,,conference-paper,10.2514/6.2024-2671,6,closed
W2916085971,Q2,2019,Naohiko BAN,2,Development of efficient global optimization method for discontinuous optimization problems with infeasible regions using classification method,Journal of Advanced Mechanical Design Systems and Manufacturing,article,10.1299/jamdsm.2019jamdsm0017,6,gold
W1926547182,Q2,2013,Mohammad Hassan Djavareshkian,3,New Approach to High-Fidelity Aerodynamic Design Optimization of a Wind Turbine Blade,,article,10.20508/ijrer.57966,6,green
W2897994969,Q6,2018,Ignazio Maria Viola,4,Optimal airfoil’s shapes by high fidelity CFD,Aircraft Engineering and Aerospace Technology,article,10.1108/aeat-09-2017-0210,6,green
W2026110654,Q2,2013,Xiaomin Chen,2,Optimization of flatback airfoils for wind turbine blades,Aircraft Engineering and Aerospace Technology,article,10.1108/aeat-05-2012-0059,6,closed
W2212054365,Q1,2015,Steven Martin,3,Rotor Scaling Methodologies for Small Scale Testing of Floating Wind Turbine Systems,,conference-paper,10.1115/omae2015-41599,6,closed
W2323931203,Q2,2013,Xiaomin Chen,2,Shape Optimization of Airfoils in Transonic Flow Using a Multi-Objective Genetic Algorithm,31st AIAA Applied Aerodynamics Conference,conference-paper,10.2514/6.2013-2907,6,closed
W4388543865,Q1,2023,Zhaohuang Zhang,4,Single-Objective Optimal Design of a High-Performance Wind Turbine Airfoil Family,IEEE Access,article,10.1109/access.2023.3331760,6,gold
W2125853789,Q1,2012,Paul Silisteanu,2,Two-dimensional airfoil shape optimization for airfoils at low speeds,AIAA Modeling and Simulation Technologies Conference,conference-paper,10.2514/6.2012-4790,6,closed
W3047073246,Q6,2020,Jed Hollom,2,Uncertainty analysis and robust shape optimisation for laminar flow aerofoils,The Aeronautical Journal,article,10.1017/aer.2020.63,6,closed
W2947001421,Q2,2019,Yong Shao,6,A Comprehensive Study on Fitness Approximation Techniques in Shape Optimization of Aerofoil Forging Preform Tools,Metals,article,10.3390/met9060617,5,gold
W2531446800,Q2,2015,Morteza Ebrahimi,2,A HIERARCHICAL PARALLEL STRATEGY FOR AERODYNAMIC SHAPE OPTIMIZATION WITH GENETIC ALGORITHM,Scientia Iranica,article,,5,green
W4402687479,Q1 Q3,2024,Muram Abbadi,4,Aerodynamic Performance Optimisation of an Aerofoil With Combined Leading-Edge and Trailing-Edge Morphing Transformations,,conference-paper,10.2514/6.2024-4435,5,green
W1995373560,Q2,2012,Raju Mukesh,3,Aerodynamic optimization using proficient optimization algorithms,,conference-paper,10.1109/iccca.2012.6179183,5,closed
W3158131528,Q2,2017,Alireza Jahangirian,2,Airfoil Shape Optimization with Adaptive Mutation Genetic Algorithm,Jour of Aerospace Science and Technology,article,,5,green
W4238439315,Q1 Q2,2016,Maurizio Boffadossi,2,Analysis on Aerodynamic Characteristics of a Paraglider Airfoil,Aerotecnica Missili & Spazio,article,10.1007/bf03404729,5,closed
W4403305302,Q2,2024,Jiyoung Jung,2,Data-driven airfoil shape optimization framework for enhanced flutter performance,Physics of Fluids,article,10.1063/5.0232055,5,green
W2317807285,Q2,2012,Mohammad Azab,2,High Order Aerodynamic Optimization Using New Hybrid Sequential Quadratic Programing-Particle Swarm Intelligence Technique,50th AIAA Aerospace Sciences Meeting including the New Horizons Forum and Aerospace Exposition,conference-paper,10.2514/6.2012-730,5,closed
W4254023527,Q6,2020,Andreas Lerch,4,Impact of a Combustor–Turbine Interface on Turbine Vane Aerodynamics and Film Cooling,Journal of Turbomachinery,article,10.1115/1.4047398,5,closed
W4283749458,Q1,2022,Jan Muller,1,Improving Initial Aerofoil Geometry Using Aerofoil Particle Swarm Optimisation,MENDEL,article,10.13164/mendel.2022.1.063,5,gold
W4402685692,Q1,2024,Richard C. Healy,3,"Multi-Fidelity Training Data Generation for the Development of DeepAirfoil, an Airfoil Design and Analysis Tool",,conference-paper,10.2514/6.2024-4140,5,closed
W3207843822,Q1,2021,Manoj Kumar Chaudhary,2,New airfoils for microhorizontal-axis wind turbines,Journal of Engineering Research,article,10.36909/jer.10949,5,gold
W752570693,Q2,2010,Marzena Banaszek,2,ROTOR BLADE GEOMETRY OPTIMIZATION IN KAPLAN TURBINE,DOAJ (DOAJ: Directory of Open Access Journals),article,,5,green
W4402686213,Q1,2024,Tom Bamford,3,SDF-GAN: Aerofoil Shape Parameterisation via an Adversarial Auto-Encoder,,conference-paper,10.2514/6.2024-3665,5,closed
W2319404831,Q2,2014,Yilei He,2,Shape Optimization of NREL S809 Airfoil for Wind Turbine Blades Using a Multi-Objective Genetic Algorithm,32nd AIAA Applied Aerodynamics Conference,conference-paper,10.2514/6.2014-2845,5,closed
W1895580582,Q6,2011,D.S. Lee,6,Shock Control Bump Design Optimization on Natural Laminar Aerofoil,,book-chapter,10.1007/978-3-642-17884-9_31,5,green
W2754557820,Q6,2017,Yan Eric Wang,2,Special Issue on Uncertainty Quantification in Multiscale System Design and Simulation,ASCE-ASME Journal of Risk and Uncertainty in Engineering Systems Part B Mechanical Engineering,editorial,10.1115/1.4037447,5,green
W4413790713,Q6,2025,Yiyu Wang,7,A Robust Aerodynamic Design Optimization Methodology for UAV Airfoils Based on Stochastic Surrogate Model and PPO-Clip Algorithm,Drones,article,10.3390/drones9090607,4,gold
W2522464124,Q6,2016,Daniel R. Cadel,1,Advanced Instrumentation and Measurements Techniques for Near Surface Flows,VTechWorks (Virginia Tech),dissertation,,4,closed
W4312816262,Q1 Q2,2022,Jiaqing Kou,7,Aeroacoustic Airfoil Shape Optimization Enhanced by Autoencoders,SSRN Electronic Journal,preprint,10.2139/ssrn.4236021,4,green
W2033233879,Q1,2012,Liu Wufa,4,Airfoil Optimization Design by Panel Methods for Small Size Aerial Vehicle at Low Reynolds Number,Proceedings of the 1st International Conference on Mechanical Engineering and Material Science,conference-paper,10.2991/mems.2012.87,4,hybrid
W2027252875,Q1,2013,Abel Mata Zetina,3,Airfoil aerodynamic optimization for a high-altitude long-endurance aircraft using multi-objective genetic-algorithms,,conference-paper,10.1109/cec.2013.6557845,4,closed
W2763761854,Q2,2017,Narjes Timnak,3,An Optimum Neural Network for Evolutionary Aerodynamic Shape Design,Scientia Iranica,article,10.24200/sci.2017.4308,4,diamond
W4413984378,Q1,2025,Ze Yuan Lu,5,An integrated framework for multi-objective airfoil aerodynamic and aeroacoustic performance optimization combining a fast airfoil performance solver,Physics of Fluids,article,10.1063/5.0283622,4,closed
W4382364912,Q2,2023,Luke D. Allen,4,Assessment of Objective Functions for Rotor Performance in Multi-Objective Rotor Blade Optimization,,conference-paper,10.4050/f-0079-2023-18004,4,closed
W2489719043,Q1 Q2,2016,Erkan Orman,2,Comparison of shape optimization techniques coupled with genetic algorithm for a wind turbine airfoil,,conference-paper,10.1109/aero.2016.7500867,4,closed
W4407039002,Q1,2025,Udhayakumar Karthikeyan,2,Enhancing the efficiency of wind energy conversion systems using Novel airfoil based small scale wind turbine,Matéria (Rio de Janeiro),article,10.1590/1517-7076-rmat-2024-0827,4,diamond
W3148133595,Q1,2021,Manoj Kumar Chaudhary,2,Experimental investigations and aerodynamic shape optimization of small horizontal-axis wind turbine blades,Transactions of the Canadian Society for Mechanical Engineering,article,10.1139/tcsme-2020-0122,4,green
W4387499605,Q1,2023,Arizal Akbar Zikri,4,Geometry Representation Effectiveness in Improving Airfoil Aerodynamic Coefficient Prediction with Convolutional Neural Network,JOIV International Journal on Informatics Visualization,article,10.30630/joiv.7.3.1577,4,diamond
W2371552972,Q1,2011,Mingwei Xu,1,Optimal design on airfoil of vertical axis wind turbine based on complex optimum method,Renewable Energy Resources,article,,4,closed
W2511285034,Q1,2016,Changping Liang,6,Optimization on Airfoil of Vertical Axis Wind Turbine Based on CST Parameterization and NSGA-II Aigorithm,Preprints.org,preprint,10.20944/preprints201608.0136.v1,4,green
W4410972173,Q2,2025,Andrea Aprovitola,4,Optimization procedure for wings flying in the Martian atmosphere,Acta Astronautica,article,10.1016/j.actaastro.2025.05.023,4,closed
W1589264197,Q1,2011,Mikis Tsagarakis,1,Project Solaris - Analysis of airfoil for solar powered flying wing UAV,KTH Publication Database DiVA (KTH Royal Institute of Technology),dissertation,,4,green
W4379797258,Q1,2023,Manuel Carreño Ruiz,2,ROT8: A Matlab App for Low Reynolds number Airfoil and Rotor Aerodynamic Design,,conference-paper,10.2514/6.2023-3379,4,closed
W2065514871,Q2,2013,Ali Reza Davari,3,Shape Optimization of Wind Turbine Airfoils by Genetic Algorithm,International Journal of Engineering and Technology,article,10.7763/ijet.2013.v5.543,4,closed
W2803237814,Q1,2018,Tingrui Liu,2,Vibration Control of Wind Turbine Blade Based on Data Fitting and Pole Placement with Minimum‐Order Observer,Shock and Vibration,article,10.1155/2018/5737359,4,gold
W4402687456,Q1,2024,Ananth Sridharan,1,A Comparative Evaluation of Select Shape Parameterization Approaches for Airfoil Optimization Using Neural Networks,,conference-paper,10.2514/6.2024-4664,3,closed
W1986895107,Q1 Q5,2013,Ravon Venters,2,A Numerical Investigation of High Lift Coefficient Airfoils Near Regions of Stall,,conference-paper,10.1115/fedsm2013-16157,3,closed
W2330344156,Q1,2012,Timothy A. Burdett,3,A Numerical Study on Improving Airfoil Performance at Low Reynolds Numbers for Small-Scale Wind Turbines using Intentional Roughness,50th AIAA Aerospace Sciences Meeting including the New Horizons Forum and Aerospace Exposition,conference-paper,10.2514/6.2012-136,3,closed
W4317632928,Q1 Q3,2023,Simon Longtin Martel,4,A Pareto Multi-Objective Optimization of a Camber Morphing Airfoil using Non-Dominated Sorting Genetic Algorithm,AIAA SCITECH 2023 Forum,conference-paper,10.2514/6.2023-1583,3,closed
W7116047557,Q6,2025,Chengyuan Wu,3,A framework for physical dominant dynamic mode decomposition mode selection of unsteady flows with rank stability,Physics of Fluids,article,10.1063/5.0295829,3,closed
W4414796347,Q6,2025,Wenbo Cao,5,A surrogate model based on parametric neural network solvers for laminar flows around aerofoils,Engineering Applications of Computational Fluid Mechanics,article,10.1080/19942060.2025.2559110,3,gold
W4411869642,Q1,2025,Wang Kaiyi,7,Accelerated optimization of Mars multi-rotor aircraft blade airfoil based on Xfoil-Fluent: Methods and experiments,International Journal of Engineering Science,article,10.1016/j.ijengsci.2025.104332,3,closed
W4302010439,Q1 Q2,2022,Jiaqing Kou,7,Aeroacoustic airfoil shape optimization enhanced by autoencoders,Hispana,article,10.48550/arxiv.2210.00101,3,green
W3025605394,Q6,2020,Tang Xinzi,4,Aerodynamic Characteristics and Robust Optimization of Small Wind Turbine Airfoil under Turbulence Condition,Journal of Mechanical Engineering,article,10.3901/jme.2020.02.192,3,diamond
W2766267880,Q1 Q5,2017,Thomas H. Hansen,1,Aerodynamic Optimisation of Airfoils and Winglets for Wind Turbine Application,BIBSYS Brage (BIBSYS (Norway)),dissertation,,3,green
W2380362972,Q2,2014,Chen Son,1,Aerodynamic Optimization Design of Airfoil Using DFFD Technique,Acta Aeronautica Et Astronautica Sinica,article,,3,closed
W4390459841,Q1,2023,María Elena Tejeda-del-Cueto,6,Airfoil Lift Coefficient Optimization Using Genetic Algorithm and IGP Parameterization: Volume 1,Aerospace,article,10.3390/aerospace11010044,3,gold
W2478507878,Q1,2016,Avinash Kini Mattar,3,"Airfoil selection, optimization and analysis for a solar-powered unmanned aerial vehicles",,conference-paper,10.1109/aero.2016.7500912,3,closed
W2783552029,Q1,2017,Alan T. Mushynski,2,Analysis and Design of a Low Reynolds Propeller for Optimal Unmanned Aerial Vehicle (UAV) Flight,,conference-paper,10.1115/imece2017-71164,3,closed
W2948233739,Q2,2019,Rabii El Maani,3,CFD Analysis and Shape Optimization of NACA0012 Airfoil for Different Mach Numbers,,conference-paper,10.1109/icoa.2019.8727653,3,closed
W3096380820,Q2,2020,Cody Wright,2,Design Optimization of a Piezocomposite Morphing Multi-Element Airfoil,,conference-paper,10.1115/smasis2020-2210,3,closed
W2976239575,Q1 Q5,2019,John Webster,1,Design and Analysis of Low Reynolds Number Marine Propellers with Computational Fluid Dynamics (CFD) Transition Modeling,VTechWorks (Virginia Tech),dissertation,,3,closed
W2622534121,Q1,2013,Jinwei Shen,5,Design and Optimization of an Airfoil with Active Continuous Trailing-Edge Flap,,conference-paper,10.4050/vfs-f69-0149,3,closed
W2433017098,Q1,2016,Jinwei Shen,5,Design and optimisation of an aerofoil with active continuous trailing-edge flap,The Aeronautical Journal,article,10.1017/aer.2016.62,3,closed
W2902321432,Q1,2018,Jia Liu,3,Design of Wind Turbine Blade for Solar Chimney Power Plant,Journal of Shanghai Jiaotong University (Science),article,10.1007/s12204-018-2003-0,3,closed
W4412674591,Q1,2025,Moritz Burmester,3,"Designing High‐Performance, Manufacturing‐Friendly Rotor Blades for Micro Wind Turbines via Cambered Plate Airfoil Optimization",Wind Energy,article,10.1002/we.70046,3,gold
W3200821800,Q6,2021,Anastasios K. Papageorgiou,3,Development and assessment of an intrusive polynomial chaos expansion‐based continuous adjoint method for shape optimization under uncertainties,International Journal for Numerical Methods in Fluids,article,10.1002/fld.5047,3,closed
W2792564685,Q1,2017,Sinan Körpe,2,Düz Uçuş için Kanat Profili Eniyilemesi,Journal of Aviation,article,10.30518/jav.346425,3,hybrid
W3205213579,Q1,2021,Manoj Kumar Chaudhary,2,Experimental investigations of winglet effects on blade geometry of small horizontal axis wind turbine rotors,Journal of Engineering Research,article,10.36909/jer.10767,3,gold
W4392139470,Q1,2024,Zhigang Wang,5,Integral Airfoil Generation of Multi-rotor Aircraft Based on Optimization of Upper Wing Contour and CFD Simulation,Journal of Applied Fluid Mechanics,article,10.47176/jafm.17.05.2169,3,diamond
W2332929500,Q6,2010,Richard McRoberts,4,Investigation of Utilizing Single Surface Depressions in Optimization of NLF Aerofoil Design,28th AIAA Applied Aerodynamics Conference,conference-paper,10.2514/6.2010-4679,3,closed
W2022523262,Q2,2012,Xiaomin Chen,2,Optimization of Flatback Airfoils for Wind Turbine Blades Using a Multi-Objective Genetic Algorithm,,conference-paper,10.1115/es2012-91004,3,closed
W3112186913,Q1,2020,Manoj Kumar Chaudhary,2,Optimizations of small horizontal-axis wind turbine rotors at low Reynolds number,AIP conference proceedings,conference-paper,10.1063/5.0034319,3,closed
W4409359201,Q1,2025,Shamma Saeed,6,Optimizing NACA airfoils for sustainable medical delivery UAVs: Aerodynamic analysis,Progress in Engineering Science,article,10.1016/j.pes.2025.100067,3,closed
W4417122968,Q2,2025,Muhammad Ihsan Masykur,2,Orca hydrofoil shape optimization using Bezier curve and artificial neural network – multiple objective genetic algorithm for low flow velocity,Journal of King Saud University - Engineering Sciences,article,10.1007/s44444-025-00069-9,3,diamond
W2781857927,Q6,2018,Jed Hollom,2,Quantification and Multi-point Optimization of Natural Laminar Flow Airfoil Robustness to Transition Amplification Factor,"2018 AIAA/ASCE/AHS/ASC Structures, Structural Dynamics, and Materials Conference",conference-paper,10.2514/6.2018-1161,3,closed
W4414339178,Q1,2025,Abdurrahman Tekin,3,Rapid Lift-to-Drag Ratio Prediction for NACA Four-Digit Airfoils Using a Deep Neural Network,Journal of Aerospace Engineering,article,10.1061/jaeeez.aseng-6258,3,closed
W2617791188,Q1,2016,Xiao Liang,4,Rapid design and optimization of airfoil based on improved genetic algorithm,,article,10.7638/kqdlxxb-2015.0050,3,closed
W4327851968,Q1,2021,Jan Muller,1,Reducing Fuel Consumption by Aerofoil Optimization,Juniper Online Journal Material Science,article,10.19080/jojms.2021.06.555692,3,diamond
W4294344042,Q1 Q6,2022,Shunshun Wang,2,Robust Optimization of Natural Laminar Flow Airfoil Based on Random Surface Contamination,Applied Sciences,article,10.3390/app12178757,3,gold
W1491147916,Q6,2012,D.S. Lee,4,Robust aerodynamic design optimisation of morphing aerofoil/wing using distributed moga,RECERCAT (Consorci de Serveis Universitaris de Catalunya),conference-paper,,3,green
W2621334538,Q6,2017,Jed Hollom,2,Robustness of Natural Laminar Flow Airfoil Drag Optimization to Transition Amplification Factor,,conference-paper,10.2514/6.2017-3144,3,closed
W2328223432,Q6,2010,Fei Li,6,Roughness Based Crossflow Transition Control for a Swept Wing Airfoil Design,28th AIAA Applied Aerodynamics Conference,conference-paper,10.2514/6.2010-4380,3,closed
W883855553,Q2,2016,Yi Tian,2,Shape Optimization of Busemann-Type Biplane Airfoil for Drag Reduction Under Non-Lifting and Lifting Conditions Using Genetic Algorithms,InTech eBooks,book-chapter,10.5772/62811,3,hybrid
W3088269319,Q1 Q2,2020,Karim S. Abdelwahed,2,Shape optimization of SG6043 airfoil for small wind turbine blades,Journal of Physics Conference Series,conference-paper,10.1088/1742-6596/1618/4/042007,3,diamond
W4293117541,Q2,2022,Sourabh Shende,4,Systematic cost analysis of gradient- and anisotropy-enhanced Bayesian design optimization,Structural and Multidisciplinary Optimization,article,10.1007/s00158-022-03324-8,3,closed
W4409229923,Q1,2025,Hossein Seifi Davari,3,The SG6043 airfoil optimization for low Reynolds number applications in wind turbines,Mechanical Engineering Advances,article,10.59400/mea2486,3,diamond
W2526374889,Q1,2016,Arturo Muñoz,3,Thick airfoil designs for the root of the 10MW INNWIND.EU wind turbine,Journal of Physics Conference Series,conference-paper,10.1088/1742-6596/753/2/022046,3,diamond
W4413286439,Q2,2025,David Ramos,4,Transfer learning-enhanced deep reinforcement learning for aerodynamic airfoil optimization subject to structural constraints,Physics of Fluids,article,10.1063/5.0274045,3,green
W3091961626,Q1,2020,N. Mathioudakis,4,A Genetic Algorithm based Method for the Airfoil Optimization of a Tactical Blended-Wing-Body UAV,,conference-paper,10.1109/icuas48674.2020.9213942,2,closed
W2320670581,Q6,2011,Richard McRoberts,4,A Heuristic Approach to Dynamic Design Space Definition for NLF Aerofoil Optimisation,29th AIAA Applied Aerodynamics Conference,conference-paper,10.2514/6.2011-3000,2,closed
W3034823447,Q1,2020,Pranshu Pant,3,A Novel Framework for Multi-Objective Optimization of Airfoils Using Invasive Weed Optimization,AIAA AVIATION 2020 FORUM,conference-paper,10.2514/6.2020-3118,2,closed
W2057184019,Q6,2011,DongSeop Lee,5,Adaptive Wing/Aerofoil Design Optimisation Using MOEA Coupled to Uncertainty Design Method,49th AIAA Aerospace Sciences Meeting including the New Horizons Forum and Aerospace Exposition,conference-paper,10.2514/6.2011-1132,2,green
W4387060459,Q1,2023,Kayode Lukman OLADEJO,3,Aerodynamic Performance Analysis of an Optimized Aerofoil for Unmanned Aerial Vehicles,Research Square,preprint,10.21203/rs.3.rs-3361965/v1,2,green
W2087442816,Q2,2012,Amir Nejat,3,Aerodynamic Shape Optimization Using Improved Territorial Particle Swarm Algorithm,,conference-paper,10.1115/imece2012-88828,2,closed
W2787291223,Q1,2018,Youjin Kim,3,Airfoil Boundary Layer Optimization Toward Aerodynamic Efficiency of Wind Turbines,InTech eBooks,book-chapter,10.5772/intechopen.70895,2,hybrid
W4402686200,Q6,2024,Fizaa Husain,3,Application of Aerodynamic Shape Optimization to Swept Natural Laminar Flow Wings,,conference-paper,10.2514/6.2024-3507,2,closed
W7164174386,Q1,2023,Bharath Govindarajan,4,Blade Shape Optimization of Rotors using Neural Networks,,conference-paper,10.4050/f-0079-2023-1277,2,closed
W4412486703,Q6,2025,Ilaria Savoldi,4,Characterization of UAV Icing for Different Operating Conditions,,conference-paper,10.2514/6.2025-3238,2,closed
W1589246022,Q1 Q2,2011,Jason S. Bank,1,Comparing optimization under uncertainty and multi-point optimization for airfoil shape design,Purdue e-Pubs (Purdue University System),dissertation,,2,closed
W1975881446,Q2,2011,Junpeng Li,2,Data fusion of multi-fidelity model and its application in low speed reflexed airfoil shape optimization,,conference-paper,10.1109/aimsec.2011.6011317,2,closed
W3033872641,Q1,2019,Krishneel A. Singh,2,Design and Optimisation of a 20kW Horizontal Axis Wind Turbine using HARP_Opt,2019 9th International Conference on Power and Energy Systems (ICPES),conference-paper,10.1109/icpes47639.2019.9105431,2,closed
W3126871912,Q1,2010,H.J.B. van de Wal,1,Design of a Wing with Boundary Layer Suction: Redesigning the Wing of the Eaglet,Research Repository (Delft University of Technology),dissertation,,2,green
W2527664744,Q1 Q6,2016,Francesco Grasso,4,Design of advanced airfoil for stall-regulated wind turbines,Journal of Physics Conference Series,conference-paper,10.1088/1742-6596/753/2/022008,2,diamond
W1962516782,Q1 Q3,2010,Andrei Vladimir Popov,1,Design of an active controller for delaying the transition from laminar flow to turbulent flow over a morphing wing in wind tunnel,Espace ÉTS (ETS),dissertation,,2,closed
W4402687508,Q2,2024,André L. Marchildon,2,Gradient-Enhanced Bayesian Optimization With Application to Aerodynamic Shape Optimization,,conference-paper,10.2514/6.2024-4405,2,closed
W2020785232,Q2,2012,Raju Mukesh,3,Influence of Optimization Algorithm on Airfoil Shape Optimization of Aircraft Wings,Applied Mechanics and Materials,article,10.4028/www.scientific.net/amm.232.614,2,hybrid
W2315148025,Q2,2012,Raju Mukesh,4,Influence of Search Algorithms on Aerodynamic Design Optimization of Aircraft Wings,International Journal of Soft Computing,article,10.3923/ijscomp.2012.79.84,2,bronze
W3045850802,Q1,2013,Weijun Zhu,2,Integrated airfoil and blade design method for large wind turbines,RePEc: Research Papers in Economics,article,,2,closed
W4415289243,Q1 Q6,2025,Peter D. Sharpe,2,NeuralFoil: An Airfoil Aerodynamics Analysis Tool Using Physics-Informed Machine Learning,arXiv (Cornell University),preprint,10.48550/arxiv.2503.16323,2,green
W2587443300,Q1 Q3 Q6,2016,Andreea Koreanschi,1,Numerical and experimental validation of the optimization methodologies for a wing-tip structure equipped with conventional and morphing ailerons,Espace ÉTS (ETS),dissertation,,2,green
W2967596115,Q6,2019,Michael Jed Hollom,1,Optimisation of natural laminar flow aerofoils and wings for robustness to critical transition amplification factor,"White Rose eTheses Online (University of Leeds, The University of Sheffield, University of York)",dissertation,,2,green
W4396723558,Q2,2024,Muhammad Ihsan Masykur,2,Orca hydrofoil shape optimization using Bezier curve and artificial neural network – Multiple objective genetic algorithm for low flow velocity,Journal of King Saud University - Engineering Sciences,article,10.1016/j.jksues.2024.05.002,2,hybrid
W2249004029,Q1,2014,Marco Caboni,3,Robust Aerodynamic Design Optimization of Horizontal Axis Wind Turbine Rotors,Computational methods in applied sciences,book-chapter,10.1007/978-3-319-11541-2_14,2,closed
W2263114830,Q2,2014,F. Fusi,4,Robust Optimization of a Helicopter Rotor Airfoil Using Multi-fidelity Approach,Computational methods in applied sciences,book-chapter,10.1007/978-3-319-11541-2_25,2,closed
W2810574802,Q6,2011,Dong Seop Lee,4,Robust active shock control bump design optimisation using parallel hybrid-MOGA,UPCommons institutional repository (Universitat Politècnica de Catalunya),conference-paper,,2,green
W156571664,Q2,2014,Yilei He,1,Shape Optimization of Airfoils Without and With Ground Effect Using a Multi-Objective Genetic Algorithm,Open Scholarship Institutional Repository (Washington University in St. Louis),article,10.7936/k78c9t6j,2,green
W7117539326,Q1,2025,Yunus Çelik,1,Task-Specific Airfoil Design for Fixed-Wing UAVs in High-Climb Reconnaissance Missions: A CST and XFOIL-Based Approach,Türk doğa ve fen dergisi :/Türk doğa ve fen dergisi,article,10.46810/tdfd.1762609,2,hybrid
W2588894796,Q2,2017,Ling Rao,2,The Technique of the Immersed Boundary Method: Application to Solving Shape Optimization Problem,Journal of Applied Mathematics and Physics,article,10.4236/jamp.2017.52030,2,diamond
W3005670965,Q6,2019,Andrew S. Thelen,1,Transonic flutter prediction strategies using multifidelity metamodeling of intermediate frequency-domain quantities,Iowa State University Digital Repository (Iowa State University),article,,2,closed
W4400129633,Q1,2024,Abhratej Sahoo,5,Validation of an engineering model for vortex generators in a viscous-inviscid interaction method for airfoil analysis,Journal of Physics Conference Series,conference-paper,10.1088/1742-6596/2647/11/112012,2,diamond
W614405786,Q2,2013,Mohammad Kouhi Esfahani,1,A CONTRIBUTION TO THE FINITE ELEMENT ANALYSIS OF HIGH-SPEED COMPRESSIBLE FLOWS AND AERODYNAMIC SHAPE OPTIMIZATION,,book,,1,closed
W4389244271,Q1 Q2,2023,Wonhee Lee,2,A Deep Learning Approach to Optimize Airfoil Shape for Reduced Trailing Edge Noise in Urban Air Mobility Rotors,NOISE-CON proceedings,conference-paper,10.3397/in_2023_0538,1,closed
W7127497705,Q1,2026,Priyesh Joisar,2,"A Multidisciplinary Design, Analysis, and Optimization (MDAO) Framework for Conceptual UAV Design",,conference-paper,10.2514/6.2026-2081,1,closed
W4387500054,Q2,2013,Mohammad Kouhi Esfahani,1,A contribution to the finite element analysis of high-speed compressible flows and aerodynamics shape optimization,,dissertation,10.5821/dissertation-2117-95130,1,gold
W2525915438,Q2,2016,Giovanni Fiore,1,A method to estimate wind turbine blade damage and to design damage resilient blades,Illinois Digital Environment for Access to Learning and Scholarship (University of Illinois at Urbana-Champaign),dissertation,,1,green
W2329928436,Q2,2015,Carole El Ayoubi,3,Aero-Thermal Shape Optimization for the Discrete Film Cooling of a Turbine Airfoil,,conference-paper,10.1115/imece2015-51871,1,closed
W3043719037,Q6,2020,Jing Li,3,Aerodynamic Design Optimization of Transonic Natural-Laminar-Flow Airfoil at Low Reynolds Number,Mathematical Problems in Engineering,article,10.1155/2020/5812129,1,hybrid
W4409214137,Q1,2025,Hrithwik Shalu,4,Aerodynamic Design of Prop-Rotor Blades Using Neural Networks,Journal of Aircraft,article,10.2514/1.c038154,1,closed
W4380882797,Q1,2023,Sushil Nepal,5,Aerodynamic Simulation and Optimization of Micro Aerial Vehicle Rotor Airfoil at Low Reynolds Number,Asian Review of Mechanical Engineering,article,10.51983/arme-2023.12.1.3670,1,diamond
W4309759291,Q1,2022,Kaijun Wei,5,Aerodynamic optimization of a propeller airfoil at low Reynolds numbers,Journal of Physics Conference Series,conference-paper,10.1088/1742-6596/2369/1/012006,1,diamond
W193845259,Q2,2010,Mohammad Kouhi,4,Aerodynamic shape optimization using adaptive remeshing,RECERCAT (Consorci de Serveis Universitaris de Catalunya),conference-paper,,1,green
W4394506542,Q1,2017,Ahmad Abdulkarim Alsahlan,2,Aerofoil Design for Unmanned High-Altitude Aft-Swept Flying Wings,LA Referencia (Red Federada de Repositorios Institucionales de Publicaciones Científicas),article,10.6084/m9.figshare.5670967,1,green
W2045265283,Q1,2015,Dushhyanth Rajaram,3,Airfoil Topology Optimization using Teaching-Learning based Optimization,International Journal of Applied Metaheuristic Computing,article,10.4018/ijamc.2015010102,1,closed
W2385557887,Q2,2012,Guo Xiao-feng,1,Airfoil design using improved particle swarm optimization,Journal of Chongqing University. English Edition,article,,1,closed
W3198373669,Q1,2021,Canales Rojas,4,Airfoil optimization for small horizontal axis wind turbine,Renewable Energy and Power Quality Journal,article,10.24084/repqj19.330,1,bronze
W4379879395,Q1,2023,Marius L. Ruh,4,Airfoil shape parameterization using reconstruction-error-minimizing generative adversarial networks,,conference-paper,10.2514/6.2023-3722,1,closed
W4403546295,Q1,2024,Chunxiang Wang,3,Analysis of aerodynamic characteristics of drone wing based on CFD,Vibroengineering PROCEDIA,article,10.21595/vp.2024.24392,1,diamond
W2604610033,Q1 Q2,2016,Maurizio Boffadossi,2,Analysis on aerodynamic characteristics of a paraglider airfoil,Virtual Community of Pathological Anatomy (University of Castilla La Mancha),article,10.19249/ams.v95i4.286,1,closed
W7125509753,Q1,2026,Jordon Won,2,Application of airfoil parameterization methods to broadband noise reduction in rotors,International Journal of Aeroacoustics,article,10.1177/1475472x261419075,1,hybrid
W4412695896,Q1,2025,Shivendra Singh,2,Application of non-dominated sorting genetic algorithm II for airfoil performance optimization at low Reynolds numbers,The European Physical Journal Special Topics,article,10.1140/epjs/s11734-025-01814-6,1,closed
W4390607116,Q1,2024,Lorenzo Stabeli Diehl,2,Assessment of the effectiveness of stall delay and tip loss corrections for the simulation of small propeller performance with Virtual Blade Model,European Journal of Mechanics - B/Fluids,article,10.1016/j.euromechflu.2023.12.013,1,closed
W2761756863,Q2,2017,Jason D Stanko,1,Automated Design and Evaluation of Airfoils for Rotorcraft Applications,,article,,1,closed
W4393395380,Q1,2023,Dinku Seyoum Zeleke,4,Cessna 172 G1000 Aircraft Airfoil Optimization Using Particle Swarm Optimization Method Applying a Direct Airfoil Design Approach to Obtain the Maximum Lift-to-Drag Ratio,Russian Aeronautics,article,10.3103/s1068799823040190,1,closed
W4415686075,Q6,2025,Karthik Kumar Rajendran,1,Conceptual Design and Aerodynamic Analysis of Medium Altitude Long Endurance VTOL Fixed wing UAV,Acceleron Aerospace Journal,article,10.61359/11.2106-2557,1,diamond
W4381612063,Q2,2023,Lidia Caros Roca,1,DNS-based optimisation of airfoils for Martian helicopters using PyFR,,other,10.52843/cassyni.6r5ry1,1,closed
W4402686085,Q1 Q6,2024,Carlos Anthony D. Natividad,2,Design Exploration of Airfoils at Moderate Reynolds Number Using Multi-Fidelity Optimization,,conference-paper,10.2514/6.2024-3506,1,closed
W1207358214,Q1,2015,Nando v. Arnhem,1,Design and Analysis of an Installed Pusher Propeller with Boundary Layer Inflow,,article,,1,closed
W7133530129,Q1,2025,Chamath Padmaperuma,5,Design and Optimization of Small-Scale Wind Turbine Rotor Integrating Aerodynamic and Structural Considerations,,conference-paper,10.1109/etfg61999.2025.11401936,1,closed
W4409828117,Q6,2025,Adrián García-Gutiérrez,5,Design and Performance of Micro Wind Turbine Airfoils Under Uncertainty,Lecture notes in electrical engineering,conference-paper,10.1007/978-981-96-4710-1_64,1,green
W2997071458,Q1,2020,Grant Dunbar,2,Design of Flush Air Data Systems Insensitive to Manufacturing Variance,AIAA Scitech 2020 Forum,conference-paper,10.2514/6.2020-1977,1,closed
W4414524112,Q1,2025,Sina Rangriz,2,Design of Optimal Airfoils for Crosswind Kite Power Systems,AIAA Journal,article,10.2514/1.j065382,1,closed
W2043149870,Q1,2012,Jai Nendran Goundar,3,Design of a Horizontal Axis Wind Turbine for Fiji,,conference-paper,10.1115/imece2012-88572,1,closed
W4241120937,Q1 Q6,2017,Francesco Grasso,4,Design of advanced airfoil for stall-regulated wind turbines,,preprint,10.5194/wes-2017-5,1,gold
W2587267810,Q1 Q3,2016,Tchatchueng Kammegne,2,"Design, development and tests in real time of control methodologies for a morphing wing in wind tunnel",,article,,1,closed
W3205076375,Q1,2021,Moutaz Elgammi,3,Development of a new aerofoil profile with a high lift-to-drag ratio for wind turbines using a low fidelity accurate optimization flow solver,Energy Harvesting and Systems,article,10.1515/ehs-2021-0009,1,closed
W4283214235,Q1 Q3,2022,Micajah Schweikert,3,Development of an Optimization Framework for a Circulation Control Morphing Wing,AIAA AVIATION 2022 Forum,conference-paper,10.2514/6.2022-3355,1,closed
W2776261537,Q6,2011,Chuanliang. Guo,1,Effects of turbulence modelling on the analysis and optimisation of high-lift configurations,CERES (Cranfield University),dissertation,,1,green
W4402686951,Q2,2024,Abhijnan Dikshit,2,Efficient Design of Transonic Airfoils Using Non-Intrusive Reduced Order Models and Composite Bayesian Optimization,,conference-paper,10.2514/6.2024-3666,1,closed
W4405538163,Q1,2024,Odenir de Almeida,2,Experimental Aerodynamics of a NACA 4424 Airfoil at Low Reynolds Number Flow,Semina Ciências Exatas e Tecnológicas,article,10.5433/1679-0375.2024.v45.51520,1,diamond
W2602962906,Q6,2016,Yang Liu,1,Experimental Investigations on Transient Surface Water Transport and Ice Accreting Processes Pertinent to Aircraft Icing Phenomena,,dissertation,10.31274/etd-180810-5376,1,closed
W4402686732,Q6,2024,Carlos Sebastia,4,Experimental and Numerical Analysis of Aerodynamic Flap Hinge Moment Under Unsteady Flow Conditions on a NLF Airfoil,,conference-paper,10.2514/6.2024-3997,1,closed
W7125896956,Q6,2026,Spencer L. Stahl,3,Feedforward and Model-Predictive Extensions to Feedback Control for Dynamic Force Objectives on an Airfoil,,conference-paper,10.2514/6.2026-0725,1,closed
W4403755285,Q1,2024,Thomas Wagenaar,3,Generative Aerodynamic Design with Diffusion Probabilistic Models,arXiv (Cornell University),preprint,10.48550/arxiv.2409.13328,1,green
W2403111459,Q2,2011,Oleg Chernukhin,1,Global Optimization Algorithms for Aerodynamic Design,Library and Archives Canada (Government of Canada),dissertation,,1,green
W2612467393,Q6,2015,Tristan Dhert,1,High-fidelity aerodynamic shape optimization of wind turbine blades,Research Repository (Delft University of Technology),dissertation,,1,closed
W4287185771,Q6,2021,Ganesh Vijayakumar,9,INTEGRATE - Inverse Network Transformations for Efficient Generation of Robust Airfoil and Turbine Enhancements,OSTI OAI (U.S. Department of Energy Office of Scientific and Technical Information),article,10.25984/1868906,1,green
W3039966960,Q6,2019,Andreas Lerch,4,Impact of a Combustor-Turbine Interface on Turbine Vane Aerodynamics and Film Cooling,,conference-paper,10.1115/gt2019-90359,1,closed
W2602745971,Q6,2016,Michael G. Piotrowski,1,Implementation and Investigation of a Local Correlation-based Transition Model in a Parallel Newton-Krylov-Schur Algorithm,TSpace (University of Toronto),dissertation,,1,green
W1977302066,Q6,2013,Ya Feng Liu,2,Inverse Design of Airfoils Using Target Pressure Optimization,Advanced materials research,article,10.4028/www.scientific.net/amr.694-697.3183,1,closed
W4316136216,Q6,2023,Andrew Glaws,1,Invertible Neural Networks for Aerodynamic Design of Wind Turbine Blades,OSTI OAI (U.S. Department of Energy Office of Scientific and Technical Information),article,,1,green
W4399119481,Q1,2024,Jordon Won,2,Investigation of Airfoil Parameterizations and Optimization for Rotor Broadband Noise Reduction,,conference-paper,10.4050/f-0080-2024-1115,1,green
W3121999321,Q2,2021,R. Jini Raj,3,Leading Edge Shape Optimization of Whitcomb IL Airfoil in Transonic Flow Using a Multi-Objective Genetic Algorithm (MOGA),International Journal of Vehicle Structures and Systems,article,10.4273/ijvss.13.1.18,1,hybrid
W4288929073,Q2,2022,Yu Shuhuai,1,Low-Reynolds Number Airfoil Shape Optimization Using Genetic Algorithm with Mode Parameterization,,book-chapter,10.1007/978-981-16-9869-9_32,1,closed
W4405768580,Q2,2024,Dasun Shalila Balasooriya,4,Multi-condition Multi-objective Airfoil Shape Optimisation Using Deep Reinforcement Learning Compared to Genetic Algorithms,Communications in computer and information science,conference-paper,10.1007/978-3-031-77432-4_17,1,closed
W2609824044,Q1,2017,John M. Oliver,3,Multi-objective Optimisation by Self-adaptive Evolutionary Algorithm,Studies in computational intelligence,book-chapter,10.1007/978-3-319-49325-1_6,1,closed
W2100330237,Q1,2015,Bruno Silva De Sousa,3,Multiobjective Laminar-flow Airfoil Shape Optimization Using a Controlled Random Search Algorithm,,article,,1,closed
W4317583839,Q6,2023,Tim Effing,5,Novel Approach for Wing Design in Conceptual Overall Aircraft Design,AIAA SCITECH 2023 Forum,conference-paper,10.2514/6.2023-1356,1,closed
W2908829049,Q1,2018,Regine Pattermann,3,On Stall Behavior in Aerobatic Figures with an Aerobatic Glider,Technical soaring,article,,1,closed
W4391964665,Q1,2024,Yan Dai,6,Optimal Design of FSAE Airfoils Based on Hicks-Henne Function,Lecture notes in electrical engineering,conference-paper,10.1007/978-981-97-0252-7_81,1,closed
W1964944229,Q1,2014,Ya Qiong Chen,3,Optimization and Design for Wind Turbine Airfoil at Multiple Working Conditions Based on Genetic Algorithm,Applied Mechanics and Materials,article,10.4028/www.scientific.net/amm.668-669.230,1,hybrid
W2565769661,Q2,2012,Xiaomin Chen,2,Optimization of Flatback Airfoils for Wind Turbine Blades Using a Multi-Objective Genetic Algorithm,42nd AIAA Fluid Dynamics Conference and Exhibit,conference-paper,10.2514/6.2012-2722,1,closed
W7124937867,Q1 Q2,2026,Deepak Kumar,7,Optimization of NREL S-810 wind turbine airfoil for enhanced lift and efficiency using an improved genetic algorithm for low Reynolds number,Ocean Engineering,article,10.1016/j.oceaneng.2026.124252,1,closed
W3167979967,Q2,2021,Mostafa Kazemi,3,Optimization of the Slotted Gurney-Flap geometry applied to NACA 0012 airfoil for aerodynamic performance improvement,European Journal of Emergency Medicine,article,10.22060/mej.2021.19308.6999,1,closed
W2313599419,Q2,2012,Amir Safari,2,Optimum NURBS Curve Fitting for Geometry Parameterization of Gas Turbine Blades’ Sections: Part I — Evolutionary Optimization Techniques,,conference-paper,10.1115/imece2012-89113,1,closed
W3166293531,Q1,2021,Jan Müller,1,Radical Reduction of Aircraft Fuel Consumption by Optimizing Aerofoil by New Evolutionary Algorithms,Preprints.org,preprint,10.20944/preprints202106.0148.v1,1,green
W4235845138,Q1,2021,Jan Muller,1,Radical Reduction of Aircraft Fuel Consumption by Optimizing Aerofoil by New Evolutionary Algorithms,Preprints.org,preprint,10.20944/preprints202106.0219.v1,1,green
W2734708847,Q1,2017,J. Van Gorcum,1,Ready for Take-Off: Scaled Flight Testing,Research Repository (Delft University of Technology),dissertation,,1,green
W4417479483,Q6,2025,Yayun Shi,5,Robust gradient-based optimization of laminar airfoils using geometric smoothing and grassmann manifolds,Aerospace Science and Technology,article,10.1016/j.ast.2025.111485,1,closed
W2969280919,Q1 Q2,2019,Chao Jian Xiang,4,Shape Optimization and Analysis of a Low-resistance Mast,Journal of Physics Conference Series,conference-paper,10.1088/1742-6596/1300/1/012014,1,diamond
W2327711618,Q2,2015,Yilei He,3,Shape Optimization of an Airfoil in Ground Effect for Application to WIG Craft,53rd AIAA Aerospace Sciences Meeting,conference-paper,10.2514/6.2015-0758,1,closed
W3019185189,Q1,2020,Y. Rahmad,4,Single- and multi-objective optimization of a low-speed airfoil using genetic algorithm,AIP conference proceedings,conference-paper,10.1063/5.0002610,1,closed
W4308449255,Q6,2022,,0,Special Issue: Design for Advanced Manufacturing,Journal of Mechanical Design,article,10.1115/1.4056169,1,closed
W4379878131,Q2,2023,Mike Kiely,2,Surrogate Model Based Aerodynamic Shape Optimization of a Hydrogen Powered Aircraft,,conference-paper,10.2514/6.2023-4373,1,closed
W2379207976,Q2,2011,Yanhui Duan,3,Surrogate Model Based Optimization for Airfoil Design,Acta Aeronautica Et Astronautica Sinica,article,,1,closed
W3191739047,Q1,2020,Benjamin Hebert,1,The Design and Validation of a UAV Propeller Intended for Extremely Low Reynolds Number Environments,DigitalCommons (California Polytechnic State University),article,,1,green
W2953641197,Q6,2019,Huan Zhao,2,Uncertainty-Based Design Optimization of NLF Airfoil Based on Polynomial Chaos Expansion,Lecture notes in electrical engineering,conference-paper,10.1007/978-981-13-3305-7_126,1,closed
W2981987936,Q1,2019,Suleyman Murat Koroglu,2,optimization of an Airfoil Characteristics to Minimize the Turn Radius of a Small Unmanned Aerial Vehicle,,conference-paper,10.1109/icmae.2019.8880954,1,closed
W4406574600,Q1,2024,Wenguang He,1,A Cubic B-spline Model based on CGAN for Blade Airfoil Design,,conference-paper,10.1145/3704558.3707090,0,gold
W3121412921,Q6,2016,Daïgo Maruyama,3,A Framework for Robust and Reliability-Based Design Optimization of Airfoils Considering Geometrical Uncertainties,elib (German Aerospace Center),conference-paper,,0,closed
W4402685796,Q1,2024,Pedro d. Secchi,2,A Fully Data-Driven Generative Design Routine for Subsonic Airfoils Based on Adversarial Autoencoders,,conference-paper,10.2514/6.2024-3667,0,closed
W2094016333,Q2,2012,Kai Huang,3,A Multi-Point Approach to Airfoil Shape Optimization,Advanced materials research,article,10.4028/www.scientific.net/amr.591-593.59,0,hybrid
W7171612412,Q6,2026,Md Sadat Shahrier Sawron,1,A Standardized Mid-Fidelity Aerodynamic Comparison of Four Tiltrotor eVTOL Configurations Using SUAVE and VSPAero,SAE technical papers on CD-ROM/SAE technical paper series,conference-paper,10.4271/2026-99-0839,0,closed
W7214988531,Q6,2026,Shane Kyi Hla Win,7,"ALBATROSS: A bioinspired, aerially deployable, autonomous sailing sensor platform",Science Robotics,article,10.1126/scirobotics.aed1423,0,closed
W3131804825,Q1 Q3,2020,Madalyn Mikkelsen,1,APPLICATIONS OF PARAMETERIZED L-SYSTEMS FOR PRELIMINARY STRUCTURAL DESIGN AND OPTIMIZATION,OakTrust (Texas A&M University Libraries),dissertation,,0,green
W7154082680,Q1 Q2,2026,Leul Walelign Michael,5,Accelerated Airfoil Optimization via a Geometry-Based Discriminator Within Particle Swarm Optimization,IEEE Access,article,10.1109/access.2026.3683048,0,gold
W7112024579,Q1,2025,Mark Puttock-Brown (4462249),4,Accelerating low noise axial fan design space exploration: a surrogate modelling framework for multi-objective optimisation,Figshare,conference-paper,,0,green
W2579564036,Q1 Q5,2016,Ricardo B. Santos Pereira,1,Active Stall Control of Horizontal Axis Wind Turbines,Research Repository (Delft University of Technology),dissertation,10.4233/uuid:e1462fab-b35c-4506-aa93-45d37eaf7872,0,green
W3184287390,Q6,2021,Reza Djeddi,4,Adjoint-Based Uncertainty Quantification and Calibration of RANS-Based Transition Modeling,AIAA AVIATION 2021 FORUM,conference-paper,10.2514/6.2021-3036,0,closed
W7166744891,Q2,2026,X Y Wang,6,Advances and challenges in aerodynamic optimisation design of fans using machine learning,Engineering Applications of Computational Fluid Mechanics,article,10.1080/19942060.2026.2694874,0,gold
W7153838862,Q1 Q2,2026,"Sajid, Hassnain",2,AeroML: Physics-Informed Neural Networks for Aerodynamic Shape Optimization,Zenodo (CERN European Organization for Nuclear Research),preprint,10.5281/zenodo.19536212,0,green
W7153758177,Q1 Q2,2026,"Sajid, Hassnain",2,AeroML: Physics-Informed Neural Networks for Aerodynamic Shape Optimization,Zenodo (CERN European Organization for Nuclear Research),preprint,10.5281/zenodo.19536213,0,green
W7165177474,Q1,2026,Ryan Karow,1,Aerodynamic Analysis of a Variable Camber Wing Design for Optimal Hybrid Pylon Racing Glider Capabilities,,conference-paper,10.2514/6.2026-114637,0,closed
W7151883475,Q6,2026,Carlos Sebastia Saez,4,Aerodynamic Characteristics of Laminar Airfoils with Oscillating Flaps: Experimental and Numerical Study,Journal of Aircraft,article,10.2514/1.c038522,0,closed
W7214715655,Q1,2026,Oliver Coborn,2,Aerodynamic Design Optimisation Through Machine Learning—GCAG-VAEGAN,Computers,article,10.3390/computers15100661,0,gold
W7160328625,Q6,2026,Néstor Alcañiz-Brull,4,Aerodynamic Design and Performance Analysis of Micro-Scale Horizontal-Axis Wind Turbine Blades with Endplate Addition Using a Multi-Fidelity CFD Framework,Machines,article,10.3390/machines14050477,0,gold
W7106245717,Q6,2025,"Alcañiz, Néstor",4,Aerodynamic Design and Performance Analysis of a Micro-Scale Horizontal Axis Wind Turbine Blades along with endplate addition through multi-fidelity computational fluid dynamics tools,Journal of Wind Engineering and Industrial Aerodynamics,preprint,10.5281/zenodo.17671355,0,bronze
W7106227043,Q6,2025,"Alcañiz, Néstor",4,Aerodynamic Design and Performance Analysis of a Micro-Scale Horizontal Axis Wind Turbine Blades along with endplate addition through multi-fidelity computational fluid dynamics tools,Journal of Wind Engineering and Industrial Aerodynamics,preprint,10.5281/zenodo.17671354,0,bronze
W2892922461,Q1 Q3 Q5,2018,Andrea Magrini,2,Aerodynamic Optimisation of a Morphing Leading Edge Airfoil,Padua Research Archive (University of Padova),conference-paper,,0,green
W7128682965,Q6,2026,Jamal Ali Hussein Ajlan,3,Aerodynamic Optimization of Airfoil S809 Using High Fidelity FFD Method Coupling with CFD,Preprints.org,preprint,10.20944/preprints202602.0944.v1,0,green
W4387317926,Q1,2023,Hossein Seifi Davari,3,Aerodynamic Performance Enhancement of Wind Turbine by Shape Optimization at Low Reynolds Numbers,SSRN Electronic Journal,preprint,10.2139/ssrn.4565345,0,green
W7203838848,Q1,2026,Habtamu  Sewinet Azene,3,Aerodynamic Shape Optimization for a Go-Flow Jet Airfoil Using the Class Shape Transformation Method: A Computational Study,SSRN Electronic Journal,preprint,10.2139/ssrn.7319829,0,green
W7126064151,Q6,2026,Fizaa Husain,3,Aerodynamic Shape Optimization of Transonic Swept Wings for Natural Laminar Flow,,conference-paper,10.2514/6.2026-1695,0,closed
W7215414875,Q1,2023,Mohamed Farouk Hasnaoui,3,Aerodynamic analysis of a small-scale drone propeller using the blade element momentum method,Algerian Journal of Engineering and Technology,article,,0,hybrid
W7155516103,Q1,2026,Kai Jiao,3,Aerodynamic and structural co-optimization of wind turbine airfoils based on fluid–structure interaction,Journal of Physics Conference Series,conference-paper,10.1088/1742-6596/3215/1/012024,0,diamond
W7213274302,Q1,2026,Hui Zuo,3,Aerodynamic design of vertical axis wind turbine airfoils based on Gaussian process regression,DOAJ (DOAJ: Directory of Open Access Journals),article,10.7638/kqdlxxb-2026.0027,0,closed
W7154887696,Q1,2026,Cristopher Romero,2,Aerodynamic optimization of NACA 2412 airfoil – Code,Zenodo (CERN European Organization for Nuclear Research),software,10.5281/zenodo.19646616,0,green
W7154906290,Q1,2026,Cristopher Romero,2,Aerodynamic optimization of NACA 2412 airfoil – Code,Zenodo (CERN European Organization for Nuclear Research),software,10.5281/zenodo.19646615,0,green
W7213943755,Q1,2026,Kaiyi Wang,6,Aerodynamic optimization of quadcopter rotor blades in the thin Martian atmosphere,Acta Astronautica,article,10.1016/j.actaastro.2026.09.008,0,closed
W2310150644,Q2,2011,Mohammad B. Azab,1,Aerodynamic optimization using high-order finite-volume CFD simulations,cIRcle (University of British Columbia),dissertation,10.14288/1.0072307,0,green
W4409591480,Q1,2025,Hendry Sakke Tira,2,Aerodynamic performance analysis of NACA 5518 airfoil for wind turbine applications using Q blade,Global Journal of Engineering and Technology Advances,article,10.30574/gjeta.2025.23.1.0100,0,hybrid
W7107962991,Q1,2025,"Tira, Hendry Sakke",2,Aerodynamic performance analysis of NACA 5518 airfoil for wind turbine applications using Q blade,Global Journal of Engineering and Technology Advances,article,10.5281/zenodo.17759432,0,hybrid
W7107947789,Q1,2025,"Tira, Hendry Sakke",2,Aerodynamic performance analysis of NACA 5518 airfoil for wind turbine applications using Q blade,Global Journal of Engineering and Technology Advances,article,10.5281/zenodo.17759433,0,hybrid
W7164751301,Q2,2026,Qiang Zhang,10,Aerodynamic shape optimization for dynamic stall mitigation in floating vertical axis wind turbine configuration,Energy,article,10.1016/j.energy.2026.141664,0,green
W2126798150,Q1,2014,Max Berggren,1,"Aerodynamisk optimering av vindkraftverks rotorblad med en genetisk algoritm, BEM-teori, och XFOIL",KTH Publication Database DiVA (KTH Royal Institute of Technology),dissertation,,0,green
W7125828276,Q6,2026,Samarth Kakkar,4,Aerostructural Design of a Laminar Dry Wing for Hydrogen Aircraft using Multidisciplinary Bayesian Optimization,Research Square,preprint,10.21203/rs.3.rs-8682059/v1,0,green
W7204133447,Q6,2026,Samarth Kakkar,4,Aerostructural design of laminar and dry wings using multidisciplinary Bayesian optimization,Structural and Multidisciplinary Optimization,article,10.1007/s00158-026-04411-w,0,hybrid
W7214077105,Q1 Q3,2026,Sangjoon Lee,2,AirDbM-API-Bench,Zenodo (CERN European Organization for Nuclear Research),software,10.5281/zenodo.22908506,0,green
W7214075081,Q1 Q3,2026,Sangjoon Lee,2,AirDbM-API-Bench,Zenodo (CERN European Organization for Nuclear Research),software,10.5281/zenodo.22908507,0,green
W2777755260,Q1,2017,Eddie Nilsson,1,Airfoil Optimization Through Differential Evolution,Lund University Publications Student Papers (Lund University),other,,0,green
W4413935306,Q1 Q2,2025,Muhammad Abdul Basit,7,Airfoil Shape Optimization for Enhanced Aerodynamic Efficiency Using a Dual-Branch Deep Network Integrated with Genetic Algorithms,Preprints.org,preprint,10.20944/preprints202509.0154.v1,0,green
W4410746075,Q1 Q2,2025,,0,Airfoil Shape Optimization for Improved Aerodynamics,Aeronautical and Aerospace Engineering,article,10.46632/aae/3/2/5,0,bronze
W4414520312,Q2,2025,Zakaria Drafsh,3,Airfoil Shape Optimization in Ultralow Reynolds Flows Applying a Deep Learning–Genetic Algorithm Framework on a Shear‐Stress‐Based Inverse Design Method,International Journal for Numerical Methods in Fluids,article,10.1002/fld.70016,0,closed
W3005731184,Q1,2022,Siddharth Rout,2,Airfoil Shape Optimization using Deep Q-Network,arXiv (Cornell University),preprint,10.48550/arxiv.2211.17189,0,green
W2392669180,Q2,2011,Hou Cheng-yi,1,Airfoil shape optimization based on efficient global optimization,Ha'erbin gongye daxue xuebao,article,,0,closed
W7204110040,Q1,2026,Beraat Uzun,5,Airfoil shape optimization for mitigating adverse effects of icing in wind turbines,Journal of Physics Conference Series,conference-paper,10.1088/1742-6596/3271/1/012001,0,diamond
W7133081952,Q6,2022,Kwesi P. Apponsah,1,An Adjoint Approach to Aerodynamic Shape Optimization for Unsteady Flows with Application to Laminar and Transonic Turbulent Flows,TSpace (University of Toronto),dissertation,,0,green
W7134970375,Q1 Q3,2026,Şükriye Dalkılıç,2,An Aerodynamic Analysis Model for Bird-Inspired Morphing Wings: Leveraging Machine Learning for Performance Optimization,,conference-paper,10.1109/iisec69317.2026.11418479,0,closed
W7208361616,Q2,2022,ムハマド アルフィヤンディ ハリヤンシャ,4,An Artificial Neural Network-Assisted Genetic Algorithm with Application to Multi-Objective Transonic Airfoil Shape Optimization,Institutional Repositories DataBase (IRDB),conference-paper,,0,green
W7131286543,Q1,2026,Thi Tuyet Nhung Le,3,An Optimization Technique for Horizontal Axis Wind Turbines’ Airfoils Using XFOIL and Genetic Algorithm,Sustainable aviation,conference-paper,10.1007/978-3-031-71085-8_48,0,closed
W2112068998,Q2,2011,Robert Carrese,4,An efficient strategy to incorporate designer-preferences in automated airfoil design,RMIT Research Repository (RMIT University Library),article,,0,closed
W3087464431,Q2,2010,Miles Bellman,3,Application of a Genetic/Artificial Neural Network Algorithm for Optimization of Low Reynolds Number Airfoils,,article,,0,closed
W7112738081,Q1 Q3,2018,"Şahin, Harun Levent",1,"Büyük oranda şekil değiştirebilen bir uçak kanadının firar kenarı için etkin bir mekanizmanın oluşturulması, incelenmesi ve tasarımı.",OpenMETU (Middle East Technical University),dissertation,,0,closed
W7130648069,Q2,2026,Ahmet Şumnu,1,CFD-Based Aerodynamic Shape Optimization and Comparative Aeroacoustics Source Analysis of Modified Leading-Edge Wavy-Wing Configurations for the NACA 0020 Airfoil,Applied Sciences,article,10.3390/app16042078,0,gold
W7132322182,Q1,2016,Onur Günel,3,Comparison of Qblade and CFD Results for Small-Scaled Horizontal Axis Wind Turbine Analysis,AYBU AVESIS,conference-paper,,0,closed
W7124131214,Q6,2026,Qasim Khan,1,Computational Fluid Dynamics Analysis of Traditional and Laminar Flow Airfoils,American journal of student research.,article,10.70251/hyjr2348.41299309,0,bronze
W3176014390,Q1,2019,GK Anagnostopoulos,5,Coupling an inviscid IGA--BEM solver with X-Foil’s boundary layer model for 2D flows,Strathprints: The University of Strathclyde institutional repository (University of Strathclyde),conference-paper,,0,green
W3158598737,Q1,2021,Estheru Rani Talasila,5,DESIGN OPTIMISATION AND PERFORMANCE ANALYSIS OF NACA 5 SERIES,Journal of Emerging Technologies and Innovative Research,article,,0,closed
W4413191366,Q1,2025,David Kelley,2,DEVELOPMENT OF AIRFOIL GEOMETRY FOR IMPROVED PERFORMANCE WITH A PASSIVE VARIABLE-PITCH AIRCRAFT PROPELLER,,conference-paper,10.2514/6.2025-99084,0,gold
W7140024769,Q2,2026,Jiaqi Liu,4,Data-driven aerodynamic shape optimization of rotor airfoils based on deep learning,Advances in Aerodynamics,article,10.1186/s42774-026-00255-6,0,diamond
W7218095540,Q2,2021,Marco Tezzele,1,Data-driven parameter and model order reduction for industrial optimisation problems with applications in naval engineering,SDL,article,,0,green
W7161174757,Q1,2026,Bedri Yagiz,2,Deep Reinforcement Learning for Airfoil Shape Optimization: AComparative Study of PPO and SAC,SSRN Electronic Journal,preprint,10.2139/ssrn.6764763,0,green
W7203479345,Q1 Q5 Q6,2026,Cibin Joseph,3,Design Exploration of Airfoils for Advanced Air Mobility Using Multifidelity Optimization,Journal of Aircraft,article,10.2514/1.c038831,0,closed
W4411045873,Q2,2025,Mihai-Vlăduț HOTHAZIE,6,Design Exploration of the NACA Airfoil Family Using High-Fidelity CFD Analysis,INCAS BULLETIN,article,10.13111/2066-8201.2025.17.2.4,0,diamond
W1965301178,Q1,2014,Ganesh Ram Ramanujam Karthikeyan,4,Design Optimization of Wind Turbine Using Fluid Structural Interaction Analysis and Genetic Algorithm,,conference-paper,10.1115/gtindia2014-8296,0,closed
W2281672994,Q1,2015,Iva Hrgovan,5,Design and Experimental Validation of Thick Airfoils for Large Wind Turbines,,book-chapter,10.1007/978-3-319-17777-9_77,0,closed
W4407118628,Q1,2025,Hassan Akhlaghi,2,Design and Optimization Methodology of Mega-Watt Wind Turbine Blade Sections and Experimental Wind Tunnel Testing,SSRN Electronic Journal,preprint,10.2139/ssrn.5123159,0,green
W7108076518,Q1,2025,Johannes Djupesland,2,Design and Surrogate-Based Optimization of a Rim-Driven Thruster for Reversible Pump-Turbine,IOP Conference Series Earth and Environmental Science,conference-paper,10.1088/1755-1315/1561/1/012024,0,diamond
W3011941265,Q1 Q3,2020,Sheheryar Khan,1,Design and development of intelligent actuator control methodologies for morphing wing in wind tunnel,Espace ÉTS (ETS),dissertation,,0,green
W4200589336,Q1,2021,Norberto Fernando Soares Sanjimba,1,Design and simulation of an optimized small wind turbine,,dissertation,10.51415/10321/3718,0,gold
W2418586647,Q6,2016,Francesco Grasso,4,Design of advanced airfoil for stall-regulated wind turbines,34th AIAA Applied Aerodynamics Conference,conference-paper,10.2514/6.2016-3125,0,closed
W7162699230,Q6,2026,Antariksh Dicholkar,5,Design of leading edge erosion-resistant airfoils using CFD-based shape optimization,Journal of Physics Conference Series,conference-paper,10.1088/1742-6596/3224/4/042031,0,diamond
W7171640886,Q1,2026,Matthew Law,2,"Design, Optimization, and Testing of Ventilation Fans for Sub-Ambient Pressure Environments",,conference-paper,10.32865/2346/108861,0,gold
W7134982544,Q1,2026,Andrea Serani,2,Design-Space Dimensionality Reduction Benchmark Dataset – RAE2822 Airfoil,Zenodo (CERN European Organization for Nuclear Research),dataset,10.5281/zenodo.18958555,0,green
W7134955883,Q1,2026,Andrea Serani,2,Design-Space Dimensionality Reduction Benchmark Dataset – RAE2822 Airfoil,Zenodo (CERN European Organization for Nuclear Research),dataset,10.5281/zenodo.18958554,0,green
W4404509592,Q1,2024,Moritz Burmester,3,Designing manufacturable high performance rotor blades for micro wind turbines through cambered plate airfoil optimization,,preprint,10.22541/au.173199821.17324875/v1,0,closed
W2585175450,Q1,2012,Chee Meng. Low,1,Development of a wind turbine optimization tool using open-source software.,DR-NTU (Nanyang Technological University),dissertation,,0,closed
W2286142794,Q2,2015,Giovanni Venturelli,1,Development of numerical procedures for turbomachinery optimizaion,Padua@research (University of Padova),article,,0,green
W7110552582,Q1,2018,"Soğancı, Semih",1,Dönen sistemlerin çoklu kütleli benzetim aracının panel tabanlı akış çözücüsü ve navier-stokes aıiş çözücüsü ile etkileşimli analizi,OpenMETU (Middle East Technical University),dissertation,,0,closed
W7204557665,Q1,2026,Krish Bahl,1,Effect of Micro-Slats on Airfoil Lift and Stall Behavior,Zenodo (CERN European Organization for Nuclear Research),dataset,10.5281/zenodo.22135134,0,green
W7204585115,Q1,2026,Krish Bahl,1,Effect of Micro-Slats on Airfoil Lift and Stall Behavior,Zenodo (CERN European Organization for Nuclear Research),dataset,10.5281/zenodo.22135135,0,green
W7204530127,Q6,2026,Krish Bahl,1,Effect of Micro-Slats on Airfoil Lift and Stall Behavior,Research Square,preprint,10.21203/rs.3.rs-10822537/v1,0,green
W7161780014,Q1,2026,Tobias Lade,2,Efficiency–Noise Trade–Off of Downscaled eVTOL Tiltrotor: A Low–Fidelity Multi-Objective Optimisation Framework,,conference-paper,10.2514/6.2026-3470,0,closed
W7125937768,Q2,2026,Abhijnan Dikshit,2,Efficient Design of Airfoil Shapes Using Surface Pressure–Informed Bayesian Optimization,,conference-paper,10.2514/6.2026-0148,0,closed
W4411233889,Q1,2024,Nayma Hassan Emu,4,Efficient Foil Shape Optimization Using Artificial Neural Network-Based Surrogate Model with Adaptive Sampling Strategy,,conference-paper,10.1109/icece64886.2024.11024718,0,closed
W7169837664,Q6,2026,Ayalew Bekele Demie,3,Enhancing DAWT Power Augmentation: A CFD Study Decoupling Flapped Compact Diffuser Bend Location and Deflection Angle,Preprints.org,preprint,10.20944/preprints202607.1240.v1,0,green
W4392008776,Q2,2023,Viet Dung Duong,2,Evolutionary Airfoil Shape Optimization Coupling Parameterization Methods with Lagrangian Vortex Method,Smart Systems and Devices,article,10.51316/jst.168.ssad.2023.33.3.7,0,hybrid
W2599692310,Q1,2017,Simon Beltram,1,Evolutionary optimization of aerofoil profile,,dissertation,,0,closed
W7211932829,Q6,2026,Jiejian Xiao,3,FA-GP: A flow-aligned attributed gaussian process for few-sample prediction of large-scale external aerodynamic flows,Aerospace Science and Technology,article,10.1016/j.ast.2026.113763,0,closed
W7204912914,Q1,2026,Rimple Sandhu,5,FOILPOLARS (Grassmannian Foil Shape Sweeps for Polar Generation) [SWR-26-095],OSTI OAI (U.S. Department of Energy Office of Scientific and Technical Information),software,10.11578/dc.20260831.1,0,green
W247602135,Q1,2011,Paul Silisteanu,2,Fast procedure for two dimensional airfoil design,,article,,0,closed
W4405354262,Q6,2024,Chuan-Chieh Liao,4,First annual conference of the Taiwan Society of Fluid Dynamics,Journal of Mechanics,article,10.1093/jom/ufae056,0,gold
W7138913943,Q6,2026,Samarth Kakkar,4,Forward Design Exploration for Laminar Transonic Airfoils at Large Leading-Edge Sweep Angles with and without Boundary Layer Suction,SSRN Electronic Journal,preprint,10.2139/ssrn.6441720,0,green
W7138937290,Q6,2026,Samarth Kakkar,4,Forward Design Exploration for Laminar Transonic Airfoils at Large Leading-Edge Sweep Angles with and without Boundary Layer Suction,SSRN Electronic Journal,preprint,10.2139/ssrn.6441719,0,green
W7131134919,Q2,2026,Emre Özkaya,2,Generalized Derivative Enhanced Surrogate Modeling Framework for Aerodynamic Design Optimization,Notes on numerical fluid mechanics and multidisciplinary design,conference-paper,10.1007/978-3-032-11115-9_31,0,closed
W3176989709,Q1,2014,이승훈,1,"Generation, Propagation, and Reduction of Aerodynamic Broadband Noise from Wind Turbines",Seoul National University Open Repository (Seoul National University),dissertation,,0,green
W4403415898,Q1 Q2,2014,Ismail Hakki Tuncer,3,Genetic Algorithm Based Aerodynamic Shape Optimization Tool for Wind Turbine Blades and Its Implementation to Helicopter Blades,,conference-paper,10.4050/f-0070-2014-9692,0,closed
W7112904534,Q1,2025,"Marx, Juan-Philip",1,Genetic Algorithm Optimisation of Actively Deforming Vertical Axis Wind Turbine Blade Profiles,"White Rose eTheses Online (University of Leeds, The University of Sheffield, University of York)",dissertation,,0,closed
W7110619965,Q1 Q2,2014,"Polat, Özge",3,Genetic Algorithm based aerodynamic shape optimization tool for wind turbine blades and its implementation to helicopter blades,OpenMETU (Middle East Technical University),conference-paper,,0,closed
W7120359583,Q1,2016,Ramon André Mesquita Teixeira,1,Genetic algorithm apllied to airfoil optimization to aerodynamic noise reduction,LA Referencia (Red Federada de Repositorios Institucionales de Publicaciones Científicas),dissertation,,0,green
W4388677978,Q1,2023,Jinane Radi,4,Glide Ratio Optimization for Wind Turbine Airfoils Based on Genetic Algorithms,Lecture notes in computer science,conference-paper,10.1007/978-3-031-48232-8_47,0,closed
W7169798102,Q1,2026,Giovanni Bruccola,1,Global solutions for the sensors placement problem via weakly convex optimization,arXiv (Cornell University),preprint,10.48550/arxiv.2607.15821,0,green
W7213184522,Q6,2026,Samarth Kakkar,1,Gradient-Free Aerostructural Design of Wings for Mid-Range Transport Aircraft using Probabilistic Machine Learning,Digitale Bibliothek Braunschweig (Verbundzentrale Göttingen (VZG)),dissertation,10.24355/dbbs.084-202608172241-0,0,green
W357920445,Q6,2011,DongSeop Lee,5,Hierarchical robust design optimisation of shock control bump devices for airfoil drag reduction,School of Electrical Engineering & Computer Science; Science & Engineering Faculty,article,,0,closed
W2792728455,Q1,2017,Jiwei Tang,2,High-Lift Low Reynolds Number Aerofoils With Specified Pressure Drop for Ducted Wind Turbine,Data Archiving and Networked Services (DANS),conference-paper,,0,green
W7128428216,Q1,2026,Ayushmaan Singh,1,Hybrid Aero-PINN: A Physics-Consistent Deep Learning Framework for Efficient Aerodynamic Prediction,SSRN Electronic Journal,preprint,10.2139/ssrn.6203064,0,green
W7128073872,Q1,2026,Ayushmaan Singh,1,Hybrid Aero-PINN: A Physics-Consistent Deep Learning Framework for Efficient Aerodynamic Prediction,SSRN Electronic Journal,preprint,10.2139/ssrn.6184688,0,green
W7155166767,Q1,2026,Ayushmaan Singh,1,Hybrid Aero-PINN: A physics-consistent deep learning framework for efficient aerodynamic prediction,Aerospace Science and Technology,article,10.1016/j.ast.2026.112441,0,closed
W4414053893,Q2,2025,Ahmet Şumnu,1,INVESTIGATION OF PASSIVE FLOW CONTROL ANALYSIS AND AERODYNAMIC SHAPE OPTIMIZATION VIA CFD SIMULATION,Kahramanmaraş Sütçü İmam Üniversitesi Mühendislik Bilimleri Dergisi,article,10.17780/ksujes.1661632,0,diamond
W7199764527,Q1,2023,Marek Belda,2,Improving the Shape of Airfoil Profiles using Adjoint Optimization and Panel Method,Cvut DSpace (Czech Technical University),dissertation,,0,closed
W4407226485,Q6,2024,Antonios Cene,1,Innovative Flow Control for Flatback Airfoils,,dissertation,10.23889/suthesis.68738,0,closed
W2760539694,Q1,2016,A.K. Nedumaran,1,Integral boundary layer analysis of vortex generator induced flow on a flat plate,Research Repository (Delft University of Technology),dissertation,,0,green
W2391759098,Q1,2014,Li Qua,1,Integrated design of high-lift laminar airfoil for MALE UAV,Flight Dynamics,article,,0,closed
W7162288052,Q2,2026,Shuyu Lin,8,Integration of Shapley Additive Explanations and Genetic Algorithms for Physics-Informed Aerodynamic Shape Optimization,SSRN Electronic Journal,preprint,10.2139/ssrn.6828779,0,green
W7167930861,Q2,2026,Shuyu Lin,8,Integration of Shapley additive explanations and genetic algorithms for physics-informed aerodynamic shape optimization,Aerospace Science and Technology,article,10.1016/j.ast.2026.113191,0,closed
W7130504249,Q1,2026,Qi Long Yuan,3,Intelligent optimization design considering aerodynamic characteristics of airfoils,IET conference proceedings.,conference-paper,10.1049/icp.2025.3819,0,closed
W2787662058,Q1,2018,Ryan Barrett,1,Investigation into Integrated Free-Form and Precomputational Approaches for Aerostructural Optimization of Wind Turbine Blades,ScholarsArchive  (Brigham Young University),article,,0,green
W7110588546,Q1 Q5,2025,"Kalaycı, Ahmet Çağdaş",1,KANAT PROFİLLERİ ÜZERİNDE SINIR TABAKASI GEÇİŞİNİN DENEYSEL VE SAYISAL İNCELENMESİ,OpenMETU (Middle East Technical University),dissertation,,0,green
W4416610309,Q6,2025,Guillaume Bourreau-Tirel,4,Low-Fidelity Exergy-Based Method for Profile Drag Analysis,AIAA Journal,article,10.2514/1.j066005,0,closed
W2229093077,Q1,2015,Nadjib Danial Aevan,1,MDO Framework for Design of Human PoweredPropellers using Multi-Objective Genetic Algorithm,Diva portal (Dalarna University Library),dissertation,,0,green
W4406619830,Q6,2024,Varvara G. Asouti,3,Machine Learning-Based Surrogates for Uncertainty Quantification and Design Under Uncertainties,,conference-paper,10.23967/eccomas.2024.141,0,gold
W3201804805,Q1 Q2,2021,Sayali Kakade,2,"Mathematical Modelling, Design and Optimization of Airfoils and Aircrafts operating at specific Reynolds Number",SPAST Abstracts,article,,0,closed
W2598096382,Q1 Q3,2015,Cody Lafountain,1,Matlab-based Development of Intelligent Systems for Aerospace Applications,OhioLink ETD Center (Ohio Library and Information Network),article,,0,green
W7170927224,Q1,2026,Mahmud Hasan,2,Multi-Objective Hydrodynamic and Structural Design Optimization of Tidal Stream Turbine Airfoil Sections Using NSGA-II and RANS CFD Validation,Preprints.org,preprint,10.20944/preprints202607.1690.v1,0,green
W2587656483,Q1,2016,Yousef Naranjani,2,Multi-Objective Optimal Airfoil Design for Cargo Aircrafts,,conference-paper,10.1115/imece2016-67930,0,closed
W7154092972,Q6,2026,Yiming Du,5,Multi-Objective Optimization of High-Speed Business Jet Laminar Airfoil with RANS Transition Model Assessment Under High-Reynolds-Number Flight Conditions,Aerospace,article,10.3390/aerospace13040361,0,gold
W2653127594,Q2,2016,Christos Tsotskas,1,Multi-objective optimisation methods applied to aircraft techno-economic and environmental issues,CERES (Cranfield University),dissertation,,0,green
W2623113984,Q1,2014,John M. Oliver,1,Multi-objective optimisation methods applied to complex engineering systems,CERES (Cranfield University),dissertation,,0,closed
W4403097269,Q1,2024,Florian Dexl,3,Multi-objective optimization of airfoils with integral tubular high-pressure tanks for hydrogen storage,Aerospace Science and Technology,article,10.1016/j.ast.2024.109647,0,hybrid
W4290442470,Q1,2022,Hasan İBAÇOĞLU,2,Multidisciplinary Conceptual Design Methodology and Design Tool for Rotor Blades of Advanced Helicopters,DOAJ (DOAJ: Directory of Open Access Journals),article,,0,green
W7131104675,Q1,2026,Jannik Frank,4,Multidisciplinary Design Methods for UAVs and the Application to the Air Cargo Challenge 2024,Notes on numerical fluid mechanics and multidisciplinary design,conference-paper,10.1007/978-3-032-11115-9_29,0,closed
W7120650072,Q1,2019,Prince Azsembergh Nogueira de Carvalho,1,Multiobjective optimization of aerodynamic profiles using genetic algorithm,LA Referencia (Red Federada de Repositorios Institucionales de Publicaciones Científicas),dissertation,,0,green
W4407414822,Q6,2025,Trenton S. Henderson,4,Neural-Network Surrogate Model for Flow Stability Analysis Based on Parabolized Stability Equations,,conference-paper,10.2514/6.2025-1645,0,closed
W2607674315,Q1,2017,Abdallah Ben Mosbah,1,New methodologies for calculation of flight parameters on reduced scale wings models in wind tunnel,,article,10.13140/rg.2.2.14983.50088,0,gold
W2177097794,Q1,2013,윤선혜,1,Numerical Analysis of Aerodynamic Characteristics of Airfoils Equipped with Trailing Edge Flaps for Wind Turbine Blades,Open Access System for Information Sharing (Pohang University of Science and Technology),dissertation,,0,green
W4410155486,Q1,2025,Neloy Kumar Das,3,Numerical Analysis of Lift Coefficients for NACA 4412 Airfoil Across Different Angles of Attack,SSRN Electronic Journal,preprint,10.2139/ssrn.5240255,0,green
W4399562827,Q1,2024,Minhazul Islam,3,Numerical Study of Lift Coefficients for NACA Section at High Reynolds Number,SSRN Electronic Journal,preprint,10.2139/ssrn.4859405,0,green
W4399478051,Q2,2024,Bhushan Dewangan,2,Numerical two-dimensional optimization of a cylindrical fuselage for bioinspired unmanned aerial vehicle based on non-dominated sorting genetic algorithm-II,Proceedings of the Institution of Mechanical Engineers Part G Journal of Aerospace Engineering,article,10.1177/09544100241260108,0,closed
W7111465501,Q1,2025,Casablanca M.,4,On the Effectiveness of Low-Fidelity Optimization Methods for Propeller Design,Padua Research Archive (University of Padova),conference-paper,,0,closed
W4415378675,Q1,2025,Manuel Casablanca,4,On the Effectiveness of Low-Fidelity Optimization Methods for Propeller Design,Proceedings of ... European Conference on Turbomachinery Fluid Dynamics & Thermodynamics,conference-paper,10.29008/etc2025-297,0,bronze
W2364820695,Q1,2010,Jun shuo Chen,1,Optimization Design for Low Reynolds Number Foldable UAV Airfoil,Aeronautical Computing Technique,article,,0,closed
W2380605808,Q1 Q3,2013,Ang Hai-song,1,Optimization Method and Aerodynamic Character Simulation of Morphing Wing,Jisuanji fangzhen,article,,0,closed
W3148724773,Q1,2010,Bo Zhong,1,Optimization design study of low-Reynolds-number high-lift airfoils for the high-efficiency propeller of low-dynamic vehicles in stratosphere,,article,,0,closed
W2748923880,Q2,2011,G. Manikandan,2,Optimization of Aerodynamic Characteristic of Compressor Cascade by Genetic Algorithm Assisted by Modified Vortex Panel Method,CiiT international journal of artificial intelligent systems and machine learning,article,,0,closed
W100772578,Q2,2011,G. Manikandan,2,Optimization of Aerodynamic Characteristics by Genetic Algorithm,CiiT international journal of artificial intelligent systems and machine learning,article,,0,closed
W7167692733,Q1,2026,Aryan Tokhi,3,Optimization of Airfoil Design with Surrogate AI Modeling,Communications in computer and information science,conference-paper,10.1007/978-3-032-30826-9_25,0,closed
W2980911061,Q4,2019,Collin Schirf,1,Optimization of Expanding Turning Vanes by Bezier Curve Parameterization,University Libraries (University of Maryland),dissertation,10.13016/5x1x-gxhz,0,green
W2050484035,Q2,2010,Xiaomin Chen,2,Optimization of Flatback Airfoils for Wind Turbine Blades,"ASME 2010 4th International Conference on Energy Sustainability, Volume 2",conference-paper,10.1115/es2010-90373,0,closed
W4379389550,Q1,2023,Emmanuel Nwokolo,6,Optimization of Low Reynolds number airfoil design using Full Inverse Design method,Research Square,preprint,10.21203/rs.3.rs-2980263/v1,0,green
W7162676050,Q1,2026,Ridwan Arief Subekti,10,Optimization of airfoil geometry using the NSGA-II method to improve the performance and efficiency of a very low head turbine,Clean Energy,article,10.1093/ce/zkag024,0,diamond
W7116084868,Q2,2025,"Hebert, Sean",5,Optimization of leading-edge slat position and orientation for thick airfoils,Espace ÉTS (ETS),other,10.82417/ez4x-bc64,0,green
W4313318895,Q1,2022,Oleh Tysiachuk,4,Optimization of the geometry of the glider wing taking into account statistical data,MECHANICS OF GYROSCOPIC SYSTEMS,article,10.20535/0203-3771422021268886,0,diamond
W7139107917,Q1 Q2,2026,Isaac Robledo,6,Optimization-Embedded Active Multi-Fidelity Surrogate Learning for Multi-Condition Airfoil Shape Optimization,arXiv (Cornell University),preprint,10.48550/arxiv.2603.17057,0,green
W4414100228,Q1,2025,Jinane Radi,2,Optimizing Wind Turbine Airfoil Design Using Genetic Algorithm and Predicting Aerodynamic Performance Through CFD Analysis,International Journal of Computational Methods,article,10.1142/s0219876225500537,0,closed
W4318260357,Q1,2021,Hawraz .O. Tahaa,2,Optimum performance of rotor blade with different airfoil for Primus Wind power AIR 40 Wind Turbine 12VDC,Anbar journal for engineering sciences/Mağallaẗ al-anbār li-l-ʻulūm al-handasiyyaẗ,article,10.37649/aengs.2021.171198,0,diamond
W4408063747,Q2,2025,Dasun Shalila Balasooriya,6,Parallel TD3 for Policy Gradient-Based Multi-condition Multi-objective Optimisation,Lecture notes in computer science,conference-paper,10.1007/978-981-96-3538-2_15,0,closed
W7131068603,Q2,2026,Long Chen,6,Parametric Aerodynamic Shape Optimization with Latent Diffusion,Notes on numerical fluid mechanics and multidisciplinary design,conference-paper,10.1007/978-3-032-11115-9_27,0,closed
W2334191587,Q1,2016,L. Prabhu,2,Performance Evaluation of Two Meta-heuristic Schemes in Airfoil Design,Arabian Journal for Science and Engineering,article,10.1007/s13369-016-2102-x,0,closed
W7168720916,Q1 Q2,2026,Javier Berrueco-Fernández,4,Propeller Blade Shape Optimization Using Hybrid Genetic Algorithms and Surrogate Models,Computational methods in applied sciences,conference-paper,10.1007/978-3-032-21893-3_10,0,closed
W4253283723,Q1 Q3,2014,,0,Quebec manufacturers launch AM aerospace project,Metal Powder Report,article,10.1016/s0026-0657(14)70090-6,0,closed
W7162421705,Q1,2026,Anuj Subramanian,1,Reduced-Order Model for Active Aerodynamics Prediction and Wing Control,,preprint,10.31224/7158,0,gold
W7161640269,Q1 Q3,2026,Walid Abouzoul,4,Reinterpreting aerodynamic optimality for morphing airfoils under continuous shape evolution,Aerospace Science and Technology,article,10.1016/j.ast.2026.112630,0,hybrid
W4232727504,Q1,2012,Jin Chen,3,Research on Design Methods and Aerodynamics Performance of CQU-DTU-B21 Airfoil,Advanced materials research,article,10.4028/scientific5/amr.455-456.1486,0,closed
W2095141406,Q1,2012,Jin Chen,3,Research on Design Methods and Aerodynamics Performance of CQU-DTU-B21 Airfoil,Advanced materials research,article,10.4028/www.scientific.net/amr.455-456.1486,0,closed
W2379003404,Q2,2011,Hongquan Chen,1,Research on Genetic Algorithm for Aerodynamic Shape Optimization Based on CST,Aeronautical Computing Technique,article,,0,closed
W4210712489,Q1,2021,Zhaohuang Zhang,5,Research on Topology Transformation Method of Wind Turbine Airfoil,"2021 IEEE Conference on Telecommunications, Optics and Computer Science (TOCS)",conference-paper,10.1109/tocs53301.2021.9688951,0,closed
W7161830984,Q6,2026,Xiangjun Ren,4,Research progress on laminar separation bubble dynamics and aerodynamic optimization of low-Reynolds-number airfoils,Frontiers in Mechanical Engineering,article,10.3389/fmech.2026.1850561,0,gold
W7162793711,Q1,2026,Anupam Krishnan,2,Robust Multi-Objective Aerodynamic Optimization of NACA2414 Airfoil Under Low Reynolds Number and Variable Turbulence Intensity Regimes,SSRN Electronic Journal,preprint,10.2139/ssrn.6850327,0,green
W7168482834,Q6,2026,Muhammad Muneeb Safdar,3,Rotor Optimization Framework Introducing Discrete Airfoil Selection with Computational Fluid Dynamics Validation,Journal of Aircraft,article,10.2514/1.c038999,0,closed
W7110621364,Q1 Q2,2011,"Polat, Özge",1,Rüzgar türbini rotor palasının sınır tabaka hesaplamalı iki boyutlu panel metodu ile genetik algoritma tabanlı aerodinamik şekil optimizasyonu.,OpenMETU (Middle East Technical University),dissertation,,0,closed
W2885026697,Q2,2018,Jason D Stanko,3,Shape Optimization of Rotorcraft Airfoils Using a Genetic Algorithm,,conference-paper,10.4050/f-0074-2018-12706,0,closed
W4416024512,Q2,2025,Mohammad Ali Forouzesh,4,Shape optimization of a dragonfly-inspired corrugated airfoil in ultralow Reynolds flow regimes via a genetic algorithm,Journal of Mechanical Science and Technology,article,10.1007/s12206-025-2306-7,0,closed
W2467756229,Q2,2015,Kyle Tsai,1,Shape optimization of cambered airfoils using a genetic algorithm and a multipoint inverse method,,article,,0,closed
W2886267243,Q1,2018,Greeshma Boohalli Shivamallegowda,1,Simulation and Optimisation of unsteady aerodynamic performance of a 2D VAWT rotor: With emphasis on airfoil design,,article,,0,closed
W7212109362,Q6,2026,Md Sadat Shahrier Sawron,1,Standardized Mid-Fidelity Aerodynamic Comparison of Four Tiltrotor eVTOL Configurations Using SUAVE and VSPAero,,preprint,10.31224/8181,0,gold
W3184702215,Q1,2015,K. A. Matis,1,Structural Optimization of a Horizontal Axis Wind Turbine Blade: The Smart Rotor Case,Research Repository (Delft University of Technology),dissertation,,0,closed
W7126120549,Q1,2026,Stephen K. Griggs,1,Sundancer: A Solar UAV Platform for Emergency Communications,,conference-paper,10.2514/6.2026-1863,0,closed
W4394940065,Q6,2024,Jigar Parekh,5,Surrogate Based Design Space Exploration and Exploitation for an Efficient Airfoil Optimization Under Uncertainties Using Transition Models,SSRN Electronic Journal,preprint,10.2139/ssrn.4800011,0,green
W7167248400,Q1 Q3 Q6,2026,Walid Abouzoul,4,Surrogate-based constrained optimization of camber-morphing airfoils: Onset location as a design variable and quantification of adaptive versus robust morphing strategies,Aerospace Science and Technology,article,10.1016/j.ast.2026.113128,0,hybrid
W4385894241,Q1,2023,Cem Güzelbulut,2,System Modelling and Design Optimization of Wind Sails Under Different Sea and Wind Conditions,,conference-paper,10.23967/marine.2023.021,0,gold
W7132918614,Q2,2024,André L. Marchildon,1,The Development of a Versatile and Efficient Gradient-Enhanced Bayesian Optimizer for Nonlinearly Constrained Optimization with Application to Aerodynamic Shape Optimization,TSpace (University of Toronto),dissertation,,0,green
W7127222621,Q6,2025,Ashley Aiden Wachman,1,The Effect of Covariance in Fluid Model Uncertainties on Robust Aerodynamic Design Optimisation,The Sydney eScholarship Repository (The University of Sydney),dissertation,,0,closed
W4400323364,Q2,2024,Yihua Wang,2,The Influence of Design Space on Aerodynamic Shape Optimization,Lecture notes in electrical engineering,conference-paper,10.1007/978-981-97-4010-9_37,0,closed
W4387319079,Q1,2023,Hossein Seifi Davari,3,The SG 6043 Airfoil Optimization for Low Reynolds Number Applications in Wind Turbines,SSRN Electronic Journal,preprint,10.2139/ssrn.4565348,0,green
W2370106002,Q2,2011,Yang Zhang,1,The research of robust supercritical airfoil design optimization,Kongqi donglixue xuebao,article,,0,closed
W4416546128,Q2,2025,"Ramos, David",4,Transfer learning-enhanced deep reinforcement learning for aerodynamic airfoil optimisation subject to structural constraints,arXiv (Cornell University),preprint,10.48550/arxiv.2505.02634,0,green
W7167830513,Q1,2026,Diana-Andreea Sterpu,1,Tuning Machine Learning Outcomes for Airfoil Aerodynamics Seed Sensitivity in Predictive Performance,Materials research proceedings,conference-paper,10.21741/9781644904251-15,0,closed
W7132846837,Q1,2025,Bekir Ağırgün,1,UAV Component Database,Zenodo (CERN European Organization for Nuclear Research),other,10.5281/zenodo.18817058,0,green
W7132843239,Q1,2025,Bekir Ağırgün,1,UAV Component Database,,dataset,10.5281/zenodo.18817057,0,gold
W2996830235,Q2,2020,Ali Reza Davari,2,Variable Population Models in a Neural Network- Augmented Genetic Algorithm for Shape Optimization,AUT Journal of Mechanical Engineering,article,10.22060/ajme.2020.16445.5819,0,green
W4210593669,Q1,2021,Krishneel A. Singh,4,"Wind Energy Resource Assessment for Suva, Fiji and Design of a 30 kW Wind Turbine",,conference-paper,10.1115/imece2021-73401,0,closed
W7126017971,Q6,2026,Lajos Fohlmeister,7,Wind Tunnel Measurements of a Swept-Wing With Active Suction,,conference-paper,10.2514/6.2026-0692,0,closed
W4403747138,Q1,2024,Arjun Sharma,2,Wing Optimisation for a tractor propeller driven Micro Aerial Vehicle,arXiv (Cornell University),preprint,10.48550/arxiv.2409.12345,0,green
W4407397294,Q2,2025,Dong‐Gun Lee,4,Wing Shape Optimization of Underwater Floats With Motion Constraints,,conference-paper,10.2514/6.2025-2810,0,closed
W4409083322,Q1,2025,Raheem Alhamdawee,1,XFOIL Validation of a Particle Swarm Optimization of Low-Speed Wind Turbine Airfoils,Advances in Nonlinear Variational Inequalities,article,10.52783/anvi.v28.3952,0,diamond
W7112775104,Q1,2019,"Oğuz, Keriman",1,"Yatay eksenli rüzgar türbini kanatlarının sınıf-şekil transformasyonu metodu, pala elemanı momentum teorisi ve genetik algoritma kullanılarak aerodinamik optimizasyonu.",OpenMETU (Middle East Technical University),dissertation,,0,green
