mesh,alpha,surface,x,y,cp,cf
medium,10,lower,0.999182272249741,-0.000115897288341632,0.17237516,0.00239937798965852
medium,10,lower,0.99749702177486,-0.000354488992029088,0.16819069,0.00207971237395512
medium,10,lower,0.995712242527303,-0.000606621272550984,0.16293374,0.00202085135673098
medium,10,lower,0.993828068863424,-0.000872182891922228,0.16083632,0.00206598786191187
medium,10,lower,0.991844659151727,-0.00115105492227899,0.15712273,0.00208049339175487
medium,10,lower,0.989762195778117,-0.00144311090829694,0.15441418,0.00211034639515033
medium,10,lower,0.987580885145733,-0.00174821703436291,0.15127504,0.00213002534037348
medium,10,lower,0.985300957670116,-0.00206623230251236,0.1485675,0.00215338356366175
medium,10,lower,0.982922667769198,-0.00239700871745239,0.14578298,0.00217272928758615
medium,10,lower,0.980446293847699,-0.00274039147596243,0.14321101,0.00219265343746308
medium,10,lower,0.977872138276868,-0.00309621916823415,0.14067408,0.00221071703914701
medium,10,lower,0.975200527367657,-0.00346432397623373,0.13826869,0.00222846500314374
medium,10,lower,0.972431811338812,-0.00384453188120221,0.13593242,0.0022451416816161
medium,10,lower,0.969566364279456,-0.00423666287740687,0.13369621,0.0022612866649946
medium,10,lower,0.966604584105197,-0.00464053118418089,0.1315375,0.00227668618037273
medium,10,lower,0.963546892508784,-0.00505594546537378,0.12946543,0.00229153849669546
medium,10,lower,0.960393734903798,-0.00548270904258022,0.12747119,0.00230579561207735
medium,10,lower,0.957145580363084,-0.00592062011865242,0.12555666,0.00231954151335077
medium,10,lower,0.953802921550355,-0.00636947199642742,0.12371767,0.0023327800462908
medium,10,lower,0.950366274644949,-0.00682905329305303,0.1219536,0.00234555706508443
medium,10,lower,0.946836179261183,-0.00729914816420806,0.12026192,0.00235789273699881
medium,10,lower,0.943213198359973,-0.00777953651491862,0.11864156,0.00236981797579725
medium,10,lower,0.939497918154061,-0.00826999421026611,0.11709104,0.00238135009540609
medium,10,lower,0.935690948006758,-0.00877029328583029,0.11560914,0.00239250850988216
medium,10,lower,0.931792920323633,-0.00928020215138705,0.11419453,0.00240330996093015
medium,10,lower,0.927804490437316,-0.00979948578955367,0.11284589,0.00241377302049909
medium,10,lower,0.923726336485369,-0.0103279059488068,0.11156207,0.00242391215671402
medium,10,lower,0.919559159281179,-0.0108652213301386,0.11034163,0.00243374220545281
medium,10,lower,0.915303682177828,-0.0114111877661266,0.10918342,0.0024432726292824
medium,10,lower,0.910960650924885,-0.0119655583914925,0.10808609,0.00245247782816133
medium,10,lower,0.906530833518338,-0.0125280838081765,0.10704844,0.00246140908423823
medium,10,lower,0.902015020043476,-0.0130985122416622,0.1060693,0.00247008929618341
medium,10,lower,0.897414022510616,-0.0136765896857262,0.10514764,0.0024785313096892
medium,10,lower,0.89272867468375,-0.0142620600350041,0.10428253,0.00248674614139373
medium,10,lower,0.887959831902428,-0.0148546652110968,0.10347314,0.00249474390841329
medium,10,lower,0.883108370896911,-0.0154541452830359,0.10271874,0.00250253358908816
medium,10,lower,0.878175189596127,-0.0160602385696608,0.10201865,0.00251012301228072
medium,10,lower,0.873161206928732,-0.016672681726756,0.10137212,0.00251752082607492
medium,10,lower,0.868067362617918,-0.0172912098357776,0.1007788,0.00252473024353883
medium,10,lower,0.862894616969395,-0.0179155564770088,0.10023738,0.00253175181090881
medium,10,lower,0.85764395065249,-0.018545453778593,0.099745758,0.00253860451117069
medium,10,lower,0.852316364475349,-0.0191806324724829,0.099303253,0.00254530578668713
medium,10,lower,0.846912879153578,-0.0198208219308961,0.098909408,0.00255186033518055
medium,10,lower,0.84143453507251,-0.0204657501824517,0.098564118,0.00255826803956194
medium,10,lower,0.83588239204382,-0.0211151439360756,0.098266423,0.00256453275706997
medium,10,lower,0.830257529055852,-0.021768728575077,0.098015673,0.00257066345268025
medium,10,lower,0.824561044018328,-0.0224262281490945,0.097811207,0.00257666598259638
medium,10,lower,0.818794053501556,-0.0230873653611178,0.097652122,0.00258255275170038
medium,10,lower,0.812957692469884,-0.0237518615256284,0.097538538,0.00258832248257115
medium,10,lower,0.80705311401022,-0.0244194365396138,0.09746892,0.00259399747169344
medium,10,lower,0.801081489055188,-0.0250898088252467,0.097442821,0.00259955711217853
medium,10,lower,0.795044006101506,-0.0257626952736226,0.097460382,0.00260499020800108
medium,10,lower,0.788941870923646,-0.0264378111805225,0.097519174,0.00261041132468483
medium,10,lower,0.782776306282822,-0.0271148701633372,0.097617999,0.00261571101075472
medium,10,lower,0.776548551631898,-0.0277935840899785,0.097759627,0.00262094764350846
medium,10,lower,0.770259862815871,-0.0284736629771844,0.097942457,0.00262609927434935
medium,10,lower,0.763911511768735,-0.029154814906273,0.098166518,0.00263118050750162
medium,10,lower,0.757504786206424,-0.0298367459162045,0.098431006,0.00263619233391161
medium,10,lower,0.751040989316406,-0.0305191599022997,0.098734774,0.00264115960858698
medium,10,lower,0.744521439443981,-0.0312017585096868,0.099080257,0.00264606969743593
medium,10,lower,0.737947469775464,-0.0318842410174482,0.099464014,0.00265092609161796
medium,10,lower,0.731320428018756,-0.0325663042367948,0.099887647,0.00265574512566639
medium,10,lower,0.724641676081001,-0.0332476423845385,0.10034932,0.00266052271879636
medium,10,lower,0.71791258974428,-0.0339279469854459,0.10085005,0.00266527387552713
medium,10,lower,0.711134558338748,-0.0346069067466578,0.10139058,0.00266998802163679
medium,10,lower,0.704308984414241,-0.0352842074597024,0.10197046,0.00267466567337917
medium,10,lower,0.697437283409902,-0.0359595318865793,0.1025893,0.00267933239659953
medium,10,lower,0.690520883322519,-0.036632559660603,0.1032504,0.00268397246203962
medium,10,lower,0.683561224373593,-0.0373029671911007,0.10395131,0.00268858032773623
medium,10,lower,0.676559758675239,-0.0379704275641973,0.10469291,0.00269317502079422
medium,10,lower,0.669517949895626,-0.0386346104733847,0.10547493,0.00269775005758115
medium,10,lower,0.662437272923279,-0.0392951821224893,0.10629686,0.00270231917646595
medium,10,lower,0.655319213531664,-0.0399518051814435,0.10716038,0.00270688898989629
medium,10,lower,0.648165268042904,-0.0406041387061742,0.10806664,0.00271145945235882
medium,10,lower,0.640976942992087,-0.0412518381098295,0.10901845,0.00271602208749231
medium,10,lower,0.633755754791383,-0.0418945551161875,0.11001658,0.00272055949879219
medium,10,lower,0.626503229394693,-0.0425319377394409,0.11105818,0.00272513041813021
medium,10,lower,0.619220901962984,-0.0431636302826039,0.1121475,0.00272958398741811
medium,10,lower,0.61191031652992,-0.0437892733219923,0.11328235,0.00273408871035324
medium,10,lower,0.604573025669077,-0.0444085037590529,0.11446399,0.00273862180636849
medium,10,lower,0.597210590161292,-0.0450209548148554,0.11569684,0.00274316384848428
medium,10,lower,0.589824578664041,-0.0456262561184065,0.11698408,0.00274767965308131
medium,10,lower,0.582416567381473,-0.0462240337474142,0.11832573,0.0027521673114277
medium,10,lower,0.574988139736122,-0.0468139103242659,0.11972372,0.00275662293048276
medium,10,lower,0.567540886042222,-0.04739550512851,0.12117611,0.00276105884275924
medium,10,lower,0.560076403180149,-0.0479684341852063,0.12268312,0.00276551498080802
medium,10,lower,0.552596294273225,-0.0485323104583773,0.1242502,0.00276999214001847
medium,10,lower,0.54510216836547,-0.0490867439453299,0.12588499,0.00277442597388827
medium,10,lower,0.537595640101715,-0.0496313419052009,0.12758698,0.0027787995602743
medium,10,lower,0.530078329409273,-0.0501657090334006,0.12935871,0.0027831169826367
medium,10,lower,0.52255186118132,-0.0506894476620285,0.13119517,0.00278737908544915
medium,10,lower,0.515017864962375,-0.0512021580556581,0.1330993,0.00279165318476802
medium,10,lower,0.507477974635306,-0.0517034385758635,0.13508169,0.00279596376839889
medium,10,lower,0.4999338281102,-0.0521928860369128,0.13714887,0.00280020869785358
medium,10,lower,0.492387067015091,-0.0526700959564404,0.13929813,0.00280426826496033
medium,10,lower,0.484839336388227,-0.0531346628493546,0.14153209,0.00280821802177834
medium,10,lower,0.477292284371705,-0.053586180646732,0.14384295,0.0028121957917304
medium,10,lower,0.469747561907415,-0.0540242429151409,0.14624855,0.00281615045192634
medium,10,lower,0.462206822433374,-0.0544484433174545,0.14875501,0.00281996254534565
medium,10,lower,0.454671721581943,-0.054858375989121,0.15136528,0.00282361610677503
medium,10,lower,0.447143916879756,-0.0552536358470338,0.15407583,0.00282708870114631
medium,10,lower,0.439625067446962,-0.0556338191528783,0.15687795,0.00283054515936207
medium,10,lower,0.432116833699695,-0.0559985238095174,0.15980017,0.0028339398796001
medium,10,lower,0.424620877052073,-0.0563473498180002,0.16284302,0.00283710621235772
medium,10,lower,0.417138859617458,-0.0566798998801583,0.16601326,0.00283998856872655
medium,10,lower,0.409672443914006,-0.0569957796452945,0.16928993,0.00284272352308033
medium,10,lower,0.402223292567123,-0.0572945982929161,0.17269474,0.00284543060561031
medium,10,lower,0.394793068011695,-0.0575759691502878,0.17624387,0.00284788623750425
medium,10,lower,0.387383432199143,-0.0578395099093864,0.1799393,0.00284999186939989
medium,10,lower,0.379996046299173,-0.0580848432941733,0.18377332,0.00285178302407834
medium,10,lower,0.372632570401509,-0.0583115977125133,0.18773787,0.00285351361571679
medium,10,lower,0.365294663223241,-0.0585194074141624,0.19187924,0.00285499304362763
medium,10,lower,0.35798398180916,-0.0587079131983325,0.19618474,0.00285597862399549
medium,10,lower,0.350702181231326,-0.0588767631650889,0.20065443,0.00285658323546616
medium,10,lower,0.343450914295806,-0.0590256127649585,0.20527406,0.00285704732745539
medium,10,lower,0.336231831241947,-0.0591541254438958,0.21010016,0.00285716046541283
medium,10,lower,0.32904657943883,-0.0592619735807822,0.21511561,0.00285654030506204
medium,10,lower,0.321896803089314,-0.0593488385863715,0.22030215,0.00285559934670179
medium,10,lower,0.314784142931053,-0.0594144110296508,0.22569084,0.00285440376400232
medium,10,lower,0.307710235930836,-0.0594583917014262,0.23130144,0.00285263719240218
medium,10,lower,0.300676714983047,-0.0594804919006364,0.2371337,0.00285004865595645
medium,10,lower,0.293685208614855,-0.0594804357158401,0.24314059,0.00284721915102854
medium,10,lower,0.286737340683339,-0.0594579570820578,0.24941863,0.00284398163030367
medium,10,lower,0.279834730070981,-0.0594128002045233,0.25593463,0.00283957921389076
medium,10,lower,0.27297899038975,-0.0593447235877797,0.26265517,0.00283477240617085
medium,10,lower,0.266171729689566,-0.0592534984711893,0.2696602,0.00282942754144163
medium,10,lower,0.259414550161891,-0.0591389089964623,0.27693114,0.00282290707683514
medium,10,lower,0.252709047844096,-0.0590007523077511,0.28443792,0.00281579696120055
medium,10,lower,0.246056812335278,-0.0588388392861209,0.29224667,0.00280798059145174
medium,10,lower,0.239459426517727,-0.0586529949296183,0.30035299,0.00279882033175949
medium,10,lower,0.232918466284416,-0.0584430586060605,0.30871397,0.00278892023961821
medium,10,lower,0.226435500267188,-0.0582088840771871,0.31741405,0.00277810561752331
medium,10,lower,0.22001208957626,-0.0579503396483219,0.32643586,0.00276557268500873
medium,10,lower,0.213649787556428,-0.0576673084597195,0.33573446,0.00275222702417992
medium,10,lower,0.207350139552963,-0.0573596885949691,0.34541479,0.00273779934444735
medium,10,lower,0.201114682694598,-0.0570273931845305,0.35540941,0.00272197043372077
medium,10,lower,0.1949449456904,-0.0566703504036467,0.36577019,0.00270522182277534
medium,10,lower,0.188842448643519,-0.0562885033960096,0.37651223,0.00268681316469642
medium,10,lower,0.182808702892799,-0.0558818102497116,0.38758972,0.00266728862450959
medium,10,lower,0.176845210881344,-0.0554502439228844,0.39909667,0.00264630737480095
medium,10,lower,0.17095346605356,-0.0549937920920935,0.41096413,0.00262372130614135
medium,10,lower,0.16513495278645,-0.0545124569526691,0.4232721,0.00259962255516156
medium,10,lower,0.159391146359877,-0.0540062549695701,0.4359751,0.00257374018180761
medium,10,lower,0.153723512971113,-0.0534752165776166,0.44913068,0.00254613733728797
medium,10,lower,0.148133509799849,-0.05291938583143,0.46271133,0.00251661003581975
medium,10,lower,0.142622585130108,-0.052338820001972,0.47676268,0.0024851217519194
medium,10,lower,0.137192178535731,-0.051733589114844,0.49126399,0.00245150944131131
medium,10,lower,0.131843721139896,-0.0511037754420451,0.50625414,0.00241573133079039
medium,10,lower,0.126578635958482,-0.0504494729456843,0.5217219,0.00237754884398352
medium,10,lower,0.121398338336866,-0.0497707866649044,0.53769022,0.00233697311260971
medium,10,lower,0.116304236493442,-0.0490678320524161,0.55416483,0.00229372968863544
medium,10,lower,0.111297732184333,-0.0483407342630708,0.57115036,0.00224777205620857
medium,10,lower,0.106380221505484,-0.0475896273967261,0.58865756,0.00219896445084625
medium,10,lower,0.101553095849572,-0.0468146536967198,0.60668981,0.00214707403577306
medium,10,lower,0.0968177430433192,-0.046015962721645,0.62525046,0.00209173465706471
medium,10,lower,0.0921755486893848,-0.0451937104942942,0.64433831,0.00203227265752965
medium,10,lower,0.087627897738354,-0.0443480586296564,0.66394812,0.00196765852410525
medium,10,lower,0.0831761763265053,-0.0434791734652601,0.68406969,0.00189666292050972
medium,10,lower,0.0788217739174896,-0.0425872252128055,0.70469177,0.00181786361713027
medium,10,lower,0.0745660857920433,-0.041672387157194,0.72579503,0.00172761424361864
medium,10,lower,0.0704105159193044,-0.0407348349187861,0.74732912,0.00161617240682462
medium,10,lower,0.0663564802777669,-0.0397747458481119,0.76913393,0.00147456670618667
medium,10,lower,0.062405410751643,-0.0387922986719294,0.79114461,0.00132559261663154
medium,10,lower,0.058558759615277,-0.0377876733837121,0.81344306,0.00122081289021869
medium,10,lower,0.0548180046066429,-0.0367610514353097,0.83598173,0.00116337465638657
medium,10,lower,0.051184654796639,-0.0357126165029889,0.85854095,0.00112091230626221
medium,10,lower,0.047660257488583,-0.0346425560713663,0.88089824,0.00107552451364448
medium,10,lower,0.0442464058986636,-0.0335510638632755,0.90282315,0.00102078983993603
medium,10,lower,0.040944747889462,-0.0324383435891935,0.9240188,0.000952946904068845
medium,10,lower,0.0377569961298767,-0.0313046146069509,0.9441005,0.000868843154241139
medium,10,lower,0.0346849390382864,-0.0301501197963658,0.96260613,0.000762793557918442
medium,10,lower,0.0317304532685634,-0.0289751367593763,0.9787575,0.000636258126874432
medium,10,lower,0.0288955169268718,-0.0277799932429666,0.99222034,0.000468357787438723
medium,10,lower,0.0261822235791415,-0.0265650882750066,1.0009505,0.00027856007438306
medium,10,lower,0.0235927961141472,-0.0253309208949066,1.0055078,1.77113493684643e-05
medium,10,lower,0.0211295989730894,-0.0240781287864141,1.0026389,-0.000232991808189659
medium,10,lower,0.018795147444199,-0.0228075400425597,0.9906249,-0.000603465050351987
medium,10,lower,0.0165921089999268,-0.021520241449567,0.96903598,-0.00102344340676853
medium,10,lower,0.0145232930312627,-0.0202176678184853,0.93194377,-0.0015670557805218
medium,10,lower,0.0125916201499492,-0.0189017165880306,0.87760323,-0.0022031292547708
medium,10,lower,0.0108000586391145,-0.0175748911076117,0.80100983,-0.00297651914167762
medium,10,lower,0.0091515156659119,-0.0162404740368654,0.69768357,-0.00389626871190902
medium,10,lower,0.00764866099965046,-0.0149027256533798,0.56247413,-0.0049854805859016
medium,10,lower,0.00629366605806686,-0.0135670930019781,0.39025098,-0.00625415325388097
medium,10,lower,0.0050878420071394,-0.0122404002086091,0.17709212,-0.00771143336014948
medium,10,lower,0.00403117849195786,-0.0109309728560487,-0.079757214,-0.00934059401712429
medium,10,lower,0.00312181544896485,-0.00964863433777778,-0.37842733,-0.0111114167232018
medium,10,lower,0.00235552201618363,-0.00840451144842358,-0.71460903,-0.0130885177867142
medium,10,lower,0.00172529844651893,-0.00721061272826013,-1.0844512,-0.015169366696512
medium,10,lower,0.00122123614473335,-0.00607920156826806,-1.4653379,-0.0172965884922616
medium,10,lower,0.000830739948361331,-0.00502205949879921,-1.8466312,-0.0195053608525569
medium,10,lower,0.000539117089569933,-0.00404978524214713,-2.212821,-0.0216110967252661
medium,10,lower,0.00033045398277441,-0.00317127912606724,-2.551254,-0.0234184419490498
medium,10,lower,0.000188606159644121,-0.00239350009612757,-2.8524876,-0.0248284685580259
medium,10,lower,9.8122573779636e-05,-0.00172149800686021,-3.1110191,-0.0258739845821486
medium,10,lower,4.50026400123911e-05,-0.00115865688762233,-3.3242157,-0.026624034868957
medium,10,lower,1.72066746690204e-05,-0.000707049100982909,-3.4922638,-0.0271192760746075
medium,10,lower,4.94780577903578e-06,-0.000367812971475641,-3.6165116,-0.0273602410368817
medium,10,lower,8.79482908810736e-07,-0.000141492450932279,-3.6972749,-0.0275744093106283
medium,10,lower,6.60747891302155e-08,-2.83007751423162e-05,-3.7457101,-0.0272466821032206
medium,10,upper,6.60747891302155e-08,2.83007751423162e-05,-3.7571259,0.0271130560884194
medium,10,upper,8.79482908810736e-07,0.000141492450932279,-3.8179302,0.0276319476000178
medium,10,upper,4.94780577903578e-06,0.000367812971475641,-3.8920088,0.0277634335420743
medium,10,upper,1.72066746690204e-05,0.000707049100982909,-4.012383,0.0285177531208773
medium,10,upper,4.50026400123911e-05,0.00115865688762233,-4.1674895,0.0291824979763997
medium,10,upper,9.8122573779636e-05,0.00172149800686021,-4.3547745,0.0298688124224974
medium,10,upper,0.000188606159644121,0.00239350009612757,-4.566174,0.0304892169363451
medium,10,upper,0.00033045398277441,0.00317127912606724,-4.7896929,0.0309815037842157
medium,10,upper,0.000539117089569933,0.00404978524214713,-5.0113521,0.0313041215748154
medium,10,upper,0.000830739948361331,0.00502205949879921,-5.2167897,0.0313759538991665
medium,10,upper,0.00122123614473335,0.00607920156826806,-5.3874784,0.0310975670160957
medium,10,upper,0.00172529844651893,0.00721061272826013,-5.5064416,0.0305266035084023
medium,10,upper,0.00235552201618363,0.00840451144842358,-5.5714169,0.0293601155584737
medium,10,upper,0.00312181544896485,0.00964863433777778,-5.5762343,0.0284108718490478
medium,10,upper,0.00403117849195786,0.0109309728560487,-5.5233746,0.0268782224339854
medium,10,upper,0.0050878420071394,0.0122404002086091,-5.4251652,0.0253720279846803
medium,10,upper,0.00629366605806686,0.0135670930019781,-5.2891765,0.0238417581128554
medium,10,upper,0.00764866099965046,0.0149027256533798,-5.1283259,0.0223426400588168
medium,10,upper,0.0091515156659119,0.0162404740368654,-4.9507465,0.0208950780920661
medium,10,upper,0.0108000586391145,0.0175748911076117,-4.7665048,0.0195181277210389
medium,10,upper,0.0125916201499492,0.0189017165880306,-4.5790234,0.018249021305299
medium,10,upper,0.0145232930312627,0.0202176678184853,-4.395318,0.0171084407006718
medium,10,upper,0.0165921089999268,0.021520241449567,-4.2167792,0.016078955840668
medium,10,upper,0.018795147444199,0.0228075400425597,-4.0457211,0.0151599017952868
medium,10,upper,0.0211295989730894,0.0240781287864141,-3.8830497,0.0143314910086455
medium,10,upper,0.0235927961141472,0.0253309208949066,-3.7285943,0.013585943876372
medium,10,upper,0.0261822235791415,0.0265650882750066,-3.5830548,0.0129194846654843
medium,10,upper,0.0288955169268718,0.0277799932429666,-3.446245,0.0123203766976107
medium,10,upper,0.0317304532685634,0.0289751367593763,-3.3177474,0.0117799177208292
medium,10,upper,0.0346849390382864,0.0301501197963658,-3.197109,0.0112907127993028
medium,10,upper,0.0377569961298767,0.0313046146069509,-3.0838413,0.0108463300071926
medium,10,upper,0.040944747889462,0.0324383435891935,-2.9774671,0.0104409132842887
medium,10,upper,0.0442464058986636,0.0335510638632755,-2.8774683,0.0100689918742006
medium,10,upper,0.047660257488583,0.0346425560713663,-2.7833509,0.0097266785097793
medium,10,upper,0.051184654796639,0.0357126165029889,-2.6946864,0.00941139056329006
medium,10,upper,0.0548180046066429,0.0367610514353097,-2.611057,0.00911920168285713
medium,10,upper,0.058558759615277,0.0377876733837121,-2.5320523,0.00884795994980626
medium,10,upper,0.062405410751643,0.0387922986719294,-2.4573188,0.00859587838603549
medium,10,upper,0.0663564802777669,0.0397747458481119,-2.3865502,0.00836036626289742
medium,10,upper,0.0704105159193044,0.0407348349187861,-2.31937,0.00813985817055555
medium,10,upper,0.0745660857920433,0.041672387157194,-2.2555809,0.00793316411677656
medium,10,upper,0.0788217739174896,0.0425872252128055,-2.1948814,0.00773839640183457
medium,10,upper,0.0831761763265053,0.0434791734652601,-2.1370416,0.00755489808958832
medium,10,upper,0.087627897738354,0.0443480586296564,-2.0818861,0.0073811760538629
medium,10,upper,0.0921755486893848,0.0451937104942942,-2.0291548,0.0072165374930619
medium,10,upper,0.0968177430433192,0.046015962721645,-1.9787476,0.00706019061457462
medium,10,upper,0.101553095849572,0.0468146536967198,-1.9304357,0.00691108440930159
medium,10,upper,0.106380221505484,0.0475896273967261,-1.8841014,0.00676926058720463
medium,10,upper,0.111297732184333,0.0483407342630708,-1.8396395,0.00663316828760651
medium,10,upper,0.116304236493442,0.0490678320524161,-1.796814,0.00650341592160409
medium,10,upper,0.121398338336866,0.0497707866649044,-1.7557112,0.00637860316346044
medium,10,upper,0.126578635958482,0.0504494729456843,-1.7159599,0.00625845818695417
medium,10,upper,0.131843721139896,0.0511037754420451,-1.6777233,0.0061435277602706
medium,10,upper,0.137192178535731,0.051733589114844,-1.640747,0.00603184879554938
medium,10,upper,0.142622585130108,0.052338820001972,-1.6049799,0.00592492479603035
medium,10,upper,0.148133509799849,0.05291938583143,-1.5704595,0.00582131224671577
medium,10,upper,0.153723512971113,0.0534752165776166,-1.5369096,0.00572077634531165
medium,10,upper,0.159391146359877,0.0540062549695701,-1.5044472,0.0056243585234849
medium,10,upper,0.16513495278645,0.0545124569526691,-1.4729681,0.00553030577074404
medium,10,upper,0.17095346605356,0.0549937920920935,-1.4423304,0.00543914791980824
medium,10,upper,0.176845210881344,0.0554502439228844,-1.4126133,0.00535108135349384
medium,10,upper,0.182808702892799,0.0558818102497116,-1.3837087,0.00526480637711194
medium,10,upper,0.188842448643519,0.0562885033960096,-1.3555261,0.00518093332472394
medium,10,upper,0.1949449456904,0.0566703504036467,-1.3281209,0.00509982300301988
medium,10,upper,0.201114682694598,0.0570273931845305,-1.3014193,0.00502042240685303
medium,10,upper,0.207350139552963,0.0573596885949691,-1.2753322,0.00494289315009744
medium,10,upper,0.213649787556428,0.0576673084597195,-1.2498935,0.00486795223315069
medium,10,upper,0.22001208957626,0.0579503396483219,-1.2251018,0.0047945386771966
medium,10,upper,0.226435500267188,0.0582088840771871,-1.2008126,0.00472247822131526
medium,10,upper,0.232918466284416,0.0584430586060605,-1.1770866,0.00465264923357359
medium,10,upper,0.239459426517727,0.0586529949296183,-1.1539207,0.00458442871259359
medium,10,upper,0.246056812335278,0.0588388392861209,-1.1312335,0.00451738945378454
medium,10,upper,0.252709047844096,0.0590007523077511,-1.1090111,0.0044517243558426
medium,10,upper,0.259414550161891,0.0591389089964623,-1.0872602,0.00438786711239722
medium,10,upper,0.266171729689566,0.0592534984711893,-1.0659875,0.00432519705100589
medium,10,upper,0.27297899038975,0.0593447235877797,-1.0450922,0.00426358385167927
medium,10,upper,0.279834730070981,0.0594128002045233,-1.0246173,0.00420345024011584
medium,10,upper,0.286737340683339,0.0594579570820578,-1.0045462,0.0041448007971785
medium,10,upper,0.293685208614855,0.0594804357158401,-0.98488444,0.00408711012273818
medium,10,upper,0.300676714983047,0.0594804919006364,-0.9655447,0.00403035709597519
medium,10,upper,0.307710235930836,0.0594583917014262,-0.94657141,0.00397494015779701
medium,10,upper,0.314784142931053,0.0594144110296508,-0.92795396,0.00392075873181605
medium,10,upper,0.321896803089314,0.0593488385863715,-0.9096871,0.00386750167398269
medium,10,upper,0.32904657943883,0.0592619735807822,-0.89171714,0.00381501981491442
medium,10,upper,0.336231831241947,0.0591541254438958,-0.87405396,0.00376366776196976
medium,10,upper,0.343450914295806,0.0590256127649585,-0.85671216,0.00371340399948827
medium,10,upper,0.350702181231326,0.0588767631650889,-0.83967233,0.00366395736960502
medium,10,upper,0.35798398180916,0.0587079131983325,-0.82291847,0.00361515693355779
medium,10,upper,0.365294663223241,0.0585194074141624,-0.80641913,0.00356709747555483
medium,10,upper,0.372632570401509,0.0583115977125133,-0.79020166,0.00352007078443394
medium,10,upper,0.379996046299173,0.0580848432941733,-0.77425951,0.00347395169784726
medium,10,upper,0.387383432199143,0.0578395099093864,-0.75858021,0.00342853903215544
medium,10,upper,0.394793068011695,0.0575759691502878,-0.74313617,0.00338374036960784
medium,10,upper,0.402223292567123,0.0572945982929161,-0.72792673,0.00333976196998871
medium,10,upper,0.409672443914006,0.0569957796452945,-0.71296567,0.00329665578927808
medium,10,upper,0.417138859617458,0.0566798998801583,-0.69824517,0.0032543201454728
medium,10,upper,0.424620877052073,0.0563473498180002,-0.68375427,0.0032125695733825
medium,10,upper,0.432116833699695,0.0559985238095174,-0.66946816,0.00317135090716786
medium,10,upper,0.439625067446962,0.0556338191528783,-0.6553905,0.00313087663243497
medium,10,upper,0.447143916879756,0.0552536358470338,-0.64153111,0.00309113196674165
medium,10,upper,0.454671721581943,0.054858375989121,-0.62788564,0.00305206300473226
medium,10,upper,0.462206822433374,0.0544484433174545,-0.61444223,0.00301351623983496
medium,10,upper,0.469747561907415,0.0540242429151409,-0.60118341,0.00297545316847704
medium,10,upper,0.477292284371705,0.053586180646732,-0.58810943,0.00293795322930605
medium,10,upper,0.484839336388227,0.0531346628493546,-0.57522285,0.0029010699072917
medium,10,upper,0.492387067015091,0.0526700959564404,-0.56252527,0.00286490204333291
medium,10,upper,0.4999338281102,0.0521928860369128,-0.55000669,0.00282910565392171
medium,10,upper,0.507477974635306,0.0517034385758635,-0.53766495,0.0027935107341113
medium,10,upper,0.515017864962375,0.0512021580556581,-0.5254755,0.00275845452804262
medium,10,upper,0.52255186118132,0.0506894476620285,-0.51344824,0.00272390689503316
medium,10,upper,0.530078329409273,0.0501657090334006,-0.50158435,0.0026898492854419
medium,10,upper,0.537595640101715,0.0496313419052009,-0.48988143,0.00265621147517668
medium,10,upper,0.54510216836547,0.0490867439453299,-0.47833177,0.00262296716137478
medium,10,upper,0.552596294273225,0.0485323104583773,-0.46692678,0.00259003948154154
medium,10,upper,0.560076403180149,0.0479684341852063,-0.45565668,0.00255745908955206
medium,10,upper,0.567540886042222,0.04739550512851,-0.44452685,0.00252526762184801
medium,10,upper,0.574988139736122,0.0468139103242659,-0.43353367,0.00249345256381005
medium,10,upper,0.582416567381473,0.0462240337474142,-0.4226771,0.00246199632888627
medium,10,upper,0.589824578664041,0.0456262561184065,-0.41194975,0.00243085298905555
medium,10,upper,0.597210590161292,0.0450209548148554,-0.40134653,0.00239996095553415
medium,10,upper,0.604573025669077,0.0444085037590529,-0.39085746,0.00236929824696527
medium,10,upper,0.61191031652992,0.0437892733219923,-0.38048279,0.0023389075959946
medium,10,upper,0.619220901962984,0.0431636302826039,-0.37022212,0.00230878566356426
medium,10,upper,0.626503229394693,0.0425319377394409,-0.36007351,0.00227891182054687
medium,10,upper,0.633755754791383,0.0418945551161875,-0.35003325,0.00224922586600677
medium,10,upper,0.640976942992087,0.0412518381098295,-0.34009784,0.00221968728057177
medium,10,upper,0.648165268042904,0.0406041387061742,-0.33025819,0.00219027119595467
medium,10,upper,0.655319213531664,0.0399518051814435,-0.32050994,0.00216100679418633
medium,10,upper,0.662437272923279,0.0392951821224893,-0.31085378,0.00213191106053243
medium,10,upper,0.669517949895626,0.0386346104733847,-0.30128798,0.00210296600071814
medium,10,upper,0.676559758675239,0.0379704275641973,-0.29181007,0.0020741555594881
medium,10,upper,0.683561224373593,0.0373029671911007,-0.2824167,0.00204544643755319
medium,10,upper,0.690520883322519,0.036632559660603,-0.27310276,0.00201679776046254
medium,10,upper,0.697437283409902,0.0359595318865793,-0.26386318,0.00198818897500353
medium,10,upper,0.704308984414241,0.0352842074597024,-0.25469512,0.00195959366841158
medium,10,upper,0.711134558338748,0.0346069067466578,-0.24559817,0.00193100354521672
medium,10,upper,0.71791258974428,0.0339279469854459,-0.23657112,0.0019024586149419
medium,10,upper,0.724641676081001,0.0332476423845385,-0.22761159,0.00187393981715467
medium,10,upper,0.731320428018756,0.0325663042367948,-0.21871623,0.00184541164238856
medium,10,upper,0.737947469775464,0.0318842410174482,-0.2098808,0.0018168484525574
medium,10,upper,0.744521439443981,0.0312017585096868,-0.20110248,0.00178823644310931
medium,10,upper,0.751040989316406,0.0305191599022997,-0.19237885,0.00175957370984387
medium,10,upper,0.757504786206424,0.0298367459162045,-0.18370931,0.00173087150968771
medium,10,upper,0.763911511768735,0.029154814906273,-0.17509346,0.00170212352187365
medium,10,upper,0.770259862815871,0.0284736629771844,-0.16652966,0.00167331181938066
medium,10,upper,0.776548551631898,0.0277935840899785,-0.15801589,0.00164441997663665
medium,10,upper,0.782776306282822,0.0271148701633372,-0.14955023,0.00161543389846358
medium,10,upper,0.788941870923646,0.0264378111805225,-0.14113118,0.00158634702861269
medium,10,upper,0.795044006101506,0.0257626952736226,-0.13275811,0.00155716234085075
medium,10,upper,0.801081489055188,0.0250898088252467,-0.12443136,0.00152788374528904
medium,10,upper,0.80705311401022,0.0244194365396138,-0.11615118,0.0014985111139558
medium,10,upper,0.812957692469884,0.0237518615256284,-0.1079179,0.00146903882730646
medium,10,upper,0.818794053501556,0.0230873653611178,-0.099731348,0.00143945898955137
medium,10,upper,0.824561044018328,0.0224262281490945,-0.091591544,0.00140976698310061
medium,10,upper,0.830257529055852,0.021768728575077,-0.083498783,0.00137996253381673
medium,10,upper,0.83588239204382,0.0211151439360756,-0.075453952,0.00135005066889831
medium,10,upper,0.84143453507251,0.0204657501824517,-0.067458503,0.00132004202144758
medium,10,upper,0.846912879153578,0.0198208219308961,-0.059514515,0.00128994956840039
medium,10,upper,0.852316364475349,0.0191806324724829,-0.05162438,0.00125978502623652
medium,10,upper,0.85764395065249,0.018545453778593,-0.043790597,0.00122955809384471
medium,10,upper,0.862894616969395,0.0179155564770088,-0.036015738,0.00119927897690298
medium,10,upper,0.868067362617918,0.0172912098357776,-0.028302608,0.00116896072715416
medium,10,upper,0.873161206928732,0.016672681726756,-0.020654393,0.00113862018458004
medium,10,upper,0.878175189596127,0.0160602385696608,-0.0130747,0.00110827773079031
medium,10,upper,0.883108370896911,0.0154541452830359,-0.0055675469,0.00107795628556928
medium,10,upper,0.887959831902428,0.0148546652110968,0.0018627084,0.00104767953119005
medium,10,upper,0.89272867468375,0.0142620600350041,0.0092115318,0.00101747197843479
medium,10,upper,0.897414022510616,0.0136765896857262,0.016474178,0.000987357774394561
medium,10,upper,0.902015020043476,0.0130985122416622,0.023645835,0.000957362713313414
medium,10,upper,0.906530833518338,0.0125280838081765,0.030721404,0.000927515638045084
medium,10,upper,0.910960650924885,0.0119655583914925,0.037695814,0.00089784621960863
medium,10,upper,0.915303682177828,0.0114111877661266,0.044563513,0.000868383196165061
medium,10,upper,0.919559159281179,0.0108652213301386,0.051319413,0.000839160690509877
medium,10,upper,0.923726336485369,0.0103279059488068,0.057957631,0.00081020379944832
medium,10,upper,0.927804490437316,0.00979948578955367,0.064473584,0.000781550465478764
medium,10,upper,0.931792920323633,0.00928020215138705,0.070860937,0.000753217091831029
medium,10,upper,0.935690948006758,0.00877029328583029,0.077116333,0.000725251374393626
medium,10,upper,0.939497918154061,0.00826999421026611,0.083232351,0.000697649646830062
medium,10,upper,0.943213198359973,0.00777953651491862,0.089208305,0.000670482448653613
medium,10,upper,0.946836179261183,0.00729914816420806,0.095034033,0.000643701184043979
medium,10,upper,0.950366274644949,0.00682905329305303,0.10071447,0.000617432655234019
medium,10,upper,0.953802921550355,0.00636947199642742,0.10623295,0.000591523307403654
medium,10,upper,0.957145580363084,0.00592062011865242,0.11160633,0.000566235046841852
medium,10,upper,0.960393734903798,0.00548270904258022,0.11680285,0.000541181537741034
medium,10,upper,0.963546892508784,0.00505594546537378,0.12186453,0.000516945948161134
medium,10,upper,0.966604584105197,0.00464053118418089,0.12672552,0.000492619636311603
medium,10,upper,0.969566364279456,0.00423666287740687,0.1314812,0.000469532442801975
medium,10,upper,0.972431811338812,0.00384453188120221,0.13599102,0.000445593576053223
medium,10,upper,0.975200527367657,0.00346432397623373,0.14046353,0.000423845778621033
medium,10,upper,0.977872138276868,0.00309621916823415,0.14459734,0.000399539289518664
medium,10,upper,0.980446293847699,0.00274039147596243,0.1488394,0.000379615569137602
medium,10,upper,0.982922667769198,0.00239700871745239,0.1525474,0.000353317044186714
medium,10,upper,0.985300957670116,0.00206623230251236,0.15666662,0.00033641508320147
medium,10,upper,0.987580885145733,0.00174821703436291,0.15984096,0.000304589744083971
medium,10,upper,0.989762195778117,0.00144311090829694,0.16403893,0.000293672729017951
medium,10,upper,0.991844659151727,0.00115105492227899,0.16643812,0.000249044781689041
medium,10,upper,0.993828068863424,0.000872182891922228,0.17099194,0.000252046536639488
medium,10,upper,0.995712242527303,0.000606621272550984,0.17220022,0.000180732498434861
medium,10,upper,0.99749702177486,0.000354488992029088,0.17783496,0.00023954073172202
medium,10,upper,0.999182272249741,0.000115897288341632,0.17585887,0.000259994927338623
medium,0,lower,0.999182272249741,-0.000115897288341632,0.23041253,0.000545351398750224
medium,0,lower,0.99749702177486,-0.000354488992029088,0.22715591,0.000830599142049059
medium,0,lower,0.995712242527303,-0.000606621272550984,0.21540849,0.000856712421371623
medium,0,lower,0.993828068863424,-0.000872182891922228,0.20973986,0.000982292901241359
medium,0,lower,0.991844659151727,-0.00115105492227899,0.20099051,0.00103010828855296
medium,0,lower,0.989762195778117,-0.00144311090829694,0.19464965,0.00110582906386697
medium,0,lower,0.987580885145733,-0.00174821703436291,0.18722722,0.00115332009796292
medium,0,lower,0.985300957670116,-0.00206623230251236,0.18077619,0.00120944454645561
medium,0,lower,0.982922667769198,-0.00239700871745239,0.17395571,0.00125443282493587
medium,0,lower,0.980446293847699,-0.00274039147596243,0.16754651,0.00130157302641809
medium,0,lower,0.977872138276868,-0.00309621916823415,0.16103554,0.00134382207133266
medium,0,lower,0.975200527367657,-0.00346432397623373,0.15471888,0.00138604829999302
medium,0,lower,0.972431811338812,-0.00384453188120221,0.14840223,0.0014257821317074
medium,0,lower,0.969566364279456,-0.00423666287740687,0.14219764,0.00146482327573189
medium,0,lower,0.966604584105197,-0.00464053118418089,0.13603269,0.00150232846807088
medium,0,lower,0.963546892508784,-0.00505594546537378,0.12995009,0.00153897840550499
medium,0,lower,0.960393734903798,-0.00548270904258022,0.12392373,0.00157449959277662
medium,0,lower,0.957145580363084,-0.00592062011865242,0.11797027,0.00160915851850788
medium,0,lower,0.953802921550355,-0.00636947199642742,0.11208072,0.00164287958857329
medium,0,lower,0.950366274644949,-0.00682905329305303,0.10626179,0.00167577669303309
medium,0,lower,0.946836179261183,-0.00729914816420806,0.10051033,0.00170782774667752
medium,0,lower,0.943213198359973,-0.00777953651491862,0.094828501,0.00173903014300258
medium,0,lower,0.939497918154061,-0.00826999421026611,0.089214906,0.00176944297541614
medium,0,lower,0.935690948006758,-0.00877029328583029,0.083669946,0.00179903768040997
medium,0,lower,0.931792920323633,-0.00928020215138705,0.078192681,0.00182782532925523
medium,0,lower,0.927804490437316,-0.00979948578955367,0.072783127,0.00185596764281181
medium,0,lower,0.923726336485369,-0.0103279059488068,0.067440845,0.00188348969095635
medium,0,lower,0.919559159281179,-0.0108652213301386,0.062165424,0.0019104101065795
medium,0,lower,0.915303682177828,-0.0114111877661266,0.056955822,0.00193674713330695
medium,0,lower,0.910960650924885,-0.0119655583914925,0.051810659,0.00196252483763414
medium,0,lower,0.906530833518338,-0.0125280838081765,0.046728309,0.0019877696657932
medium,0,lower,0.902015020043476,-0.0130985122416622,0.041707169,0.00201250794715121
medium,0,lower,0.897414022510616,-0.0136765896857262,0.036745656,0.00203676189028669
medium,0,lower,0.89272867468375,-0.0142620600350041,0.031842239,0.00206052591676158
medium,0,lower,0.887959831902428,-0.0148546652110968,0.026995031,0.0020837597911076
medium,0,lower,0.883108370896911,-0.0154541452830359,0.022202419,0.00210657853174736
medium,0,lower,0.878175189596127,-0.0160602385696608,0.017462948,0.00212900426060736
medium,0,lower,0.873161206928732,-0.016672681726756,0.012775323,0.00215105151745868
medium,0,lower,0.868067362617918,-0.0172912098357776,0.0081379004,0.00217273192662688
medium,0,lower,0.862894616969395,-0.0179155564770088,0.0035483867,0.00219406354402615
medium,0,lower,0.85764395065249,-0.018545453778593,-0.000995429,0.00221506688392881
medium,0,lower,0.852316364475349,-0.0191806324724829,-0.0054960903,0.00223576591527094
medium,0,lower,0.846912879153578,-0.0198208219308961,-0.0099552395,0.00225618377531501
medium,0,lower,0.84143453507251,-0.0204657501824517,-0.014374304,0.00227632927199276
medium,0,lower,0.83588239204382,-0.0211151439360756,-0.018756475,0.00229621776421139
medium,0,lower,0.830257529055852,-0.021768728575077,-0.023103578,0.00231587443712523
medium,0,lower,0.824561044018328,-0.0224262281490945,-0.027417956,0.00233531828805963
medium,0,lower,0.818794053501556,-0.0230873653611178,-0.031700555,0.00235456880694276
medium,0,lower,0.812957692469884,-0.0237518615256284,-0.035951938,0.00237362755657296
medium,0,lower,0.80705311401022,-0.0244194365396138,-0.040173687,0.00239249792118376
medium,0,lower,0.801081489055188,-0.0250898088252467,-0.04436798,0.00241119217961629
medium,0,lower,0.795044006101506,-0.0257626952736226,-0.048537582,0.00242973475688563
medium,0,lower,0.788941870923646,-0.0264378111805225,-0.052683834,0.00244813273665547
medium,0,lower,0.782776306282822,-0.0271148701633372,-0.056811266,0.00246641285506356
medium,0,lower,0.776548551631898,-0.0277935840899785,-0.060920339,0.00248459786585182
medium,0,lower,0.770259862815871,-0.0284736629771844,-0.065014184,0.00250269985834501
medium,0,lower,0.763911511768735,-0.029154814906273,-0.069092818,0.00252072983856349
medium,0,lower,0.757504786206424,-0.0298367459162045,-0.073157489,0.00253863093794801
medium,0,lower,0.751040989316406,-0.0305191599022997,-0.077207066,0.00255644737315421
medium,0,lower,0.744521439443981,-0.0312017585096868,-0.081245184,0.00257420241737711
medium,0,lower,0.737947469775464,-0.0318842410174482,-0.085272208,0.00259190761953655
medium,0,lower,0.731320428018756,-0.0325663042367948,-0.089293487,0.00260957955143907
medium,0,lower,0.724641676081001,-0.0332476423845385,-0.093311079,0.00262726274598152
medium,0,lower,0.71791258974428,-0.0339279469854459,-0.097326033,0.00264496519245067
medium,0,lower,0.711134558338748,-0.0346069067466578,-0.10133959,0.00266269461067645
medium,0,lower,0.704308984414241,-0.0352842074597024,-0.10535236,0.00268046288271667
medium,0,lower,0.697437283409902,-0.0359595318865793,-0.10936387,0.00269827149267056
medium,0,lower,0.690520883322519,-0.036632559660603,-0.11337386,0.0027161136718783
medium,0,lower,0.683561224373593,-0.0373029671911007,-0.11738335,0.00273397113431167
medium,0,lower,0.676559758675239,-0.0379704275641973,-0.12139952,0.00275188685466235
medium,0,lower,0.669517949895626,-0.0386346104733847,-0.12542257,0.00276990856158906
medium,0,lower,0.662437272923279,-0.0392951821224893,-0.12945411,0.00278804004757924
medium,0,lower,0.655319213531664,-0.0399518051814435,-0.13349299,0.00280627963599834
medium,0,lower,0.648165268042904,-0.0406041387061742,-0.13754131,0.00282463294714377
medium,0,lower,0.640976942992087,-0.0412518381098295,-0.14159732,0.00284311887914211
medium,0,lower,0.633755754791383,-0.0418945551161875,-0.14565854,0.00286168706678302
medium,0,lower,0.626503229394693,-0.0425319377394409,-0.14973345,0.00288037416840365
medium,0,lower,0.619220901962984,-0.0431636302826039,-0.15381981,0.00289922557469381
medium,0,lower,0.61191031652992,-0.0437892733219923,-0.15792169,0.00291824308295484
medium,0,lower,0.604573025669077,-0.0444085037590529,-0.16203681,0.00293744190407764
medium,0,lower,0.597210590161292,-0.0450209548148554,-0.16616721,0.00295682315343437
medium,0,lower,0.589824578664041,-0.0456262561184065,-0.17030998,0.00297639420453962
medium,0,lower,0.582416567381473,-0.0462240337474142,-0.17446434,0.00299612515008705
medium,0,lower,0.574988139736122,-0.0468139103242659,-0.17863382,0.00301603986117881
medium,0,lower,0.567540886042222,-0.04739550512851,-0.1828182,0.00303616089534994
medium,0,lower,0.560076403180149,-0.0479684341852063,-0.18702061,0.00305651094918169
medium,0,lower,0.552596294273225,-0.0485323104583773,-0.19123848,0.00307709696219689
medium,0,lower,0.54510216836547,-0.0490867439453299,-0.19547367,0.00309792714386608
medium,0,lower,0.537595640101715,-0.0496313419052009,-0.19972065,0.00311899428718375
medium,0,lower,0.530078329409273,-0.0501657090334006,-0.2039804,0.00314027455655958
medium,0,lower,0.52255186118132,-0.0506894476620285,-0.20825429,0.00316176452135661
medium,0,lower,0.515017864962375,-0.0512021580556581,-0.21254574,0.00318351830983964
medium,0,lower,0.507477974635306,-0.0517034385758635,-0.21685036,0.00320559979671301
medium,0,lower,0.4999338281102,-0.0521928860369128,-0.22116937,0.00322804882848441
medium,0,lower,0.492387067015091,-0.0526700959564404,-0.22550003,0.00325064848572121
medium,0,lower,0.484839336388227,-0.0531346628493546,-0.22983785,0.00327337026270083
medium,0,lower,0.477292284371705,-0.053586180646732,-0.23418649,0.00329640158242255
medium,0,lower,0.469747561907415,-0.0540242429151409,-0.23854765,0.00331972755018745
medium,0,lower,0.462206822433374,-0.0544484433174545,-0.24291855,0.00334336340522165
medium,0,lower,0.454671721581943,-0.054858375989121,-0.24729821,0.00336732876485385
medium,0,lower,0.447143916879756,-0.0552536358470338,-0.25167662,0.00339156475173988
medium,0,lower,0.439625067446962,-0.0556338191528783,-0.25606054,0.00341606453649693
medium,0,lower,0.432116833699695,-0.0559985238095174,-0.26044813,0.003440898953789
medium,0,lower,0.424620877052073,-0.0563473498180002,-0.26483914,0.00346606068645075
medium,0,lower,0.417138859617458,-0.0566798998801583,-0.26923096,0.00349154921204483
medium,0,lower,0.409672443914006,-0.0569957796452945,-0.27361599,0.00351733888152225
medium,0,lower,0.402223292567123,-0.0572945982929161,-0.27799439,0.00354340786553253
medium,0,lower,0.394793068011695,-0.0575759691502878,-0.2823683,0.00356981288008364
medium,0,lower,0.387383432199143,-0.0578395099093864,-0.2867344,0.00359657060234361
medium,0,lower,0.379996046299173,-0.0580848432941733,-0.29109135,0.00362368566837529
medium,0,lower,0.372632570401509,-0.0583115977125133,-0.29542947,0.00365112471783431
medium,0,lower,0.365294663223241,-0.0585194074141624,-0.29975003,0.00367885596995563
medium,0,lower,0.35798398180916,-0.0587079131983325,-0.30405462,0.00370694790508457
medium,0,lower,0.350702181231326,-0.0588767631650889,-0.30833715,0.0037353950468193
medium,0,lower,0.343450914295806,-0.0590256127649585,-0.31259853,0.00376422610570445
medium,0,lower,0.336231831241947,-0.0591541254438958,-0.31682143,0.00379335885385318
medium,0,lower,0.32904657943883,-0.0592619735807822,-0.32101944,0.00382280469553548
medium,0,lower,0.321896803089314,-0.0593488385863715,-0.32518187,0.00385264684557965
medium,0,lower,0.314784142931053,-0.0594144110296508,-0.32930911,0.00388284263829027
medium,0,lower,0.307710235930836,-0.0594583917014262,-0.33339167,0.00391339494489162
medium,0,lower,0.300676714983047,-0.0594804919006364,-0.33742839,0.0039442691443495
medium,0,lower,0.293685208614855,-0.0594804357158401,-0.34141895,0.00397551251799855
medium,0,lower,0.286737340683339,-0.0594579570820578,-0.34535626,0.00400715613865966
medium,0,lower,0.279834730070981,-0.0594128002045233,-0.34923735,0.00403914132642524
medium,0,lower,0.27297899038975,-0.0593447235877797,-0.35305515,0.004071482274428
medium,0,lower,0.266171729689566,-0.0592534984711893,-0.35681042,0.00410418755570435
medium,0,lower,0.259414550161891,-0.0591389089964623,-0.36049452,0.00413727376342942
medium,0,lower,0.252709047844096,-0.0590007523077511,-0.36410609,0.00417072736070519
medium,0,lower,0.246056812335278,-0.0588388392861209,-0.36763895,0.00420456983138666
medium,0,lower,0.239459426517727,-0.0586529949296183,-0.37108728,0.00423879309783738
medium,0,lower,0.232918466284416,-0.0584430586060605,-0.37444615,0.00427338757458316
medium,0,lower,0.226435500267188,-0.0582088840771871,-0.37771338,0.00430828728348781
medium,0,lower,0.22001208957626,-0.0579503396483219,-0.3808825,0.00434350450132516
medium,0,lower,0.213649787556428,-0.0576673084597195,-0.38394254,0.00437910948695051
medium,0,lower,0.207350139552963,-0.0573596885949691,-0.38689557,0.00441510581457629
medium,0,lower,0.201114682694598,-0.0570273931845305,-0.3897346,0.00445157132887579
medium,0,lower,0.1949449456904,-0.0566703504036467,-0.39244702,0.00448848583124112
medium,0,lower,0.188842448643519,-0.0562885033960096,-0.39502662,0.00452576826798675
medium,0,lower,0.182808702892799,-0.0558818102497116,-0.39747971,0.00456354677306827
medium,0,lower,0.176845210881344,-0.0554502439228844,-0.39978319,0.00460184934363854
medium,0,lower,0.17095346605356,-0.0549937920920935,-0.40193245,0.00464052887956204
medium,0,lower,0.16513495278645,-0.0545124569526691,-0.40392989,0.00467974375725064
medium,0,lower,0.159391146359877,-0.0540062549695701,-0.40575171,0.00471951018114956
medium,0,lower,0.153723512971113,-0.0534752165776166,-0.40739214,0.00475967661990339
medium,0,lower,0.148133509799849,-0.05291938583143,-0.40885708,0.00480050894465752
medium,0,lower,0.142622585130108,-0.052338820001972,-0.41010153,0.0048417675040277
medium,0,lower,0.137192178535731,-0.051733589114844,-0.41116554,0.00488367887154403
medium,0,lower,0.131843721139896,-0.0511037754420451,-0.41197628,0.00492614959313339
medium,0,lower,0.126578635958482,-0.0504494729456843,-0.41257483,0.00496919000442879
medium,0,lower,0.121398338336866,-0.0497707866649044,-0.41290587,0.00501324700221981
medium,0,lower,0.116304236493442,-0.0490678320524161,-0.41297615,0.00505692706435517
medium,0,lower,0.111297732184333,-0.0483407342630708,-0.41275862,0.00510235196633054
medium,0,lower,0.106380221505484,-0.0475896273967261,-0.41221109,0.00514802244202454
medium,0,lower,0.101553095849572,-0.0468146536967198,-0.41137648,0.00519436781262679
medium,0,lower,0.0968177430433192,-0.046015962721645,-0.4101336,0.00524153729049726
medium,0,lower,0.0921755486893848,-0.0451937104942942,-0.40855384,0.00528913120274014
medium,0,lower,0.087627897738354,-0.0443480586296564,-0.40653113,0.00533772838563247
medium,0,lower,0.0831761763265053,-0.0434791734652601,-0.4040466,0.00538658161675364
medium,0,lower,0.0788217739174896,-0.0425872252128055,-0.40111205,0.00543662576726878
medium,0,lower,0.0745660857920433,-0.041672387157194,-0.39753962,0.00548670818167438
medium,0,lower,0.0704105159193044,-0.0407348349187861,-0.39350638,0.00553768180095328
medium,0,lower,0.0663564802777669,-0.0397747458481119,-0.38863814,0.00558828257525027
medium,0,lower,0.062405410751643,-0.0387922986719294,-0.38322097,0.0056383203208791
medium,0,lower,0.058558759615277,-0.0377876733837121,-0.37692529,0.00568975511654404
medium,0,lower,0.0548180046066429,-0.0367610514353097,-0.3696233,0.00573843121015094
medium,0,lower,0.051184654796639,-0.0357126165029889,-0.3614912,0.00578723484131054
medium,0,lower,0.047660257488583,-0.0346425560713663,-0.35212734,0.00583712525466706
medium,0,lower,0.0442464058986636,-0.0335510638632755,-0.34149924,0.00588608477438258
medium,0,lower,0.040944747889462,-0.0324383435891935,-0.32932484,0.00593358864007232
medium,0,lower,0.0377569961298767,-0.0313046146069509,-0.31563187,0.00597999264622339
medium,0,lower,0.0346849390382864,-0.0301501197963658,-0.29998446,0.00602553447418699
medium,0,lower,0.0317304532685634,-0.0289751367593763,-0.28219405,0.00606791259012828
medium,0,lower,0.0288955169268718,-0.0277799932429666,-0.26191887,0.00610692426937874
medium,0,lower,0.0261822235791415,-0.0265650882750066,-0.23880775,0.00614102333774353
medium,0,lower,0.0235927961141472,-0.0253309208949066,-0.21243355,0.00616832948796866
medium,0,lower,0.0211295989730894,-0.0240781287864141,-0.18229011,0.00618429425074572
medium,0,lower,0.018795147444199,-0.0228075400425597,-0.1478866,0.00618143059582731
medium,0,lower,0.0165921089999268,-0.021520241449567,-0.10858791,0.00614853244304405
medium,0,lower,0.0145232930312627,-0.0202176678184853,-0.063733131,0.00606957699043751
medium,0,lower,0.0125916201499492,-0.0189017165880306,-0.01267271,0.00590902458857754
medium,0,lower,0.0108000586391145,-0.0175748911076117,0.044816196,0.00559915990327097
medium,0,lower,0.0091515156659119,-0.0162404740368654,0.10881533,0.00516248137607227
medium,0,lower,0.00764866099965046,-0.0149027256533798,0.18061499,0.00485772927693818
medium,0,lower,0.00629366605806686,-0.0135670930019781,0.25987172,0.00482847429577658
medium,0,lower,0.0050878420071394,-0.0122404002086091,0.34543353,0.00488137589407284
medium,0,lower,0.00403117849195786,-0.0109309728560487,0.43571228,0.00487946251000861
medium,0,lower,0.00312181544896485,-0.00964863433777778,0.52784681,0.00478046763584262
medium,0,lower,0.00235552201618363,-0.00840451144842358,0.61862886,0.0045712569718446
medium,0,lower,0.00172529844651893,-0.00721061272826013,0.70423055,0.00424851790315606
medium,0,lower,0.00122123614473335,-0.00607920156826806,0.78116852,0.00382805668548792
medium,0,lower,0.000830739948361331,-0.00502205949879921,0.84670705,0.00333326096078616
medium,0,lower,0.000539117089569933,-0.00404978524214713,0.89941102,0.00279645177489432
medium,0,lower,0.00033045398277441,-0.00317127912606724,0.93925971,0.00225208739927672
medium,0,lower,0.000188606159644121,-0.00239350009612757,0.96740055,0.00173334463047499
medium,0,lower,9.8122573779636e-05,-0.00172149800686021,0.98586619,0.00126050411731056
medium,0,lower,4.50026400123911e-05,-0.00115865688762233,0.99681288,0.000858162851400927
medium,0,lower,1.72066746690204e-05,-0.000707049100982909,1.0027153,0.000520814895801536
medium,0,lower,4.94780577903578e-06,-0.000367812971475641,1.0052111,0.000277205598074625
medium,0,lower,8.79482908810736e-07,-0.000141492450932279,1.0061368,9.84741378917204e-05
medium,0,lower,6.60747891302155e-08,-2.83007751423162e-05,1.0062693,1.21919913709594e-05
medium,0,upper,6.60747891302155e-08,2.83007751423162e-05,1.0062693,1.21914155075018e-05
medium,0,upper,8.79482908810736e-07,0.000141492450932279,1.0061368,9.84735049830228e-05
medium,0,upper,4.94780577903578e-06,0.000367812971475641,1.0052111,0.00027720487098624
medium,0,upper,1.72066746690204e-05,0.000707049100982909,1.0027153,0.000520814186974174
medium,0,upper,4.50026400123911e-05,0.00115865688762233,0.99681294,0.000858162222791083
medium,0,upper,9.8122573779636e-05,0.00172149800686021,0.98586619,0.00126050336028135
medium,0,upper,0.000188606159644121,0.00239350009612757,0.96740055,0.00173334387012987
medium,0,upper,0.00033045398277441,0.00317127912606724,0.93925977,0.00225208663245838
medium,0,upper,0.000539117089569933,0.00404978524214713,0.89941108,0.00279645119765949
medium,0,upper,0.000830739948361331,0.00502205949879921,0.84670711,0.0033332600689291
medium,0,upper,0.00122123614473335,0.00607920156826806,0.78116858,0.00382805604519471
medium,0,upper,0.00172529844651893,0.00721061272826013,0.70423061,0.0042485172863371
medium,0,upper,0.00235552201618363,0.00840451144842358,0.61862898,0.0045712562722911
medium,0,upper,0.00312181544896485,0.00964863433777778,0.52784693,0.00478046720173008
medium,0,upper,0.00403117849195786,0.0109309728560487,0.4357124,0.00487946212109538
medium,0,upper,0.0050878420071394,0.0122404002086091,0.34543365,0.00488137589407284
medium,0,upper,0.00629366605806686,0.0135670930019781,0.25987184,0.00482847407872306
medium,0,upper,0.00764866099965046,0.0149027256533798,0.1806151,0.00485772883409261
medium,0,upper,0.0091515156659119,0.0162404740368654,0.10881543,0.00516248093447018
medium,0,upper,0.0108000586391145,0.0175748911076117,0.044816304,0.00559915921595775
medium,0,upper,0.0125916201499492,0.0189017165880306,-0.012672605,0.00590902393252885
medium,0,upper,0.0145232930312627,0.0202176678184853,-0.063733026,0.00606957681884488
medium,0,upper,0.0165921089999268,0.021520241449567,-0.10858781,0.00614853174478109
medium,0,upper,0.018795147444199,0.0228075400425597,-0.1478865,0.00618142989611029
medium,0,upper,0.0211295989730894,0.0240781287864141,-0.18229002,0.00618429375160877
medium,0,upper,0.0235927961141472,0.0253309208949066,-0.21243346,0.00616832898197488
medium,0,upper,0.0261822235791415,0.0265650882750066,-0.23880766,0.00614102276885756
medium,0,upper,0.0288955169268718,0.0277799932429666,-0.26191878,0.00610692421945205
medium,0,upper,0.0317304532685634,0.0289751367593763,-0.28219396,0.00606791193900047
medium,0,upper,0.0346849390382864,0.0301501197963658,-0.29998437,0.00602553390297342
medium,0,upper,0.0377569961298767,0.0313046146069509,-0.31563178,0.00597999264622339
medium,0,upper,0.040944747889462,0.0324383435891935,-0.32932475,0.00593358804792503
medium,0,upper,0.0442464058986636,0.0335510638632755,-0.34149915,0.00588608423854762
medium,0,upper,0.047660257488583,0.0346425560713663,-0.35212725,0.00583712519875608
medium,0,upper,0.051184654796639,0.0357126165029889,-0.36149114,0.00578723366411864
medium,0,upper,0.0548180046066429,0.0367610514353097,-0.36962324,0.005738430556039
medium,0,upper,0.058558759615277,0.0377876733837121,-0.37692523,0.00568975457177013
medium,0,upper,0.062405410751643,0.0387922986719294,-0.38322091,0.00563832027446089
medium,0,upper,0.0663564802777669,0.0397747458481119,-0.38863808,0.00558828196630326
medium,0,upper,0.0704105159193044,0.0407348349187861,-0.39350632,0.00553768119043186
medium,0,upper,0.0745660857920433,0.041672387157194,-0.39753956,0.0054867075562432
medium,0,upper,0.0788217739174896,0.0425872252128055,-0.40111199,0.00543662575440019
medium,0,upper,0.0831761763265053,0.0434791734652601,-0.40404654,0.00538658161675364
medium,0,upper,0.087627897738354,0.0443480586296564,-0.40653107,0.00533772838563247
medium,0,upper,0.0921755486893848,0.0451937104942942,-0.40855381,0.00528913119155047
medium,0,upper,0.0968177430433192,0.046015962721645,-0.41013357,0.00524153729049726
medium,0,upper,0.101553095849572,0.0468146536967198,-0.41137645,0.00519436781262679
medium,0,upper,0.106380221505484,0.0475896273967261,-0.41221103,0.00514802244202454
medium,0,upper,0.111297732184333,0.0483407342630708,-0.41275856,0.00510235195709898
medium,0,upper,0.116304236493442,0.0490678320524161,-0.41297612,0.00505692674535588
medium,0,upper,0.121398338336866,0.0497707866649044,-0.41290581,0.00501324700221981
medium,0,upper,0.126578635958482,0.0504494729456843,-0.41257477,0.00496918969364016
medium,0,upper,0.131843721139896,0.0511037754420451,-0.41197622,0.00492614959313339
medium,0,upper,0.137192178535731,0.051733589114844,-0.41116551,0.00488367862252606
medium,0,upper,0.142622585130108,0.052338820001972,-0.4101015,0.0048417675040277
medium,0,upper,0.148133509799849,0.05291938583143,-0.40885705,0.00480050894465752
medium,0,upper,0.153723512971113,0.0534752165776166,-0.40739211,0.00475967661990339
medium,0,upper,0.159391146359877,0.0540062549695701,-0.40575168,0.00471951017774637
medium,0,upper,0.16513495278645,0.0545124569526691,-0.40392986,0.00467974375725064
medium,0,upper,0.17095346605356,0.0549937920920935,-0.40193242,0.0046405285672528
medium,0,upper,0.176845210881344,0.0554502439228844,-0.39978316,0.00460184934363854
medium,0,upper,0.182808702892799,0.0558818102497116,-0.39747968,0.00456354677306827
medium,0,upper,0.188842448643519,0.0562885033960096,-0.39502659,0.00452576826798675
medium,0,upper,0.1949449456904,0.0566703504036467,-0.39244699,0.00448848583011144
medium,0,upper,0.201114682694598,0.0570273931845305,-0.38973457,0.00445157132887579
medium,0,upper,0.207350139552963,0.0573596885949691,-0.38689554,0.00441510581457629
medium,0,upper,0.213649787556428,0.0576673084597195,-0.38394251,0.00437910948695051
medium,0,upper,0.22001208957626,0.0579503396483219,-0.38088247,0.00434350450132516
medium,0,upper,0.226435500267188,0.0582088840771871,-0.37771335,0.00430828728348781
medium,0,upper,0.232918466284416,0.0584430586060605,-0.37444612,0.00427338757458316
medium,0,upper,0.239459426517727,0.0586529949296183,-0.37108725,0.0042387927846704
medium,0,upper,0.246056812335278,0.0588388392861209,-0.36763892,0.00420456983138666
medium,0,upper,0.252709047844096,0.0590007523077511,-0.36410606,0.00417072736070519
medium,0,upper,0.259414550161891,0.0591389089964623,-0.36049449,0.00413727376342942
medium,0,upper,0.266171729689566,0.0592534984711893,-0.35681039,0.00410418724243139
medium,0,upper,0.27297899038975,0.0593447235877797,-0.35305512,0.00407148196108919
medium,0,upper,0.279834730070981,0.0594128002045233,-0.34923732,0.00403914132642524
medium,0,upper,0.286737340683339,0.0594579570820578,-0.34535623,0.00400715613865966
medium,0,upper,0.293685208614855,0.0594804357158401,-0.34141892,0.00397551251799855
medium,0,upper,0.300676714983047,0.0594804919006364,-0.33742836,0.00394426883104092
medium,0,upper,0.307710235930836,0.0594583917014262,-0.33339164,0.00391339494489162
medium,0,upper,0.314784142931053,0.0594144110296508,-0.32930911,0.00388284263829027
medium,0,upper,0.321896803089314,0.0593488385863715,-0.32518184,0.00385264684557965
medium,0,upper,0.32904657943883,0.0592619735807822,-0.32101944,0.00382280469553548
medium,0,upper,0.336231831241947,0.0591541254438958,-0.3168214,0.00379335885385318
medium,0,upper,0.343450914295806,0.0590256127649585,-0.3125985,0.00376422610570445
medium,0,upper,0.350702181231326,0.0588767631650889,-0.30833712,0.0037353950468193
medium,0,upper,0.35798398180916,0.0587079131983325,-0.30405462,0.00370694790508457
medium,0,upper,0.365294663223241,0.0585194074141624,-0.29975003,0.00367885565676135
medium,0,upper,0.372632570401509,0.0583115977125133,-0.29542944,0.00365112471783431
medium,0,upper,0.379996046299173,0.0580848432941733,-0.29109132,0.00362368566837529
medium,0,upper,0.387383432199143,0.0578395099093864,-0.2867344,0.00359657060234361
medium,0,upper,0.394793068011695,0.0575759691502878,-0.28236827,0.00356981288008364
medium,0,upper,0.402223292567123,0.0572945982929161,-0.27799436,0.00354340786504409
medium,0,upper,0.409672443914006,0.0569957796452945,-0.27361596,0.00351733888152225
medium,0,upper,0.417138859617458,0.0566798998801583,-0.26923096,0.00349154921204483
medium,0,upper,0.424620877052073,0.0563473498180002,-0.26483914,0.00346606037346563
medium,0,upper,0.432116833699695,0.0559985238095174,-0.26044813,0.003440898953789
medium,0,upper,0.439625067446962,0.0556338191528783,-0.25606051,0.00341606453649693
medium,0,upper,0.447143916879756,0.0552536358470338,-0.25167662,0.00339156475173988
medium,0,upper,0.454671721581943,0.054858375989121,-0.2472982,0.00336732876485385
medium,0,upper,0.462206822433374,0.0544484433174545,-0.24291854,0.00334336340522165
medium,0,upper,0.469747561907415,0.0540242429151409,-0.23854764,0.00331972755018745
medium,0,upper,0.477292284371705,0.053586180646732,-0.23418647,0.00329640158242255
medium,0,upper,0.484839336388227,0.0531346628493546,-0.22983783,0.00327337026270083
medium,0,upper,0.492387067015091,0.0526700959564404,-0.22550003,0.00325064848572121
medium,0,upper,0.4999338281102,0.0521928860369128,-0.22116935,0.00322804882848441
medium,0,upper,0.507477974635306,0.0517034385758635,-0.21685034,0.00320559979671301
medium,0,upper,0.515017864962375,0.0512021580556581,-0.21254572,0.00318351830983964
medium,0,upper,0.52255186118132,0.0506894476620285,-0.20825428,0.00316176452135661
medium,0,upper,0.530078329409273,0.0501657090334006,-0.2039804,0.00314027455655958
medium,0,upper,0.537595640101715,0.0496313419052009,-0.19972064,0.00311899428718375
medium,0,upper,0.54510216836547,0.0490867439453299,-0.19547366,0.00309792714386608
medium,0,upper,0.552596294273225,0.0485323104583773,-0.19123846,0.00307709696219689
medium,0,upper,0.560076403180149,0.0479684341852063,-0.1870206,0.00305651094918169
medium,0,upper,0.567540886042222,0.04739550512851,-0.18281819,0.00303616089534994
medium,0,upper,0.574988139736122,0.0468139103242659,-0.17863382,0.00301603986117881
medium,0,upper,0.582416567381473,0.0462240337474142,-0.17446433,0.00299612515008705
medium,0,upper,0.589824578664041,0.0456262561184065,-0.17030996,0.00297639420453962
medium,0,upper,0.597210590161292,0.0450209548148554,-0.1661672,0.00295682315343437
medium,0,upper,0.604573025669077,0.0444085037590529,-0.16203679,0.00293744221629235
medium,0,upper,0.61191031652992,0.0437892733219923,-0.15792167,0.00291824308295484
medium,0,upper,0.619220901962984,0.0431636302826039,-0.15381981,0.00289922557469381
medium,0,upper,0.626503229394693,0.0425319377394409,-0.14973345,0.0028803747351278
medium,0,upper,0.633755754791383,0.0418945551161875,-0.14565851,0.0028616870684393
medium,0,upper,0.640976942992087,0.0412518381098295,-0.14159732,0.00284311913046696
medium,0,upper,0.648165268042904,0.0406041387061742,-0.13754129,0.00282463326087045
medium,0,upper,0.655319213531664,0.0399518051814435,-0.13349299,0.00280627963771537
medium,0,upper,0.662437272923279,0.0392951821224893,-0.12945409,0.00278804004757924
medium,0,upper,0.669517949895626,0.0386346104733847,-0.12542255,0.00276990856158906
medium,0,upper,0.676559758675239,0.0379704275641973,-0.12139951,0.00275188685466235
medium,0,upper,0.683561224373593,0.0373029671911007,-0.11738334,0.00273397113431167
medium,0,upper,0.690520883322519,0.036632559660603,-0.11337385,0.0027161136718783
medium,0,upper,0.697437283409902,0.0359595318865793,-0.10936386,0.00269827149267056
medium,0,upper,0.704308984414241,0.0352842074597024,-0.10535235,0.00268046288271667
medium,0,upper,0.711134558338748,0.0346069067466578,-0.10133958,0.00266269461067645
medium,0,upper,0.71791258974428,0.0339279469854459,-0.097326025,0.00264496519245067
medium,0,upper,0.724641676081001,0.0332476423845385,-0.093311071,0.00262726274598152
medium,0,upper,0.731320428018756,0.0325663042367948,-0.08929348,0.00260957955143907
medium,0,upper,0.737947469775464,0.0318842410174482,-0.0852722,0.00259190761953655
medium,0,upper,0.744521439443981,0.0312017585096868,-0.081245176,0.00257420241737711
medium,0,upper,0.751040989316406,0.0305191599022997,-0.077207059,0.00255644737511989
medium,0,upper,0.757504786206424,0.0298367459162045,-0.073157482,0.00253863093794801
medium,0,upper,0.763911511768735,0.029154814906273,-0.06909281,0.00252072983856349
medium,0,upper,0.770259862815871,0.0284736629771844,-0.065014184,0.00250269985834501
medium,0,upper,0.776548551631898,0.0277935840899785,-0.060920332,0.00248459786585182
medium,0,upper,0.782776306282822,0.0271148701633372,-0.056811262,0.00246641285506356
medium,0,upper,0.788941870923646,0.0264378111805225,-0.05268383,0.00244813273665547
medium,0,upper,0.795044006101506,0.0257626952736226,-0.048537575,0.00242973475896041
medium,0,upper,0.801081489055188,0.0250898088252467,-0.044367973,0.00241119217961629
medium,0,upper,0.80705311401022,0.0244194365396138,-0.040173683,0.00239249792328836
medium,0,upper,0.812957692469884,0.0237518615256284,-0.035951935,0.00237362755657296
medium,0,upper,0.818794053501556,0.0230873653611178,-0.031700552,0.00235456880694276
medium,0,upper,0.824561044018328,0.0224262281490945,-0.027417952,0.00233531828805963
medium,0,upper,0.830257529055852,0.021768728575077,-0.023103574,0.00231587456161672
medium,0,upper,0.83588239204382,0.0211151439360756,-0.018756472,0.00229621788869188
medium,0,upper,0.84143453507251,0.0204657501824517,-0.0143743,0.00227632927199276
medium,0,upper,0.846912879153578,0.0198208219308961,-0.0099552358,0.00225618390197845
medium,0,upper,0.852316364475349,0.0191806324724829,-0.005496087,0.00223576591527094
medium,0,upper,0.85764395065249,0.018545453778593,-0.00099542609,0.00221506700836559
medium,0,upper,0.862894616969395,0.0179155564770088,0.0035483895,0.00219406354402615
medium,0,upper,0.868067362617918,0.0172912098357776,0.0081379032,0.00217273205104199
medium,0,upper,0.873161206928732,0.016672681726756,0.012775325,0.00215105170633788
medium,0,upper,0.878175189596127,0.0160602385696608,0.01746295,0.00212900426060736
medium,0,upper,0.883108370896911,0.0154541452830359,0.022202421,0.00210657853174736
medium,0,upper,0.887959831902428,0.0148546652110968,0.026995033,0.002083759977666
medium,0,upper,0.89272867468375,0.0142620600350041,0.031842243,0.00206052604344789
medium,0,upper,0.897414022510616,0.0136765896857262,0.03674566,0.00203676189028669
medium,0,upper,0.902015020043476,0.0130985122416622,0.041707169,0.00201250794715121
medium,0,upper,0.906530833518338,0.0125280838081765,0.046728309,0.00198776979012349
medium,0,upper,0.910960650924885,0.0119655583914925,0.051810659,0.00196252483763414
medium,0,upper,0.915303682177828,0.0114111877661266,0.056955822,0.00193674713330695
medium,0,upper,0.919559159281179,0.0108652213301386,0.062165424,0.0019104101065795
medium,0,upper,0.923726336485369,0.0103279059488068,0.067440845,0.00188348969336624
medium,0,upper,0.927804490437316,0.00979948578955367,0.072783127,0.00185596764281181
medium,0,upper,0.931792920323633,0.00928020215138705,0.078192681,0.00182782533168801
medium,0,upper,0.935690948006758,0.00877029328583029,0.083669946,0.00179903768040997
medium,0,upper,0.939497918154061,0.00826999421026611,0.089214906,0.00176944297541614
medium,0,upper,0.943213198359973,0.00777953651491862,0.094828501,0.00173903014300258
medium,0,upper,0.946836179261183,0.00729914816420806,0.10051033,0.00170782793550107
medium,0,upper,0.950366274644949,0.00682905329305303,0.10626179,0.00167577669551981
medium,0,upper,0.953802921550355,0.00636947199642742,0.11208072,0.00164287958857329
medium,0,upper,0.957145580363084,0.00592062011865242,0.11797027,0.00160915852101474
medium,0,upper,0.960393734903798,0.00548270904258022,0.12392373,0.00157449959277662
medium,0,upper,0.963546892508784,0.00505594546537378,0.12995009,0.00153897840550499
medium,0,upper,0.966604584105197,0.00464053118418089,0.13603269,0.00150232846807088
medium,0,upper,0.969566364279456,0.00423666287740687,0.14219764,0.00146482327827635
medium,0,upper,0.972431811338812,0.00384453188120221,0.14840223,0.00142578213340958
medium,0,upper,0.975200527367657,0.00346432397623373,0.15471888,0.00138604829999302
medium,0,upper,0.977872138276868,0.00309621916823415,0.16103554,0.00134382207133266
medium,0,upper,0.980446293847699,0.00274039147596243,0.1675465,0.00130157315055746
medium,0,upper,0.982922667769198,0.00239700871745239,0.17395571,0.00125443282493587
medium,0,upper,0.985300957670116,0.00206623230251236,0.18077619,0.00120944460851822
medium,0,upper,0.987580885145733,0.00174821703436291,0.18722722,0.00115332016262284
medium,0,upper,0.989762195778117,0.00144311090829694,0.19464965,0.00110582906386697
medium,0,upper,0.991844659151727,0.00115105492227899,0.20099051,0.00103010835234871
medium,0,upper,0.993828068863424,0.000872182891922228,0.20973986,0.000982292963291276
medium,0,upper,0.995712242527303,0.000606621272550984,0.21540849,0.000856712422247195
medium,0,upper,0.99749702177486,0.000354488992029088,0.22715591,0.0008305992040934
medium,0,upper,0.999182272249741,0.000115897288341632,0.23041253,0.000545351437733925
medium,15,lower,0.999182272249741,-0.000115897288341632,0.053372417,0.00423984939024256
medium,15,lower,0.99749702177486,-0.000354488992029088,0.052087665,0.00312739990803615
medium,15,lower,0.995712242527303,-0.000606621272550984,0.058183149,0.00295466941117306
medium,15,lower,0.993828068863424,-0.000872182891922228,0.062038086,0.00290245444846084
medium,15,lower,0.991844659151727,-0.00115105492227899,0.06566862,0.00287565214983884
medium,15,lower,0.989762195778117,-0.00144311090829694,0.068345398,0.00285055025631111
medium,15,lower,0.987580885145733,-0.00174821703436291,0.070895426,0.00283421464025087
medium,15,lower,0.985300957670116,-0.00206623230251236,0.073109403,0.00281917933072795
medium,15,lower,0.982922667769198,-0.00239700871745239,0.075213134,0.00280728454743963
medium,15,lower,0.980446293847699,-0.00274039147596243,0.077157408,0.00279655870661084
medium,15,lower,0.977872138276868,-0.00309621916823415,0.079018131,0.00278738464715511
medium,15,lower,0.975200527367657,-0.00346432397623373,0.08078859,0.00277911104499655
medium,15,lower,0.972431811338812,-0.00384453188120221,0.082499467,0.00277177090538674
medium,15,lower,0.969566364279456,-0.00423666287740687,0.084154807,0.00276510513474979
medium,15,lower,0.966604584105197,-0.00464053118418089,0.085769624,0.00275906985361146
medium,15,lower,0.963546892508784,-0.00505594546537378,0.08734984,0.00275353954727873
medium,15,lower,0.960393734903798,-0.00548270904258022,0.088904276,0.00274846232015784
medium,15,lower,0.957145580363084,-0.00592062011865242,0.090438336,0.00274376544374931
medium,15,lower,0.953802921550355,-0.00636947199642742,0.091957957,0.0027394057039625
medium,15,lower,0.950366274644949,-0.00682905329305303,0.093467645,0.00273533561822149
medium,15,lower,0.946836179261183,-0.00729914816420806,0.094971813,0.00273152084377568
medium,15,lower,0.943213198359973,-0.00777953651491862,0.096474156,0.002727927555728
medium,15,lower,0.939497918154061,-0.00826999421026611,0.09797813,0.00272452832997886
medium,15,lower,0.935690948006758,-0.00877029328583029,0.099486791,0.00272129686303745
medium,15,lower,0.931792920323633,-0.00928020215138705,0.10100277,0.00271820724947004
medium,15,lower,0.927804490437316,-0.00979948578955367,0.10252775,0.00271524684603819
medium,15,lower,0.923726336485369,-0.0103279059488068,0.10406416,0.0027124029640994
medium,15,lower,0.919559159281179,-0.0108652213301386,0.10561381,0.00270966042589573
medium,15,lower,0.915303682177828,-0.0114111877661266,0.10717876,0.0027070066584099
medium,15,lower,0.910960650924885,-0.0119655583914925,0.10876069,0.0027044309751792
medium,15,lower,0.906530833518338,-0.0125280838081765,0.11036178,0.00270192149021661
medium,15,lower,0.902015020043476,-0.0130985122416622,0.11198375,0.00269946044450814
medium,15,lower,0.897414022510616,-0.0136765896857262,0.1136277,0.00269703683897442
medium,15,lower,0.89272867468375,-0.0142620600350041,0.11529461,0.0026946454084974
medium,15,lower,0.887959831902428,-0.0148546652110968,0.11698541,0.0026922799364743
medium,15,lower,0.883108370896911,-0.0154541452830359,0.11870068,0.00268993352282064
medium,15,lower,0.878175189596127,-0.0160602385696608,0.12044074,0.00268760927594727
medium,15,lower,0.873161206928732,-0.016672681726756,0.12220688,0.00268530344336914
medium,15,lower,0.868067362617918,-0.0172912098357776,0.12399988,0.00268300731692029
medium,15,lower,0.862894616969395,-0.0179155564770088,0.12582049,0.00268072072759873
medium,15,lower,0.85764395065249,-0.018545453778593,0.1276702,0.00267842499361529
medium,15,lower,0.852316364475349,-0.0191806324724829,0.12954701,0.00267612895374169
medium,15,lower,0.846912879153578,-0.0198208219308961,0.13145295,0.00267384351388148
medium,15,lower,0.84143453507251,-0.0204657501824517,0.13338797,0.00267155660870726
medium,15,lower,0.83588239204382,-0.0211151439360756,0.13535333,0.00266927047921387
medium,15,lower,0.830257529055852,-0.021768728575077,0.13734977,0.00266697822801153
medium,15,lower,0.824561044018328,-0.0224262281490945,0.13937856,0.0026646702338631
medium,15,lower,0.818794053501556,-0.0230873653611178,0.14143971,0.00266234046102543
medium,15,lower,0.812957692469884,-0.0237518615256284,0.14353327,0.0026599877968313
medium,15,lower,0.80705311401022,-0.0244194365396138,0.1456583,0.00265761673025656
medium,15,lower,0.801081489055188,-0.0250898088252467,0.14781474,0.00265524144956454
medium,15,lower,0.795044006101506,-0.0257626952736226,0.15000366,0.00265286183294822
medium,15,lower,0.788941870923646,-0.0264378111805225,0.15222605,0.00265046116436514
medium,15,lower,0.782776306282822,-0.0271148701633372,0.15448019,0.00264805436265429
medium,15,lower,0.776548551631898,-0.0277935840899785,0.15676828,0.00264565175214899
medium,15,lower,0.770259862815871,-0.0284736629771844,0.15909114,0.00264323451583991
medium,15,lower,0.763911511768735,-0.029154814906273,0.16144948,0.00264080181707129
medium,15,lower,0.757504786206424,-0.0298367459162045,0.16384456,0.00263834907746188
medium,15,lower,0.751040989316406,-0.0305191599022997,0.16627721,0.00263586404349341
medium,15,lower,0.744521439443981,-0.0312017585096868,0.16874701,0.00263333451779209
medium,15,lower,0.737947469775464,-0.0318842410174482,0.17125073,0.00263079480636027
medium,15,lower,0.731320428018756,-0.0325663042367948,0.17379151,0.00262825348544592
medium,15,lower,0.724641676081001,-0.0332476423845385,0.17636777,0.0026257043316421
medium,15,lower,0.71791258974428,-0.0339279469854459,0.17898189,0.00262316310414798
medium,15,lower,0.711134558338748,-0.0346069067466578,0.18163584,0.00262061148294021
medium,15,lower,0.704308984414241,-0.0352842074597024,0.1843316,0.00261803285996488
medium,15,lower,0.697437283409902,-0.0359595318865793,0.18707009,0.00261541824107862
medium,15,lower,0.690520883322519,-0.036632559660603,0.18985234,0.00261276507030962
medium,15,lower,0.683561224373593,-0.0373029671911007,0.192679,0.00261005152438436
medium,15,lower,0.676559758675239,-0.0379704275641973,0.19554467,0.00260731949080995
medium,15,lower,0.669517949895626,-0.0386346104733847,0.1984528,0.00260460171443084
medium,15,lower,0.662437272923279,-0.0392951821224893,0.20140424,0.00260188373833277
medium,15,lower,0.655319213531664,-0.0399518051814435,0.20440434,0.00259914985541773
medium,15,lower,0.648165268042904,-0.0406041387061742,0.20745528,0.0025963628456437
medium,15,lower,0.640976942992087,-0.0412518381098295,0.21055853,0.00259351433071533
medium,15,lower,0.633755754791383,-0.0418945551161875,0.21371491,0.00259061267188429
medium,15,lower,0.626503229394693,-0.0425319377394409,0.21692558,0.00258761742416351
medium,15,lower,0.619220901962984,-0.0431636302826039,0.22017984,0.00258461583936574
medium,15,lower,0.61191031652992,-0.0437892733219923,0.22349077,0.00258163282892737
medium,15,lower,0.604573025669077,-0.0444085037590529,0.226858,0.00257859438825768
medium,15,lower,0.597210590161292,-0.0450209548148554,0.23029013,0.00257548539796466
medium,15,lower,0.589824578664041,-0.0456262561184065,0.23378587,0.00257227850857804
medium,15,lower,0.582416567381473,-0.0462240337474142,0.23734882,0.0025689620379144
medium,15,lower,0.574988139736122,-0.0468139103242659,0.2409734,0.00256551515044729
medium,15,lower,0.567540886042222,-0.04739550512851,0.24465574,0.00256206404101962
medium,15,lower,0.560076403180149,-0.0479684341852063,0.24841088,0.00255857800846222
medium,15,lower,0.552596294273225,-0.0485323104583773,0.25224102,0.00255497083449465
medium,15,lower,0.54510216836547,-0.0490867439453299,0.25615153,0.00255123520542933
medium,15,lower,0.537595640101715,-0.0496313419052009,0.26014268,0.00254732670563516
medium,15,lower,0.530078329409273,-0.0501657090334006,0.26421019,0.00254325063794676
medium,15,lower,0.52255186118132,-0.0506894476620285,0.26834747,0.00253913864512322
medium,15,lower,0.515017864962375,-0.0512021580556581,0.27257794,0.00253494315066354
medium,15,lower,0.507477974635306,-0.0517034385758635,0.27690095,0.00253057750108175
medium,15,lower,0.4999338281102,-0.0521928860369128,0.28132251,0.00252599680100892
medium,15,lower,0.492387067015091,-0.0526700959564404,0.28584525,0.00252119605357785
medium,15,lower,0.484839336388227,-0.0531346628493546,0.29043797,0.00251618336548343
medium,15,lower,0.477292284371705,-0.053586180646732,0.29514429,0.00251108184968871
medium,15,lower,0.469747561907415,-0.0540242429151409,0.299959,0.0025057900911494
medium,15,lower,0.462206822433374,-0.0544484433174545,0.30489159,0.00250021095565462
medium,15,lower,0.454671721581943,-0.054858375989121,0.30993959,0.00249422572173501
medium,15,lower,0.447143916879756,-0.0552536358470338,0.31507587,0.0024881583524747
medium,15,lower,0.439625067446962,-0.0556338191528783,0.32035252,0.00248190973056298
medium,15,lower,0.432116833699695,-0.0559985238095174,0.32575351,0.00247520847441212
medium,15,lower,0.424620877052073,-0.0563473498180002,0.33129388,0.0024681036938863
medium,15,lower,0.417138859617458,-0.0566798998801583,0.33694816,0.00246067204157024
medium,15,lower,0.409672443914006,-0.0569957796452945,0.34273824,0.00245307859804094
medium,15,lower,0.402223292567123,-0.0572945982929161,0.34868172,0.00244505848751786
medium,15,lower,0.394793068011695,-0.0575759691502878,0.35477605,0.00243651557020894
medium,15,lower,0.387383432199143,-0.0578395099093864,0.36101246,0.00242752712722751
medium,15,lower,0.379996046299173,-0.0580848432941733,0.36739102,0.00241826712622121
medium,15,lower,0.372632570401509,-0.0583115977125133,0.37394872,0.00240849770411628
medium,15,lower,0.365294663223241,-0.0585194074141624,0.38067332,0.00239800717297958
medium,15,lower,0.35798398180916,-0.0587079131983325,0.38755131,0.00238708481776246
medium,15,lower,0.350702181231326,-0.0588767631650889,0.39460501,0.00237575061074025
medium,15,lower,0.343450914295806,-0.0590256127649585,0.40184966,0.00236376307223629
medium,15,lower,0.336231831241947,-0.0591541254438958,0.4092868,0.00235086990123311
medium,15,lower,0.32904657943883,-0.0592619735807822,0.41687474,0.00233756347400776
medium,15,lower,0.321896803089314,-0.0593488385863715,0.42469099,0.00232364991469896
medium,15,lower,0.314784142931053,-0.0594144110296508,0.43270227,0.00230862276790709
medium,15,lower,0.307710235930836,-0.0594583917014262,0.44090059,0.0022929632597687
medium,15,lower,0.300676714983047,-0.0594804919006364,0.44932091,0.00227656926166058
medium,15,lower,0.293685208614855,-0.0594804357158401,0.45795998,0.00225919935818119
medium,15,lower,0.286737340683339,-0.0594579570820578,0.46680292,0.00224112176005306
medium,15,lower,0.279834730070981,-0.0594128002045233,0.47587961,0.00222228910860195
medium,15,lower,0.27297899038975,-0.0593447235877797,0.48519132,0.00220237980746094
medium,15,lower,0.266171729689566,-0.0592534984711893,0.49471846,0.00218165977161629
medium,15,lower,0.259414550161891,-0.0591389089964623,0.50449961,0.00216005726390631
medium,15,lower,0.252709047844096,-0.0590007523077511,0.51452404,0.00213723512277867
medium,15,lower,0.246056812335278,-0.0588388392861209,0.52478081,0.00211349357826096
medium,15,lower,0.239459426517727,-0.0586529949296183,0.5353058,0.00208855171404337
medium,15,lower,0.232918466284416,-0.0584430586060605,0.5460723,0.00206240435226165
medium,15,lower,0.226435500267188,-0.0582088840771871,0.55710727,0.00203512153393535
medium,15,lower,0.22001208957626,-0.0579503396483219,0.56839997,0.00200650850716929
medium,15,lower,0.213649787556428,-0.0576673084597195,0.57995731,0.00197664627635372
medium,15,lower,0.207350139552963,-0.0573596885949691,0.59178454,0.00194539020308315
medium,15,lower,0.201114682694598,-0.0570273931845305,0.60387671,0.00191273273538852
medium,15,lower,0.1949449456904,-0.0566703504036467,0.61624283,0.00187861301524642
medium,15,lower,0.188842448643519,-0.0562885033960096,0.62887704,0.00184294615731897
medium,15,lower,0.182808702892799,-0.0558818102497116,0.6417827,0.0018057118657557
medium,15,lower,0.176845210881344,-0.0554502439228844,0.65495759,0.00176681442497665
medium,15,lower,0.17095346605356,-0.0549937920920935,0.66839802,0.0017262260886932
medium,15,lower,0.16513495278645,-0.0545124569526691,0.68210173,0.00168389697131852
medium,15,lower,0.159391146359877,-0.0540062549695701,0.69606268,0.00163976097096495
medium,15,lower,0.153723512971113,-0.0534752165776166,0.7102738,0.00159374717605676
medium,15,lower,0.148133509799849,-0.05291938583143,0.72472656,0.00154572010364342
medium,15,lower,0.142622585130108,-0.052338820001972,0.73940921,0.00149547548146446
medium,15,lower,0.137192178535731,-0.051733589114844,0.75430751,0.00144258165028159
medium,15,lower,0.131843721139896,-0.0511037754420451,0.76940298,0.00138627984760755
medium,15,lower,0.126578635958482,-0.0504494729456843,0.78467369,0.00132598679007615
medium,15,lower,0.121398338336866,-0.0497707866649044,0.80009705,0.00126109891062512
medium,15,lower,0.116304236493442,-0.0490678320524161,0.81564379,0.00118913699354358
medium,15,lower,0.111297732184333,-0.0483407342630708,0.83125907,0.00110358741789647
medium,15,lower,0.106380221505484,-0.0475896273967261,0.846829,0.00100012944631078
medium,15,lower,0.101553095849572,-0.0468146536967198,0.8623125,0.000895513476765553
medium,15,lower,0.0968177430433192,-0.046015962721645,0.87774026,0.00082041967170587
medium,15,lower,0.0921755486893848,-0.0451937104942942,0.89306611,0.00077405959288546
medium,15,lower,0.087627897738354,-0.0443480586296564,0.90815109,0.000737500068819001
medium,15,lower,0.0831761763265053,-0.0434791734652601,0.92286384,0.000700286044473341
medium,15,lower,0.0788217739174896,-0.0425872252128055,0.93707365,0.000658660001168101
medium,15,lower,0.0745660857920433,-0.041672387157194,0.9506256,0.00061077954218402
medium,15,lower,0.0704105159193044,-0.0407348349187861,0.96333325,0.000555300731749051
medium,15,lower,0.0663564802777669,-0.0397747458481119,0.97498214,0.000489664742551477
medium,15,lower,0.062405410751643,-0.0387922986719294,0.98520821,0.000415848083340643
medium,15,lower,0.058558759615277,-0.0377876733837121,0.99395615,0.000320278966804835
medium,15,lower,0.0548180046066429,-0.0367610514353097,0.99997044,0.000226774637947613
medium,15,lower,0.051184654796639,-0.0357126165029889,1.0043635,0.000102653597843863
medium,15,lower,0.047660257488583,-0.0346425560713663,1.0054382,-1.02313425192733e-05
medium,15,lower,0.0442464058986636,-0.0335510638632755,1.0024145,-0.000185320009359043
medium,15,lower,0.040944747889462,-0.0324383435891935,0.99555385,-0.0003696050081938
medium,15,lower,0.0377569961298767,-0.0313046146069509,0.98237234,-0.000599179925563094
medium,15,lower,0.0346849390382864,-0.0301501197963658,0.96279877,-0.000853905380617879
medium,15,lower,0.0317304532685634,-0.0289751367593763,0.9347738,-0.00115897766915823
medium,15,lower,0.0288955169268718,-0.0277799932429666,0.8967604,-0.00151502243260854
medium,15,lower,0.0261822235791415,-0.0265650882750066,0.84648532,-0.00193561381439902
medium,15,lower,0.0235927961141472,-0.0253309208949066,0.78130943,-0.00243229114251925
medium,15,lower,0.0211295989730894,-0.0240781287864141,0.69800735,-0.00302067111141676
medium,15,lower,0.018795147444199,-0.0228075400425597,0.59269339,-0.00372035754490646
medium,15,lower,0.0165921089999268,-0.021520241449567,0.46073291,-0.00455905295810701
medium,15,lower,0.0145232930312627,-0.0202176678184853,0.29666772,-0.00558095026464758
medium,15,lower,0.0125916201499492,-0.0189017165880306,0.094237112,-0.00686202647048003
medium,15,lower,0.0108000586391145,-0.0175748911076117,-0.15358195,-0.00850806319333778
medium,15,lower,0.0091515156659119,-0.0162404740368654,-0.45426673,-0.0106019789068711
medium,15,lower,0.00764866099965046,-0.0149027256533798,-0.81540579,-0.0131386330645489
medium,15,lower,0.00629366605806686,-0.0135670930019781,-1.2432926,-0.0160195336452319
medium,15,lower,0.0050878420071394,-0.0122404002086091,-1.7417979,-0.0192026868860965
medium,15,lower,0.00403117849195786,-0.0109309728560487,-2.3090231,-0.0226571789026745
medium,15,lower,0.00312181544896485,-0.00964863433777778,-2.9409857,-0.0263850320928855
medium,15,lower,0.00235552201618363,-0.00840451144842358,-3.6285281,-0.0301742874161061
medium,15,lower,0.00172529844651893,-0.00721061272826013,-4.3391953,-0.0338287348636474
medium,15,lower,0.00122123614473335,-0.00607920156826806,-5.0534835,-0.0372579293915338
medium,15,lower,0.000830739948361331,-0.00502205949879921,-5.7437181,-0.0402600640423148
medium,15,lower,0.000539117089569933,-0.00404978524214713,-6.3846025,-0.0427570867662484
medium,15,lower,0.00033045398277441,-0.00317127912606724,-6.9576468,-0.0447121993377201
medium,15,lower,0.000188606159644121,-0.00239350009612757,-7.4517779,-0.046164886543267
medium,15,lower,9.8122573779636e-05,-0.00172149800686021,-7.8636537,-0.0472006231918655
medium,15,lower,4.50026400123911e-05,-0.00115865688762233,-8.1945915,-0.0478902793018533
medium,15,lower,1.72066746690204e-05,-0.000707049100982909,-8.4493914,-0.0482834359757593
medium,15,lower,4.94780577903578e-06,-0.000367812971475641,-8.6350393,-0.048358374309519
medium,15,lower,8.79482908810736e-07,-0.000141492450932279,-8.7529478,-0.0484654398784862
medium,15,lower,6.60747891302155e-08,-2.83007751423162e-05,-8.8269472,-0.0476870597380534
medium,15,upper,6.60747891302155e-08,2.83007751423162e-05,-8.8402987,0.0471494094215651
medium,15,upper,8.79482908810736e-07,0.000141492450932279,-8.9396629,0.0482295648506547
medium,15,upper,4.94780577903578e-06,0.000367812971475641,-9.0430021,0.0483709276704177
medium,15,upper,1.72066746690204e-05,0.000707049100982909,-9.2129049,0.0493698324459335
medium,15,upper,4.50026400123911e-05,0.00115865688762233,-9.4293747,0.0500757823965185
medium,15,upper,9.8122573779636e-05,0.00172149800686021,-9.6823921,0.050631836213627
medium,15,upper,0.000188606159644121,0.00239350009612757,-9.9550114,0.0509679708796472
medium,15,upper,0.00033045398277441,0.00317127912606724,-10.224957,0.0510571186459598
medium,15,upper,0.000539117089569933,0.00404978524214713,-10.469357,0.0507071005895434
medium,15,upper,0.000830739948361331,0.00502205949879921,-10.650216,0.0500095271570405
medium,15,upper,0.00122123614473335,0.00607920156826806,-10.753839,0.0481618707198276
medium,15,upper,0.00172529844651893,0.00721061272826013,-10.750912,0.0467779372166591
medium,15,upper,0.00235552201618363,0.00840451144842358,-10.634976,0.0440370299698721
medium,15,upper,0.00312181544896485,0.00964863433777778,-10.419919,0.041254861763579
medium,15,upper,0.00403117849195786,0.0109309728560487,-10.116277,0.0382389376076021
medium,15,upper,0.0050878420071394,0.0122404002086091,-9.7456188,0.0351315262006944
medium,15,upper,0.00629366605806686,0.0135670930019781,-9.3328733,0.0320200683805258
medium,15,upper,0.00764866099965046,0.0149027256533798,-8.8949003,0.0291190617316638
medium,15,upper,0.0091515156659119,0.0162404740368654,-8.455678,0.026491134781326
medium,15,upper,0.0108000586391145,0.0175748911076117,-8.0213671,0.0241218280006408
medium,15,upper,0.0125916201499492,0.0189017165880306,-7.6036229,0.0220637483333283
medium,15,upper,0.0145232930312627,0.0202176678184853,-7.2088857,0.0202453195959696
medium,15,upper,0.0165921089999268,0.021520241449567,-6.8349929,0.0186372204348421
medium,15,upper,0.018795147444199,0.0228075400425597,-6.485558,0.017242255253036
medium,15,upper,0.0211295989730894,0.0240781287864141,-6.1605086,0.0160248733927197
medium,15,upper,0.0235927961141472,0.0253309208949066,-5.859077,0.0149612437837543
medium,15,upper,0.0261822235791415,0.0265650882750066,-5.5797768,0.0140282828400954
medium,15,upper,0.0288955169268718,0.0277799932429666,-5.321054,0.0132062298091436
medium,15,upper,0.0317304532685634,0.0289751367593763,-5.0813107,0.0124774972512857
medium,15,upper,0.0346849390382864,0.0301501197963658,-4.8589578,0.0118281002961458
medium,15,upper,0.0377569961298767,0.0313046146069509,-4.6525331,0.0112462302527305
medium,15,upper,0.040944747889462,0.0324383435891935,-4.4605813,0.0107229369547122
medium,15,upper,0.0442464058986636,0.0335510638632755,-4.2819033,0.0102504029032211
medium,15,upper,0.047660257488583,0.0346425560713663,-4.1152258,0.00982132952870608
medium,15,upper,0.051184654796639,0.0357126165029889,-3.9595027,0.00942940844361356
medium,15,upper,0.0548180046066429,0.0367610514353097,-3.8136821,0.0090705625296688
medium,15,upper,0.058558759615277,0.0377876733837121,-3.6770229,0.00874164677245737
medium,15,upper,0.062405410751643,0.0387922986719294,-3.5486536,0.0084375430515674
medium,15,upper,0.0663564802777669,0.0397747458481119,-3.4277825,0.00815607503904427
medium,15,upper,0.0704105159193044,0.0407348349187861,-3.313916,0.00789514252011537
medium,15,upper,0.0745660857920433,0.041672387157194,-3.2063978,0.00765107040542768
medium,15,upper,0.0788217739174896,0.0425872252128055,-3.1046491,0.00742366773032814
medium,15,upper,0.0831761763265053,0.0434791734652601,-3.0083947,0.00720953780485011
medium,15,upper,0.087627897738354,0.0443480586296564,-2.9168892,0.00700857222011086
medium,15,upper,0.0921755486893848,0.0451937104942942,-2.8301535,0.00681860674106312
medium,15,upper,0.0968177430433192,0.046015962721645,-2.7473788,0.00663916048855011
medium,15,upper,0.101553095849572,0.0468146536967198,-2.6687436,0.00646882064437675
medium,15,upper,0.106380221505484,0.0475896273967261,-2.5934508,0.0063071591662376
medium,15,upper,0.111297732184333,0.0483407342630708,-2.5217714,0.00615302574444001
medium,15,upper,0.116304236493442,0.0490678320524161,-2.4529212,0.00600585337719728
medium,15,upper,0.121398338336866,0.0497707866649044,-2.387219,0.00586545957833406
medium,15,upper,0.126578635958482,0.0504494729456843,-2.3239884,0.00573032157325606
medium,15,upper,0.131843721139896,0.0511037754420451,-2.2634284,0.00560160080255744
medium,15,upper,0.137192178535731,0.051733589114844,-2.2051446,0.00547674622631873
medium,15,upper,0.142622585130108,0.052338820001972,-2.1490355,0.00535766195533616
medium,15,upper,0.148133509799849,0.05291938583143,-2.0950935,0.00524223584331909
medium,15,upper,0.153723512971113,0.0534752165776166,-2.0429337,0.00513074866060079
medium,15,upper,0.159391146359877,0.0540062549695701,-1.992712,0.00502377411688323
medium,15,upper,0.16513495278645,0.0545124569526691,-1.9441481,0.00491925539018751
medium,15,upper,0.17095346605356,0.0549937920920935,-1.8971567,0.00481884909038936
medium,15,upper,0.176845210881344,0.0554502439228844,-1.8517797,0.00472143711451692
medium,15,upper,0.182808702892799,0.0558818102497116,-1.8077463,0.00462611778325087
medium,15,upper,0.188842448643519,0.0562885033960096,-1.7650758,0.00453451533277367
medium,15,upper,0.1949449456904,0.0566703504036467,-1.7237612,0.0044451464906824
medium,15,upper,0.201114682694598,0.0570273931845305,-1.683574,0.00435755961822088
medium,15,upper,0.207350139552963,0.0573596885949691,-1.6445557,0.00427321406109359
medium,15,upper,0.213649787556428,0.0576673084597195,-1.6066958,0.00419073688510289
medium,15,upper,0.22001208957626,0.0579503396483219,-1.5698,0.00410974586526387
medium,15,upper,0.226435500267188,0.0582088840771871,-1.5339069,0.00403150267204824
medium,15,upper,0.232918466284416,0.0584430586060605,-1.4990122,0.00395499113284311
medium,15,upper,0.239459426517727,0.0586529949296183,-1.4649645,0.00387978509863918
medium,15,upper,0.246056812335278,0.0588388392861209,-1.4317783,0.00380672254862492
medium,15,upper,0.252709047844096,0.0590007523077511,-1.3994485,0.00373537382132338
medium,15,upper,0.259414550161891,0.0591389089964623,-1.367889,0.00366529191332858
medium,15,upper,0.266171729689566,0.0592534984711893,-1.3370696,0.00359663145662761
medium,15,upper,0.27297899038975,0.0593447235877797,-1.3069736,0.00352982779353493
medium,15,upper,0.279834730070981,0.0594128002045233,-1.2776116,0.00346423427148083
medium,15,upper,0.286737340683339,0.0594579570820578,-1.2488633,0.00339966782528726
medium,15,upper,0.293685208614855,0.0594804357158401,-1.2207687,0.00333660282278646
medium,15,upper,0.300676714983047,0.0594804919006364,-1.1932951,0.00327494810191713
medium,15,upper,0.307710235930836,0.0594583917014262,-1.1664314,0.00321429096750033
medium,15,upper,0.314784142931053,0.0594144110296508,-1.1401042,0.00315463091117468
medium,15,upper,0.321896803089314,0.0593488385863715,-1.1143405,0.00309627670664535
medium,15,upper,0.32904657943883,0.0592619735807822,-1.0891137,0.00303905325024554
medium,15,upper,0.336231831241947,0.0591541254438958,-1.0644064,0.00298268914564162
medium,15,upper,0.343450914295806,0.0590256127649585,-1.0401704,0.00292726174871793
medium,15,upper,0.350702181231326,0.0588767631650889,-1.0164257,0.00287293002888441
medium,15,upper,0.35798398180916,0.0587079131983325,-0.99314511,0.00281958708407787
medium,15,upper,0.365294663223241,0.0585194074141624,-0.97032189,0.00276700642092416
medium,15,upper,0.372632570401509,0.0583115977125133,-0.94791001,0.00271522723077224
medium,15,upper,0.379996046299173,0.0580848432941733,-0.92592955,0.00266440851437473
medium,15,upper,0.387383432199143,0.0578395099093864,-0.90435636,0.0026144780158547
medium,15,upper,0.394793068011695,0.0575759691502878,-0.8831892,0.00256522597717408
medium,15,upper,0.402223292567123,0.0572945982929161,-0.86238444,0.0025166063838061
medium,15,upper,0.409672443914006,0.0569957796452945,-0.8419556,0.00246884069914329
medium,15,upper,0.417138859617458,0.0566798998801583,-0.82189262,0.0024218383643869
medium,15,upper,0.424620877052073,0.0563473498180002,-0.80218464,0.00237551742966884
medium,15,upper,0.432116833699695,0.0559985238095174,-0.78281373,0.00232973254428508
medium,15,upper,0.439625067446962,0.0556338191528783,-0.76376337,0.00228461061781226
medium,15,upper,0.447143916879756,0.0552536358470338,-0.74504316,0.00224017416461523
medium,15,upper,0.454671721581943,0.054858375989121,-0.72663796,0.00219636679449132
medium,15,upper,0.462206822433374,0.0544484433174545,-0.70854056,0.0021530909335359
medium,15,upper,0.469747561907415,0.0540242429151409,-0.69073176,0.00211028331260562
medium,15,upper,0.477292284371705,0.053586180646732,-0.67320883,0.00206804471959719
medium,15,upper,0.484839336388227,0.0531346628493546,-0.65597218,0.0020263603433115
medium,15,upper,0.492387067015091,0.0526700959564404,-0.63901085,0.00198525315757912
medium,15,upper,0.4999338281102,0.0521928860369128,-0.62231672,0.00194447500256275
medium,15,upper,0.507477974635306,0.0517034385758635,-0.60588068,0.00190405114046452
medium,15,upper,0.515017864962375,0.0512021580556581,-0.58969647,0.00186421413843119
medium,15,upper,0.52255186118132,0.0506894476620285,-0.5737614,0.00182480733647355
medium,15,upper,0.530078329409273,0.0501657090334006,-0.55807036,0.00178579798342111
medium,15,upper,0.537595640101715,0.0496313419052009,-0.54261529,0.00174714385874195
medium,15,upper,0.54510216836547,0.0490867439453299,-0.52738959,0.00170884811240368
medium,15,upper,0.552596294273225,0.0485323104583773,-0.51238936,0.00167094810606756
medium,15,upper,0.560076403180149,0.0479684341852063,-0.49761409,0.00163341707416493
medium,15,upper,0.567540886042222,0.04739550512851,-0.48305571,0.00159621311667505
medium,15,upper,0.574988139736122,0.0468139103242659,-0.46871099,0.00155930545754231
medium,15,upper,0.582416567381473,0.0462240337474142,-0.4545728,0.00152269996967789
medium,15,upper,0.589824578664041,0.0456262561184065,-0.44064194,0.00148642794639347
medium,15,upper,0.597210590161292,0.0450209548148554,-0.42691502,0.00145048379002293
medium,15,upper,0.604573025669077,0.0444085037590529,-0.41339028,0.00141483934359032
medium,15,upper,0.61191031652992,0.0437892733219923,-0.40006182,0.00137946115810783
medium,15,upper,0.619220901962984,0.0431636302826039,-0.3869274,0.00134435050166043
medium,15,upper,0.626503229394693,0.0425319377394409,-0.37398511,0.00130951807702972
medium,15,upper,0.633755754791383,0.0418945551161875,-0.36123505,0.00127498397095745
medium,15,upper,0.640976942992087,0.0412518381098295,-0.34867674,0.00124074060319031
medium,15,upper,0.648165268042904,0.0406041387061742,-0.33630821,0.00120678259065661
medium,15,upper,0.655319213531664,0.0399518051814435,-0.32412869,0.00117311430350793
medium,15,upper,0.662437272923279,0.0392951821224893,-0.31213769,0.00113974168540557
medium,15,upper,0.669517949895626,0.0386346104733847,-0.30033562,0.00110667956178727
medium,15,upper,0.676559758675239,0.0379704275641973,-0.28872353,0.00107393249747941
medium,15,upper,0.683561224373593,0.0373029671911007,-0.27730164,0.00104149989754115
medium,15,upper,0.690520883322519,0.036632559660603,-0.26607051,0.00100938947437582
medium,15,upper,0.697437283409902,0.0359595318865793,-0.25503117,0.000977618888923737
medium,15,upper,0.704308984414241,0.0352842074597024,-0.24418546,0.000946211222447587
medium,15,upper,0.711134558338748,0.0346069067466578,-0.23353542,0.000915185023467927
medium,15,upper,0.71791258974428,0.0339279469854459,-0.22308302,0.000884555510391941
medium,15,upper,0.724641676081001,0.0332476423845385,-0.21283016,0.000854336010037514
medium,15,upper,0.731320428018756,0.0325663042367948,-0.20277895,0.000824539664836746
medium,15,upper,0.737947469775464,0.0318842410174482,-0.19293158,0.000795183838036674
medium,15,upper,0.744521439443981,0.0312017585096868,-0.18329063,0.000766286839147347
medium,15,upper,0.751040989316406,0.0305191599022997,-0.17385858,0.00073786653998996
medium,15,upper,0.757504786206424,0.0298367459162045,-0.16463795,0.000709940942398
medium,15,upper,0.763911511768735,0.029154814906273,-0.15563098,0.000682527102695169
medium,15,upper,0.770259862815871,0.0284736629771844,-0.14683992,0.000655644667759116
medium,15,upper,0.776548551631898,0.0277935840899785,-0.138267,0.000629314969147701
medium,15,upper,0.782776306282822,0.0271148701633372,-0.12991437,0.000603555407276677
medium,15,upper,0.788941870923646,0.0264378111805225,-0.12178379,0.000578381894477975
medium,15,upper,0.795044006101506,0.0257626952736226,-0.11387694,0.000553806720449801
medium,15,upper,0.801081489055188,0.0250898088252467,-0.10619494,0.00052983816609933
medium,15,upper,0.80705311401022,0.0244194365396138,-0.09873876,0.000506484007213442
medium,15,upper,0.812957692469884,0.0237518615256284,-0.091508925,0.000483749240381919
medium,15,upper,0.818794053501556,0.0230873653611178,-0.084505625,0.000461639821611642
medium,15,upper,0.824561044018328,0.0224262281490945,-0.077728741,0.000440159061832813
medium,15,upper,0.830257529055852,0.021768728575077,-0.071177565,0.00041930915061493
medium,15,upper,0.83588239204382,0.0211151439360756,-0.06485112,0.000399088473106115
medium,15,upper,0.84143453507251,0.0204657501824517,-0.058747709,0.000379495960159091
medium,15,upper,0.846912879153578,0.0198208219308961,-0.052865539,0.000360527085022506
medium,15,upper,0.852316364475349,0.0191806324724829,-0.04720201,0.000342179533179973
medium,15,upper,0.85764395065249,0.018545453778593,-0.041754697,0.000324446892522777
medium,15,upper,0.862894616969395,0.0179155564770088,-0.036520105,0.000307325140849507
medium,15,upper,0.868067362617918,0.0172912098357776,-0.031495169,0.000290798810326059
medium,15,upper,0.873161206928732,0.016672681726756,-0.026675234,0.00027486420653121
medium,15,upper,0.878175189596127,0.0160602385696608,-0.022057028,0.000259497242943039
medium,15,upper,0.883108370896911,0.0154541452830359,-0.017634567,0.000244699425676852
medium,15,upper,0.887959831902428,0.0148546652110968,-0.013404925,0.000230436473543945
medium,15,upper,0.89272867468375,0.0142620600350041,-0.0093603805,0.000216723158064857
medium,15,upper,0.897414022510616,0.0136765896857262,-0.005499152,0.00020350836290688
medium,15,upper,0.902015020043476,0.0130985122416622,-0.0018110032,0.000190831807601615
medium,15,upper,0.906530833518338,0.0125280838081765,0.0017033758,0.000178610182613108
medium,15,upper,0.910960650924885,0.0119655583914925,0.005058106,0.000166928316850638
medium,15,upper,0.915303682177828,0.0114111877661266,0.0082478588,0.000155646911242138
medium,15,upper,0.919559159281179,0.0108652213301386,0.011293055,0.000144929394617201
medium,15,upper,0.923726336485369,0.0103279059488068,0.014180256,0.000134534668286476
medium,15,upper,0.927804490437316,0.00979948578955367,0.016940325,0.000124761360609387
medium,15,upper,0.931792920323633,0.00928020215138705,0.01954625,0.000115186723666456
medium,15,upper,0.935690948006758,0.00877029328583029,0.022046082,0.00010634657310461
medium,15,upper,0.939497918154061,0.00826999421026611,0.024390403,9.75044372928544e-05
medium,15,upper,0.943213198359973,0.00777953651491862,0.026655367,8.96071009733147e-05
medium,15,upper,0.946836179261183,0.00729914816420806,0.028755281,8.13821153686152e-05
medium,15,upper,0.950366274644949,0.00682905329305303,0.030811634,7.44789395936544e-05
medium,15,upper,0.953802921550355,0.00636947199642742,0.032680795,6.67164765266026e-05
medium,15,upper,0.957145580363084,0.00592062011865242,0.034556381,6.09285178209163e-05
medium,15,upper,0.960393734903798,0.00548270904258022,0.036203526,5.34055927116866e-05
medium,15,upper,0.963546892508784,0.00505594546537378,0.03792898,4.89593313308234e-05
medium,15,upper,0.966604584105197,0.00464053118418089,0.039356191,4.1333332844732e-05
medium,15,upper,0.969566364279456,0.00423666287740687,0.040966477,3.86123356797337e-05
medium,15,upper,0.972431811338812,0.00384453188120221,0.042166993,3.03918284065047e-05
medium,15,upper,0.975200527367657,0.00346432397623373,0.043701954,2.99681899289e-05
medium,15,upper,0.977872138276868,0.00309621916823415,0.044661716,2.05393709332095e-05
medium,15,upper,0.980446293847699,0.00274039147596243,0.046163399,2.34030198654227e-05
medium,15,upper,0.982922667769198,0.00239700871745239,0.046861649,1.13461913360783e-05
medium,15,upper,0.985300957670116,0.00206623230251236,0.04837456,2.0292543120632e-05
medium,15,upper,0.987580885145733,0.00174821703436291,0.048776805,4.00475232301724e-06
medium,15,upper,0.989762195778117,0.00144311090829694,0.050334517,2.17994989064403e-05
medium,15,upper,0.991844659151727,0.00115105492227899,0.050431397,-8.08586569706004e-08
medium,15,upper,0.993828068863424,0.000872182891922228,0.052384719,3.19366322559599e-05
medium,15,upper,0.995712242527303,0.000606621272550984,0.05143356,1.61311727497819e-06
medium,15,upper,0.99749702177486,0.000354488992029088,0.054534432,9.19158696976793e-05
medium,15,upper,0.999182272249741,0.000115897288341632,0.050677765,0.00018482050691672
coarse,10,lower,0.998825321792284,-0.000166413470205039,0.17203663,0.00242182174663457
coarse,10,lower,0.996375829922689,-0.000512871137992809,0.16533604,0.00209758005558663
coarse,10,lower,0.993726263235474,-0.000886430119936151,0.15901917,0.00203899890278215
coarse,10,lower,0.990877062516967,-0.00128675467796401,0.15555663,0.0020897273482922
coarse,10,lower,0.987828765770541,-0.00171347863876904,0.15103136,0.0021147662138479
coarse,10,lower,0.984582008209659,-0.00216620637615092,0.1472884,0.00214760842800849
coarse,10,lower,0.981137522209381,-0.0026445138552917,0.1434321,0.00217363160906565
coarse,10,lower,0.977496137215341,-0.0031479497349378,0.13993137,0.00220025173344353
coarse,10,lower,0.97365877960778,-0.00367603651208811,0.13652934,0.00222405476630919
coarse,10,lower,0.969626472520444,-0.00422827171108713,0.13334887,0.00224704584135243
coarse,10,lower,0.965400335611774,-0.00480412909900033,0.13031454,0.00226843359975231
coarse,10,lower,0.960981584787615,-0.00540305992396063,0.12745605,0.00228881465353779
coarse,10,lower,0.956371531874602,-0.00602449417197029,0.12474915,0.00230804105797281
coarse,10,lower,0.951571584241887,-0.0066678418241111,0.12219737,0.00232633208028124
coarse,10,lower,0.946583244370223,-0.00733249410545799,0.11979137,0.00234371045132245
coarse,10,lower,0.941408109368443,-0.0080178247293057,0.11752974,0.0023602614939093
coarse,10,lower,0.936047870435365,-0.00872319111752071,0.1154054,0.00237603632241119
coarse,10,lower,0.930504312265842,-0.00944793558307916,0.11341515,0.0023911138306171
coarse,10,lower,0.924779312401668,-0.0101913864825163,0.11155504,0.00240554446712254
coarse,10,lower,0.918874840525771,-0.0109528593194621,0.10982299,0.00241936228367511
coarse,10,lower,0.912792957699402,-0.0117316577924986,0.10821139,0.00243265685688995
coarse,10,lower,0.906535815542246,-0.0125270747826018,0.10672157,0.00244530744239912
coarse,10,lower,0.900105655355318,-0.01333839327322,0.10535038,0.00245752857019844
coarse,10,lower,0.893504807186695,-0.0141648871968299,0.10409504,0.0024692873110029
coarse,10,lower,0.886735688840318,-0.0150058222020007,0.1029532,0.00248060188768078
coarse,10,lower,0.879800804828203,-0.015860456334103,0.10192285,0.00249149750038954
coarse,10,lower,0.872702745266978,-0.0167280406343275,0.10100221,0.00250198973098581
coarse,10,lower,0.865444184719282,-0.0176078196499324,0.1001886,0.00251207873227888
coarse,10,lower,0.858027880980627,-0.0184990318424677,0.099474989,0.00252181770615877
coarse,10,lower,0.850456673813291,-0.0194009099051218,0.098861098,0.00253123924048309
coarse,10,lower,0.84273348362856,-0.0203126809969665,0.098342396,0.00254035676800212
coarse,10,lower,0.834861310118176,-0.0212335668705545,0.097917788,0.00254920898632622
coarse,10,lower,0.826843230836849,-0.0221627839072916,0.097587161,0.0025578052198151
coarse,10,lower,0.818682399737779,-0.0230995430783237,0.097349711,0.00256614700399024
coarse,10,lower,0.810382045662354,-0.0240430497969924,0.097201914,0.00257427223232783
coarse,10,lower,0.801945470786549,-0.0249925037042871,0.097140864,0.00258223509220011
coarse,10,lower,0.793376049025827,-0.0259470983758973,0.09717086,0.00258989144228704
coarse,10,lower,0.784677224400515,-0.0269060209439888,0.097291298,0.00259754216998325
coarse,10,lower,0.77585250936436,-0.0278684516763157,0.097489059,0.00260488214117347
coarse,10,lower,0.766905483098008,-0.0288335634732928,0.097770005,0.00261214576953389
coarse,10,lower,0.757839789770361,-0.0298005213365561,0.098131232,0.00261925553007778
coarse,10,lower,0.748659136769853,-0.030768481783605,0.098570272,0.00262624676557076
coarse,10,lower,0.739367292908388,-0.0317365922357494,0.09908808,0.00263314609037907
coarse,10,lower,0.729968086600483,-0.0327039903889016,0.099685766,0.00263995250582354
coarse,10,lower,0.720465404019989,-0.03366980356037,0.10036119,0.00264670429448518
coarse,10,lower,0.710863187237456,-0.0346331480571974,0.1011193,0.00265341069376592
coarse,10,lower,0.701165432340052,-0.0355931285261165,0.10196055,0.00266002909296766
coarse,10,lower,0.691376187537511,-0.0365488373575128,0.10287913,0.00266659932784575
coarse,10,lower,0.681499551255784,-0.037499354092429,0.10387886,0.00267313961518018
coarse,10,lower,0.671539670221773,-0.0384437448992948,0.10495918,0.00267961548840128
coarse,10,lower,0.661500737540994,-0.0393810620887279,0.10611687,0.0026860738812141
coarse,10,lower,0.651386990771004,-0.0403103437028654,0.10735639,0.00269257480407147
coarse,10,lower,0.641202709992915,-0.0412306131882771,0.1086906,0.0026990564475462
coarse,10,lower,0.630952215882843,-0.0421408791342427,0.11011701,0.0027054777007267
coarse,10,lower,0.6206398677864,-0.0430401351521754,0.11163525,0.00271189341566416
coarse,10,lower,0.610270061796826,-0.0439273598019275,0.11324865,0.00271830109797668
coarse,10,lower,0.599847228840313,-0.0448015167022698,0.11495868,0.00272467591087544
coarse,10,lower,0.589375832768783,-0.0456615547074709,0.11676367,0.00273105620386547
coarse,10,lower,0.578860368462625,-0.0465064082532142,0.11867867,0.00273741938103465
coarse,10,lower,0.568305359944564,-0.0473349978399712,0.12071276,0.00274371256285137
coarse,10,lower,0.557715358505243,-0.048146230616983,0.12286735,0.00274993921937684
coarse,10,lower,0.54709494084272,-0.0489390012074759,0.12514623,0.00275611897579967
coarse,10,lower,0.536448707215121,-0.0497121925631884,0.12754618,0.00276228032583591
coarse,10,lower,0.525781279608202,-0.0504646770863756,0.13007648,0.0027683240210296
coarse,10,lower,0.515097299917544,-0.0511953178639478,0.13275391,0.0027743579649421
coarse,10,lower,0.504401428145242,-0.0519029700077481,0.13560253,0.00278035712072595
coarse,10,lower,0.493698340611257,-0.0525864822948359,0.13860889,0.00278659167012894
coarse,10,lower,0.482992728178956,-0.0532446987759927,0.1417665,0.00279172245295319
coarse,10,lower,0.47228929449379,-0.0538764606593836,0.14510055,0.00279744674229625
coarse,10,lower,0.461592754234118,-0.0544806083908646,0.14862733,0.00280291145952203
coarse,10,lower,0.450907831374559,-0.0550559836491052,0.15236412,0.00280796532700328
coarse,10,lower,0.440239257457989,-0.0556014317118368,0.1563241,0.00281280929424317
coarse,10,lower,0.429591769876069,-0.0561158039183794,0.16047002,0.00281747086605033
coarse,10,lower,0.418970110158967,-0.0565979600061752,0.16486162,0.00282197520952483
coarse,10,lower,0.408379022267632,-0.0570467708483153,0.16951267,0.00282594017631578
coarse,10,lower,0.397823250889568,-0.057461121260772,0.17444086,0.00282935913260274
coarse,10,lower,0.387307539740156,-0.0578399125639427,0.17961849,0.00283234397589316
coarse,10,lower,0.376836629860555,-0.0581820655243694,0.18507181,0.00283512583706015
coarse,10,lower,0.366415257913039,-0.0584865234341943,0.19086358,0.00283730757585813
coarse,10,lower,0.356048154477512,-0.0587522549021999,0.19698972,0.00283853684706087
coarse,10,lower,0.345740042344162,-0.0589782566371931,0.20341858,0.00283922787682052
coarse,10,lower,0.335495634797326,-0.059163556594417,0.21019968,0.00283954184211967
coarse,10,lower,0.325319633895633,-0.0593072170658223,0.2173927,0.00283891750574584
coarse,10,lower,0.315216728751047,-0.059408337507945,0.22499755,0.00283690170504379
coarse,10,lower,0.305191593804484,-0.0594660573778064,0.23292345,0.00283446893055876
coarse,10,lower,0.295248887095755,-0.0594795567891301,0.24136557,0.00283121584356432
coarse,10,lower,0.285393248534229,-0.0594480629866459,0.2502642,0.00282605669240786
coarse,10,lower,0.275629298178298,-0.0593708517880299,0.25958636,0.00281994096656712
coarse,10,lower,0.265961634523601,-0.059247246992433,0.2694408,0.00281274521487183
coarse,10,lower,0.256394832807726,-0.0590766255797512,0.27984676,0.00280352998045095
coarse,10,lower,0.246933443340227,-0.0588584187412842,0.29074129,0.00279290048100994
coarse,10,lower,0.23758198986491,-0.0585921135889312,0.30224469,0.00278073211526096
coarse,10,lower,0.228344967969585,-0.0582772546732914,0.31438002,0.00276588116905104
coarse,10,lower,0.219226843559913,-0.0579134453278002,0.32705209,0.00274912494960955
coarse,10,lower,0.210232051411386,-0.0575003486339387,0.34045741,0.00273018481288743
coarse,10,lower,0.201364993821055,-0.0570376880820067,0.35452458,0.00270834685332836
coarse,10,lower,0.192630039383609,-0.0565252479108274,0.36927122,0.00268464086884875
coarse,10,lower,0.184031521920579,-0.0559628731046131,0.38482633,0.00265795056552407
coarse,10,lower,0.175573739596477,-0.055350469027875,0.40107027,0.00262852319615819
coarse,10,lower,0.167260954261577,-0.0546880006811346,0.41819662,0.00259607749890262
coarse,10,lower,0.159097391068087,-0.0539754915620337,0.43609887,0.00256004663844692
coarse,10,lower,0.151087238414746,-0.0532130221185397,0.45492071,0.00252046828821766
coarse,10,lower,0.143234648284923,-0.0524007277835189,0.47460213,0.00247683786225993
coarse,10,lower,0.135543737054512,-0.0515387965795198,0.49525669,0.00242901849600051
coarse,10,lower,0.128018586854398,-0.0506274662638768,0.51683915,0.00237655152071458
coarse,10,lower,0.120663247612665,-0.0496670210995778,0.53943741,0.00231926850700067
coarse,10,lower,0.11348173990595,-0.0486577882315396,0.5630514,0.00225624978539223
coarse,10,lower,0.106478058762824,-0.0476001336138741,0.58770359,0.00218762196117379
coarse,10,lower,0.0996561786003928,-0.0464944575419412,0.61341536,0.00211266663596492
coarse,10,lower,0.0930200595357018,-0.0453411899031473,0.6401881,0.00203025653883014
coarse,10,lower,0.0865736554272818,-0.0441407853810327,0.66801387,0.00193859641398628
coarse,10,lower,0.0803209238578864,-0.0428937184342277,0.69686812,0.00183485907785211
coarse,10,lower,0.0742658385170203,-0.0416004783930669,0.72671109,0.001712815467394
coarse,10,lower,0.0684124046398824,-0.0402615652392725,0.75738913,0.00155809072948092
coarse,10,lower,0.0627646778647903,-0.0388774861215214,0.78860515,0.00137080024871207
coarse,10,lower,0.0573267874981136,-0.0374487536412281,0.82030505,0.00121303966739282
coarse,10,lower,0.0521029649926242,-0.0359758868851717,0.85231513,0.0011310670510681
coarse,10,lower,0.0470975784998978,-0.0344594166281709,0.88412327,0.00106487053144706
coarse,10,lower,0.0423151750340561,-0.0328998974236306,0.91491097,0.000979256187581675
coarse,10,lower,0.0377605309688087,-0.0312979298730056,0.94376022,0.00086837186686808
coarse,10,lower,0.0334387117443377,-0.0296541985519655,0.96996343,0.000679108555861684
coarse,10,lower,0.0293551410954677,-0.0279695338535706,0.98743325,0.000508320715489891
coarse,10,lower,0.0255156777066326,-0.0262450097559655,1.002525,0.000181838661820713
coarse,10,lower,0.0219266934912441,-0.0244820954581588,1.0042897,-4.81878781341824e-05
coarse,10,lower,0.0185951400121072,-0.0226828866855278,0.98779726,-0.000615607078051702
coarse,10,lower,0.0155285752824633,-0.0208504521229615,0.95429754,-0.00122583802241249
coarse,10,lower,0.0127350983762755,-0.018989339627794,0.88264346,-0.00213922996279182
coarse,10,lower,0.010223099710297,-0.017106288574154,0.77004552,-0.0032367456703424
coarse,10,lower,0.00800068080162397,-0.0152111726805538,0.59940702,-0.00467708375982387
coarse,10,lower,0.00607454533711653,-0.0133181229128959,0.35755438,-0.00648821333877431
coarse,10,lower,0.00444816768139646,-0.0114466187910584,0.032689352,-0.00869838011946746
coarse,10,lower,0.00311921771732259,-0.00962209503809588,-0.37661904,-0.0112945340598679
coarse,10,lower,0.00207665520573483,-0.0078754168966382,-0.86066467,-0.0142865989987456
coarse,10,lower,0.00129851588683457,-0.0062407213725676,-1.4010242,-0.0173653936216905
coarse,10,lower,0.00075171586328763,-0.00475181858957771,-1.9385991,-0.0203284387274211
coarse,10,lower,0.000394636227191078,-0.00343829076934166,-2.4398429,-0.0229433699779032
coarse,10,lower,0.000181897393463638,-0.00232278854637677,-2.8716764,-0.0247917637827039
coarse,10,lower,6.96842567527901e-05,-0.00142037074597468,-3.2170069,-0.0258123800892655
coarse,10,lower,2.00437851689345e-05,-0.000739623885471299,-3.4711072,-0.0261531655094215
coarse,10,lower,3.52368860114567e-06,-0.000284635076866165,-3.635608,-0.0262630694283115
coarse,10,lower,2.25061982673352e-07,-5.69383385214105e-05,-3.7300582,-0.025803554138794
coarse,10,upper,2.25061982673352e-07,5.69383385214105e-05,-3.7497826,0.0246945701916544
coarse,10,upper,3.52368860114567e-06,0.000284635076866165,-3.8829744,0.0261628137451524
coarse,10,upper,2.00437851689345e-05,0.000739623885471299,-4.0196266,0.0268734510489518
coarse,10,upper,6.96842567527901e-05,0.00142037074597468,-4.2467856,0.0286002558894183
coarse,10,upper,0.000181897393463638,0.00232278854637677,-4.5322471,0.0297296143674492
coarse,10,upper,0.000394636227191078,0.00343829076934166,-4.83988,0.0305187757614488
coarse,10,upper,0.00075171586328763,0.00475181858957771,-5.145268,0.030963752840686
coarse,10,upper,0.00129851588683457,0.0062407213725676,-5.3912959,0.0309278989009989
coarse,10,upper,0.00207665520573483,0.0078754168966382,-5.5368114,0.0299216448357386
coarse,10,upper,0.00311921771732259,0.00962209503809588,-5.5641589,0.0286445547514494
coarse,10,upper,0.00444816768139646,0.0114466187910584,-5.4796329,0.0264406108449039
coarse,10,upper,0.00607454533711653,0.0133181229128959,-5.3091621,0.0241327257091532
coarse,10,upper,0.00800068080162397,0.0152111726805538,-5.0794539,0.0219370685048497
coarse,10,upper,0.010223099710297,0.017106288574154,-4.8253565,0.0198629226933302
coarse,10,upper,0.0127350983762755,0.018989339627794,-4.5595284,0.0180206972748516
coarse,10,upper,0.0155285752824633,0.0208504521229615,-4.3018374,0.0164457054589273
coarse,10,upper,0.0185951400121072,0.0226828866855278,-4.056437,0.0150932206700701
coarse,10,upper,0.0219266934912441,0.0244820954581588,-3.8282936,0.0139329609267364
coarse,10,upper,0.0255156777066326,0.0262450097559655,-3.6161005,0.012931577881185
coarse,10,upper,0.0293551410954677,0.0279695338535706,-3.4213495,0.0120801802241125
coarse,10,upper,0.0334387117443377,0.0296541985519655,-3.243453,0.0113497642067763
coarse,10,upper,0.0377605309688087,0.0312979298730056,-3.0808823,0.0107160582413074
coarse,10,upper,0.0423151750340561,0.0328998974236306,-2.9321334,0.0101604406961061
coarse,10,upper,0.0470975784998978,0.0344594166281709,-2.7957525,0.00966774425311409
coarse,10,upper,0.0521029649926242,0.0359758868851717,-2.6704812,0.00922771908062819
coarse,10,upper,0.0573267874981136,0.0374487536412281,-2.5551994,0.00883198405134452
coarse,10,upper,0.0627646778647903,0.0388774861215214,-2.448638,0.00847488665422598
coarse,10,upper,0.0684124046398824,0.0402615652392725,-2.3499632,0.00815162937797267
coarse,10,upper,0.0742658385170203,0.0416004783930669,-2.2583215,0.00785618078782245
coarse,10,upper,0.0803209238578864,0.0428937184342277,-2.1728497,0.00758575654352835
coarse,10,upper,0.0865736554272818,0.0441407853810327,-2.0931304,0.00733636740645175
coarse,10,upper,0.0930200595357018,0.0453411899031473,-2.01829,0.00710551332177318
coarse,10,upper,0.0996561786003928,0.0464944575419412,-1.9481276,0.00689100923434079
coarse,10,upper,0.106478058762824,0.0476001336138741,-1.8819116,0.00669033075094971
coarse,10,upper,0.11348173990595,0.0486577882315396,-1.8194809,0.00650254843224698
coarse,10,upper,0.120663247612665,0.0496670210995778,-1.7603358,0.00632521342448953
coarse,10,upper,0.128018586854398,0.0506274662638768,-1.7042196,0.00615862455393551
coarse,10,upper,0.135543737054512,0.0515387965795198,-1.6509732,0.00600020133953407
coarse,10,upper,0.143234648284923,0.0524007277835189,-1.6000779,0.00584956901782019
coarse,10,upper,0.151087238414746,0.0532130221185397,-1.5516202,0.0057068261978553
coarse,10,upper,0.159097391068087,0.0539754915620337,-1.5052187,0.0055700141274383
coarse,10,upper,0.167260954261577,0.0546880006811346,-1.4607495,0.00543955268928168
coarse,10,upper,0.175573739596477,0.055350469027875,-1.4181503,0.00531405130403221
coarse,10,upper,0.184031521920579,0.0559628731046131,-1.377113,0.00519315485044623
coarse,10,upper,0.192630039383609,0.0565252479108274,-1.3376395,0.00507767412633094
coarse,10,upper,0.201364993821055,0.0570376880820067,-1.2996482,0.00496617816178167
coarse,10,upper,0.210232051411386,0.0575003486339387,-1.2629089,0.00485825835940701
coarse,10,upper,0.219226843559913,0.0579134453278002,-1.2274151,0.00475459677214979
coarse,10,upper,0.228344967969585,0.0582772546732914,-1.1931216,0.00465474650079957
coarse,10,upper,0.23758198986491,0.0585921135889312,-1.1599243,0.00455744415138097
coarse,10,upper,0.246933443340227,0.0588584187412842,-1.1276506,0.00446303130860519
coarse,10,upper,0.256394832807726,0.0590766255797512,-1.0964056,0.00437228948855055
coarse,10,upper,0.265961634523601,0.059247246992433,-1.0661048,0.00428384363728981
coarse,10,upper,0.275629298178298,0.0593708517880299,-1.0365895,0.00419755086381662
coarse,10,upper,0.285393248534229,0.0594480629866459,-1.0078908,0.00411412812074079
coarse,10,upper,0.295248887095755,0.0594795567891301,-0.9799999,0.00403358449691588
coarse,10,upper,0.305191593804484,0.0594660573778064,-0.95287627,0.00395487566722094
coarse,10,upper,0.315216728751047,0.059408337507945,-0.92637795,0.00387785591031356
coarse,10,upper,0.325319633895633,0.0593072170658223,-0.90055591,0.00380331209459505
coarse,10,upper,0.335495634797326,0.059163556594417,-0.87541258,0.00373111037408481
coarse,10,upper,0.345740042344162,0.0589782566371931,-0.85090059,0.00366067298322992
coarse,10,upper,0.356048154477512,0.0587522549021999,-0.82694489,0.00359146361776543
coarse,10,upper,0.366415257913039,0.0584865234341943,-0.80350852,0.00352413461224762
coarse,10,upper,0.376836629860555,0.0581820655243694,-0.78067249,0.00345886858817925
coarse,10,upper,0.387307539740156,0.0578399125639427,-0.75836217,0.0033953725249577
coarse,10,upper,0.397823250889568,0.057461121260772,-0.7365765,0.0033331244740231
coarse,10,upper,0.408379022267632,0.0570467708483153,-0.71521044,0.00327185183805581
coarse,10,upper,0.418970110158967,0.0565979600061752,-0.69431585,0.00321213652844704
coarse,10,upper,0.429591769876069,0.0561158039183794,-0.67391378,0.00315392931564504
coarse,10,upper,0.440239257457989,0.0556014317118368,-0.65394646,0.00309716867059236
coarse,10,upper,0.450907831374559,0.0550559836491052,-0.63441634,0.0030414384849082
coarse,10,upper,0.461592754234118,0.0544806083908646,-0.61523342,0.00298658059218444
coarse,10,upper,0.47228929449379,0.0538764606593836,-0.59644687,0.00293313690245656
coarse,10,upper,0.482992728178956,0.0532446987759927,-0.57807481,0.00288087787301677
coarse,10,upper,0.493698340611257,0.0525864822948359,-0.56007075,0.00283059472206538
coarse,10,upper,0.504401428145242,0.0519029700077481,-0.542422,0.0027796803886911
coarse,10,upper,0.515097299917544,0.0511953178639478,-0.52510726,0.00273033521667708
coarse,10,upper,0.525781279608202,0.0504646770863756,-0.50808471,0.00268188189064869
coarse,10,upper,0.536448707215121,0.0497121925631884,-0.49140027,0.00263456936381336
coarse,10,upper,0.54709494084272,0.0489390012074759,-0.47503868,0.00258802698375906
coarse,10,upper,0.557715358505243,0.048146230616983,-0.45897472,0.0025422371074595
coarse,10,upper,0.568305359944564,0.0473349978399712,-0.4431892,0.00249711299864121
coarse,10,upper,0.578860368462625,0.0465064082532142,-0.42766157,0.00245252320888079
coarse,10,upper,0.589375832768783,0.0456615547074709,-0.41237834,0.0024085340178137
coarse,10,upper,0.599847228840313,0.0448015167022698,-0.39735174,0.00236530172361569
coarse,10,upper,0.610270061796826,0.0439273598019275,-0.38258514,0.00232258584076271
coarse,10,upper,0.6206398677864,0.0430401351521754,-0.3680478,0.00228026969854055
coarse,10,upper,0.630952215882843,0.0421408791342427,-0.35373864,0.00223832780376039
coarse,10,upper,0.641202709992915,0.0412306131882771,-0.3396188,0.00219660162638553
coarse,10,upper,0.651386990771004,0.0403103437028654,-0.32568595,0.00215521333212279
coarse,10,upper,0.661500737540994,0.0393810620887279,-0.31194112,0.00211419353760899
coarse,10,upper,0.671539670221773,0.0384437448992948,-0.29838467,0.00207355488990486
coarse,10,upper,0.681499551255784,0.037499354092429,-0.28501338,0.00203322979696466
coarse,10,upper,0.691376187537511,0.0365488373575128,-0.27181184,0.00199300777970018
coarse,10,upper,0.701165432340052,0.0355931285261165,-0.25875384,0.00195278087541204
coarse,10,upper,0.710863187237456,0.0346331480571974,-0.24583173,0.00191250498048794
coarse,10,upper,0.720465404019989,0.03366980356037,-0.23304036,0.00187226015705298
coarse,10,upper,0.729968086600483,0.0327039903889016,-0.22038221,0.00183210211563776
coarse,10,upper,0.739367292908388,0.0317365922357494,-0.20785429,0.00179198844307123
coarse,10,upper,0.748659136769853,0.030768481783605,-0.19544964,0.00175184965451209
coarse,10,upper,0.757839789770361,0.0298005213365561,-0.1831585,0.00171159138701331
coarse,10,upper,0.766905483098008,0.0288335634732928,-0.17096969,0.0016711374270618
coarse,10,upper,0.77585250936436,0.0278684516763157,-0.15887648,0.00163049401010839
coarse,10,upper,0.784677224400515,0.0269060209439888,-0.14687975,0.00158968866509692
coarse,10,upper,0.793376049025827,0.0259470983758973,-0.13497995,0.0015487216777519
coarse,10,upper,0.801945470786549,0.0249925037042871,-0.12317653,0.00150756810576388
coarse,10,upper,0.810382045662354,0.0240430497969924,-0.11146785,0.00146621368737422
coarse,10,upper,0.818682399737779,0.0230995430783237,-0.099854089,0.00142465360920486
coarse,10,upper,0.826843230836849,0.0221627839072916,-0.08833541,0.00138287331706018
coarse,10,upper,0.834861310118176,0.0212335668705545,-0.076912753,0.00134087131359681
coarse,10,upper,0.84273348362856,0.0203126809969665,-0.065589488,0.0012986747166733
coarse,10,upper,0.850456673813291,0.0194009099051218,-0.054371752,0.00125632245496448
coarse,10,upper,0.858027880980627,0.0184990318424677,-0.043266747,0.00121384199134603
coarse,10,upper,0.865444184719282,0.0176078196499324,-0.032281566,0.00117126142126314
coarse,10,upper,0.872702745266978,0.0167280406343275,-0.0214247,0.00112862299396935
coarse,10,upper,0.879800804828203,0.015860456334103,-0.010706146,0.0010859891225003
coarse,10,upper,0.886735688840318,0.0150058222020007,-0.00013808036,0.00104343127574337
coarse,10,upper,0.893504807186695,0.0141648871968299,0.010267015,0.00100100600271818
coarse,10,upper,0.900105655355318,0.01333839327322,0.020495538,0.000958778469210437
coarse,10,upper,0.906535815542246,0.0125270747826018,0.030534092,0.000916824623554212
coarse,10,upper,0.912792957699402,0.0117316577924986,0.040367726,0.000875211488483158
coarse,10,upper,0.918874840525771,0.0109528593194621,0.049983125,0.000834036577983954
coarse,10,upper,0.924779312401668,0.0101913864825163,0.05936297,0.000793367646118626
coarse,10,upper,0.930504312265842,0.00944793558307916,0.068495542,0.00075333555419958
coarse,10,upper,0.936047870435365,0.00872319111752071,0.077359952,0.000713962406824624
coarse,10,upper,0.941408109368443,0.0080178247293057,0.085951731,0.000675436438080469
coarse,10,upper,0.946583244370223,0.00733249410545799,0.094242372,0.000637628840965623
coarse,10,upper,0.951571584241887,0.0066678418241111,0.10224692,0.000600907121176362
coarse,10,upper,0.956371531874602,0.00602449417197029,0.1099138,0.000564762432158161
coarse,10,upper,0.960981584787615,0.00540305992396063,0.11730501,0.000530108057905838
coarse,10,upper,0.965400335611774,0.00480412909900033,0.12430396,0.000495419928295873
coarse,10,upper,0.969626472520444,0.00422827171108713,0.13108873,0.000463161053392697
coarse,10,upper,0.97365877960778,0.00367603651208811,0.13737082,0.000429021363814681
coarse,10,upper,0.977496137215341,0.0031479497349378,0.14361785,0.000399842996764406
coarse,10,upper,0.981137522209381,0.0026445138552917,0.14909793,0.00036369676576292
coarse,10,upper,0.984582008209659,0.00216620637615092,0.15499556,0.000339622388890229
coarse,10,upper,0.987828765770541,0.00171347863876904,0.15946086,0.000294460697701564
coarse,10,upper,0.990877062516967,0.00128675467796401,0.16540647,0.000281461227748027
coarse,10,upper,0.993726263235474,0.000886430119936151,0.16820699,0.000204371854392617
coarse,10,upper,0.996375829922689,0.000512871137992809,0.17461863,0.000253350541880272
coarse,10,upper,0.998825321792284,0.000166413470205039,0.17447293,0.000314295234704061
fine,10,lower,0.999427263443135,-8.11994951548875e-05,0.1708523,0.00237866041186009
fine,10,lower,0.998256912435561,-0.000247000844718127,0.16854742,0.00206480497849506
fine,10,lower,0.997036825369642,-0.000419588575908658,0.1642479,0.0020131471100526
fine,10,lower,0.995767044697863,-0.000598925036478492,0.16329372,0.00204981083430025
fine,10,lower,0.994447618860951,-0.000784970628039055,0.16024722,0.0020520299677305
fine,10,lower,0.993078602289334,-0.000977683831702653,0.15850569,0.00208012770232484
fine,10,lower,0.991660055404463,-0.0011770212382823,0.15595011,0.00209273776015401
fine,10,lower,0.990192044619097,-0.00138293757636621,0.15401457,0.00211368899886804
fine,10,lower,0.988674642337001,-0.00159538574164997,0.15178287,0.00212801204482314
fine,10,lower,0.987107926952331,-0.00181431682968467,0.14984468,0.00214526458634814
fine,10,lower,0.985491982848117,-0.00203968016752339,0.14781499,0.00215952240794571
fine,10,lower,0.98382690039408,-0.00227142334612394,0.14593703,0.00217464372642492
fine,10,lower,0.982112775943877,-0.00250949225422228,0.14404978,0.00218827357370773
fine,10,lower,0.980349711831651,-0.00275383111280846,0.14225289,0.00220194952356211
fine,10,lower,0.978537816368108,-0.00300438251206243,0.14047897,0.00221477663061186
fine,10,lower,0.976677203835549,-0.00326108744602833,0.13876849,0.00222741088922371
fine,10,lower,0.974767994482245,-0.00352388534822293,0.13709307,0.00223949888637846
fine,10,lower,0.972810314516298,-0.00379271412944584,0.13546872,0.00225130755761113
fine,10,lower,0.970804296098539,-0.00406751021395228,0.13388333,0.00226270680015816
fine,10,lower,0.968750077335155,-0.00434820858017363,0.13234296,0.00227381261293704
fine,10,lower,0.966647802269113,-0.00463474279784747,0.13084227,0.00228458218147871
fine,10,lower,0.964497620870614,-0.00492704506314265,0.1293833,0.00229506901539092
fine,10,lower,0.962299689027534,-0.00522504624113991,0.12796351,0.0023052634376023
fine,10,lower,0.960054168534595,-0.00552867590370136,0.12658337,0.00231519258810379
fine,10,lower,0.957761227081458,-0.00583786236460918,0.12524146,0.00232485709459832
fine,10,lower,0.955421038240968,-0.00615253272398563,0.12393758,0.00233427044053487
fine,10,lower,0.953033781455749,-0.00647261290421615,0.12267083,0.00234344236414616
fine,10,lower,0.950599642023899,-0.00679802768464341,0.12144083,0.00235238835434873
fine,10,lower,0.948118811084712,-0.00712870074486258,0.12024689,0.00236111525230484
fine,10,lower,0.94559148560307,-0.00746455470269291,0.11908855,0.00236963209693775
fine,10,lower,0.943017868352757,-0.00780551114899385,0.11796513,0.00237794610174216
fine,10,lower,0.940398167899169,-0.00815149068445442,0.1168761,0.00238606599227205
fine,10,lower,0.937732598581325,-0.00850241295772657,0.11582087,0.00239399948516234
fine,10,lower,0.935021380492875,-0.00885819670133845,0.11479893,0.00240175479548564
fine,10,lower,0.932264739462257,-0.00921875976700932,0.11380979,0.00240933856612432
fine,10,lower,0.929462907031992,-0.00958401916032711,0.11285304,0.00241675762203368
fine,10,lower,0.926616120437118,-0.00995389107471873,0.11192833,0.0024240174604101
fine,10,lower,0.923724622582755,-0.0103282909246466,0.11103532,0.00243112319972145
fine,10,lower,0.920788662020803,-0.0107071333779688,0.11017369,0.00243807907208415
fine,10,lower,0.917808492925766,-0.0110903323874042,0.10934313,0.00244488924879767
fine,10,lower,0.914784375069696,-0.0114778012210464,0.10854332,0.00245155707454193
fine,10,lower,0.911716573796268,-0.0118694524918738,0.10777388,0.00245808696470082
fine,10,lower,0.908605359993972,-0.0122651981862062,0.1070345,0.00246448125701004
fine,10,lower,0.905451010068437,-0.0126649496910606,0.10632455,0.00247074549787486
fine,10,lower,0.902253805913871,-0.0130686178203626,0.10564374,0.00247688474320733
fine,10,lower,0.899014034883637,-0.0134761128399716,0.10499156,0.00248290333258165
fine,10,lower,0.89573198975995,-0.0138873444914826,0.1043677,0.00248880555804529
fine,10,lower,0.892407968722706,-0.0143022220146313,0.10377175,0.002494594687709
fine,10,lower,0.889042275317422,-0.0147206541676457,0.10320343,0.0025002705828974
fine,10,lower,0.885635218422375,-0.0151425492479003,0.10266236,0.00250582085562816
fine,10,lower,0.88218711221491,-0.0155678151115532,0.10214826,0.00251126967673552
fine,10,lower,0.878698276136811,-0.0159963591901566,0.10166085,0.00251662075029095
fine,10,lower,0.875169034858865,-0.01642808850631,0.1011999,0.0025218769579373
fine,10,lower,0.871599718244588,-0.01686290968807,0.10076521,0.00252704049012385
fine,10,lower,0.867990661313107,-0.0173007289809659,0.10035652,0.00253211334745449
fine,10,lower,0.864342204201227,-0.0177414522588384,0.099973604,0.00253709518425032
fine,10,lower,0.860654692124778,-0.0181849850362608,0.09961576,0.00254199178152251
fine,10,lower,0.856928475339095,-0.0186312324779317,0.099282891,0.0025468079757164
fine,10,lower,0.85316390909866,-0.0190800994045582,0.098974593,0.00255154562383563
fine,10,lower,0.849361353615995,-0.0195314902981593,0.098690741,0.00255620746736564
fine,10,lower,0.845521174019744,-0.019985309304146,0.098431021,0.00256079499438889
fine,10,lower,0.841643740312116,-0.0204414602366891,0.098195218,0.00256531093826638
fine,10,lower,0.837729427325546,-0.0208998465828833,0.097983085,0.00256975752950872
fine,10,lower,0.833778614678553,-0.0213603715008897,0.097794361,0.00257413707256103
fine,10,lower,0.829791686730887,-0.0218229378172329,0.097628869,0.00257845178863492
fine,10,lower,0.825769032537967,-0.0222874480218892,0.09748628,0.00258270548343625
fine,10,lower,0.821711045804721,-0.0227538042681811,0.097366616,0.00258689741556639
fine,10,lower,0.817618124838718,-0.0232219083700736,0.0972692,0.00259102848672363
fine,10,lower,0.813490672502561,-0.0236916617928882,0.097193621,0.00259510911130518
fine,10,lower,0.809329096165623,-0.0241629656419244,0.097140126,0.00259913520711594
fine,10,lower,0.805133807655239,-0.0246357206549599,0.097107895,0.00260312418021338
fine,10,lower,0.800905223207307,-0.0251098271975098,0.097096898,0.00260704117095465
fine,10,lower,0.796643763416225,-0.0255851852504623,0.097108506,0.00261092256745182
fine,10,lower,0.792349853184199,-0.0260616943938566,0.09714099,0.00261477133615208
fine,10,lower,0.788023921670025,-0.0265392537916389,0.097194165,0.00261856106173025
fine,10,lower,0.783666402237418,-0.0270177621837479,0.097268619,0.0026223151945649
fine,10,lower,0.779277732402766,-0.0274971178734319,0.097363807,0.00262602862820766
fine,10,lower,0.774858353782288,-0.0279772187061971,0.097479887,0.00262970016453325
fine,10,lower,0.770408712038704,-0.0284579620489362,0.097615644,0.00263333666592275
fine,10,lower,0.765929256827567,-0.0289392447790755,0.097771645,0.00263694474240238
fine,10,lower,0.761420441743127,-0.0294209632716653,0.097947441,0.0026405223709446
fine,10,lower,0.756882724263623,-0.02990301337522,0.098143466,0.00264407181028059
fine,10,lower,0.752316565696159,-0.0303852903867061,0.098359495,0.00264759015238871
fine,10,lower,0.747722431121335,-0.03086768903874,0.098595433,0.00265108179393017
fine,10,lower,0.743100789337521,-0.0313501034869574,0.098851167,0.00265454716150637
fine,10,lower,0.738452112804602,-0.0318324272842051,0.099126399,0.00265799361267498
fine,10,lower,0.733776877587357,-0.0323145533527248,0.099421881,0.00266141521102521
fine,10,lower,0.729075563298719,-0.0327963739707628,0.099736579,0.00266481219105693
fine,10,lower,0.724348653042764,-0.0332777807612168,0.10007078,0.00266820047376535
fine,10,lower,0.719596633357226,-0.0337586646654352,0.10042533,0.00267157342357687
fine,10,lower,0.714819994155702,-0.0342389159139251,0.10079776,0.00267499834410233
fine,10,lower,0.710019228669843,-0.0347184240138413,0.10119019,0.00267824686495209
fine,10,lower,0.7051948333914,-0.0351970777402143,0.10160282,0.00268154883120883
fine,10,lower,0.700347308013817,-0.0356747651106372,0.1020349,0.00268485793492451
fine,10,lower,0.695477155373567,-0.0361513733558095,0.10248745,0.00268815399782274
fine,10,lower,0.690584881391618,-0.0366267889092781,0.10295975,0.00269143461109156
fine,10,lower,0.685670995014824,-0.0371008974027482,0.10345221,0.00269470573751494
fine,10,lower,0.680736008156922,-0.0375735836431121,0.10396469,0.00269796559393219
fine,10,lower,0.675780435639326,-0.0380447315840897,0.10449713,0.00270122019705804
fine,10,lower,0.670804795132143,-0.0385142243193022,0.10504986,0.00270447035591746
fine,10,lower,0.665809607095244,-0.0389819440833024,0.10562301,0.00270771698565368
fine,10,lower,0.660795394718956,-0.0394477722326719,0.10621702,0.00271096334538526
fine,10,lower,0.655762683864618,-0.0399115892200117,0.10683291,0.00271419928153193
fine,10,lower,0.650712003005445,-0.0403732745908578,0.10747001,0.00271742528759482
fine,10,lower,0.645643883167539,-0.0408327069921167,0.10812901,0.0027206470730917
fine,10,lower,0.6405588578706,-0.0412897641593496,0.10880964,0.00272386198070966
fine,10,lower,0.635457463068517,-0.0417443228945662,0.10951189,0.00272707748980745
fine,10,lower,0.630340237090331,-0.0421962590664833,0.11023623,0.00273029741984702
fine,10,lower,0.625207720581455,-0.0426454476278843,0.11098358,0.00273351968922799
fine,10,lower,0.620060456444663,-0.0430917626118143,0.11175491,0.00273673504972108
fine,10,lower,0.614898989781013,-0.0435350771153955,0.11255035,0.00273994160494168
fine,10,lower,0.609723867831095,-0.0439752633011674,0.11337021,0.002743142437264
fine,10,lower,0.604535639916685,-0.0444121924242214,0.11421454,0.00274633484981697
fine,10,lower,0.599334857382283,-0.044845734841725,0.11508276,0.0027495289715989
fine,10,lower,0.594122073536565,-0.0452757600042615,0.11597607,0.0027527326643455
fine,10,lower,0.588897843594143,-0.0457021364562889,0.11689592,0.00275593569276422
fine,10,lower,0.583662724617801,-0.0461247318722064,0.11784347,0.00275912826369264
fine,10,lower,0.578417275460772,-0.0465434130839028,0.11881889,0.00276230908003371
fine,10,lower,0.573162056708929,-0.0469580460807261,0.11982281,0.00276547200590957
fine,10,lower,0.567897630623219,-0.0473684960103812,0.12085358,0.00276862900920415
fine,10,lower,0.562624561082607,-0.0477746272194183,0.12191277,0.00277179414077203
fine,10,lower,0.557343413527204,-0.0481763033008115,0.12300161,0.00277496266269239
fine,10,lower,0.552054754901314,-0.0485733871061627,0.12412288,0.00277811821100662
fine,10,lower,0.546759153596754,-0.0489657407541994,0.1252764,0.00278125002800755
fine,10,lower,0.541457179396544,-0.0493532256639887,0.12646309,0.00278435270298608
fine,10,lower,0.536149403418895,-0.0497357026197661,0.12768075,0.00278743805379622
fine,10,lower,0.53083639806125,-0.0501130318066195,0.12893088,0.00279053403738191
fine,10,lower,0.525518736944517,-0.0504850728317901,0.13021611,0.00279363041881708
fine,10,lower,0.520196994857623,-0.0508516847441262,0.13153933,0.00279669624713583
fine,10,lower,0.514871747702341,-0.0512127261030181,0.13290007,0.0027997156616672
fine,10,lower,0.50954357243827,-0.0515680550507916,0.13429935,0.00280268845286676
fine,10,lower,0.504213047027984,-0.0519175293415343,0.13573354,0.00280566810276228
fine,10,lower,0.49888075038248,-0.0522610063744591,0.13720728,0.00280865741557509
fine,10,lower,0.493547262306903,-0.0525983432354698,0.13872291,0.00281159083101403
fine,10,lower,0.488213163446309,-0.0529293967894524,0.14028326,0.00281448298652706
fine,10,lower,0.482879035231622,-0.0532540237508462,0.14188774,0.00281730696859126
fine,10,lower,0.477545459825886,-0.0535720807220011,0.14353336,0.00282009143219458
fine,10,lower,0.472213020070824,-0.0538834242333838,0.14522205,0.00282288260330002
fine,10,lower,0.466882299433485,-0.0541879108059832,0.14696008,0.00282563997000609
fine,10,lower,0.461553881952763,-0.0544853970604464,0.1487485,0.00282832273279871
fine,10,lower,0.456228352186226,-0.0547757397883952,0.15058829,0.00283091483498377
fine,10,lower,0.45090629515726,-0.0550587960033719,0.15247485,0.00283344553867628
fine,10,lower,0.445588296302447,-0.055334422992399,0.15441065,0.00283598062411026
fine,10,lower,0.440274941419001,-0.0556024783808428,0.15640399,0.00283845838234296
fine,10,lower,0.43496681661177,-0.0558628202560179,0.15845433,0.00284083927615524
fine,10,lower,0.429664508240588,-0.0561153072552499,0.16056477,0.00284307262568675
fine,10,lower,0.424368602868071,-0.0563597986200675,0.16272338,0.00284525807021863
fine,10,lower,0.419079687207366,-0.0565961542685515,0.16494535,0.0028474377161005
fine,10,lower,0.413798348070288,-0.0568242348422209,0.16723055,0.00284949348981789
fine,10,lower,0.408525172314609,-0.0570439018320186,0.16958246,0.00285142476543536
fine,10,lower,0.403260746791356,-0.0572550177042769,0.17199808,0.00285319443203211
fine,10,lower,0.398005658292937,-0.0574574459542671,0.17447057,0.0028549607936577
fine,10,lower,0.392760493500982,-0.057651051189172,0.17702059,0.00285664730932644
fine,10,lower,0.387525838934417,-0.0578356991929686,0.1796402,0.00285816016553012
fine,10,lower,0.382302280897549,-0.058011256989101,0.18233815,0.00285946150949166
fine,10,lower,0.377090405427021,-0.0581775929922929,0.1850926,0.00286072183879019
fine,10,lower,0.371890798239155,-0.0583345771256185,0.18793558,0.00286192625771678
fine,10,lower,0.366704044678064,-0.0584820808728462,0.1908543,0.00286291508701614
fine,10,lower,0.361530729663225,-0.0586199773697825,0.19386223,0.00286364892038395
fine,10,lower,0.356371437637146,-0.0587481414822167,0.1969312,0.0028643129544437
fine,10,lower,0.351226752513434,-0.0588664498352309,0.2000991,0.00286491041736738
fine,10,lower,0.346097257623404,-0.0589747809657068,0.20335054,0.00286523378299365
fine,10,lower,0.340983535662638,-0.059073015480697,0.20670027,0.00286526171064082
fine,10,lower,0.335886168638778,-0.0591610360991474,0.21011697,0.00286521089861099
fine,10,lower,0.330805737818754,-0.0592387277371635,0.21364582,0.0028650372721644
fine,10,lower,0.325742823675857,-0.0593059776050374,0.21726573,0.00286450414468854
fine,10,lower,0.320698005836892,-0.0593626752882222,0.22098829,0.00286370837477821
fine,10,lower,0.315671863029846,-0.0594087126972483,0.22479381,0.0028628006555625
fine,10,lower,0.310664973030045,-0.059443984227414,0.22871934,0.00286172108130084
fine,10,lower,0.305677912606249,-0.059468386982621,0.23274939,0.00286015310516912
fine,10,lower,0.300711257468216,-0.0594818220310429,0.2368736,0.00285846579465081
fine,10,lower,0.295765582213796,-0.0594841900197057,0.24111721,0.00285660569083473
fine,10,lower,0.29084146027596,-0.0594753957528799,0.24547668,0.00285430349897839
fine,10,lower,0.285939463869944,-0.0594553497802058,0.24995062,0.00285163789467326
fine,10,lower,0.281060163940522,-0.0594239629790871,0.25453117,0.00284879090847436
fine,10,lower,0.276204130110042,-0.0593811497510051,0.2592479,0.0028456567191116
fine,10,lower,0.271371930626009,-0.0593268277811622,0.26408952,0.00284193406264037
fine,10,lower,0.266564132308093,-0.0592609178818113,0.26903722,0.0028380619624585
fine,10,lower,0.261781300496601,-0.0591833441270455,0.27413559,0.00283388928415828
fine,10,lower,0.257023999001701,-0.0590940339559543,0.2793681,0.00282897834553583
fine,10,lower,0.252292790052729,-0.0589929182132441,0.28471252,0.00282391285179164
fine,10,lower,0.247588234248092,-0.0588799311958944,0.29021913,0.00281851432297978
fine,10,lower,0.242910890505882,-0.0587550106995832,0.2958672,0.00281229521515616
fine,10,lower,0.238261316015277,-0.0586180980627014,0.30163911,0.00280585937310783
fine,10,lower,0.233640066188854,-0.0584691382070283,0.30758184,0.00279897541753374
fine,10,lower,0.229047694615957,-0.0583080796745695,0.31367037,0.00279129691125666
fine,10,lower,0.224484753017222,-0.0581348746602447,0.31990319,0.00278324749317973
fine,10,lower,0.219951791200633,-0.0579494790445185,0.32631028,0.00277453332421808
fine,10,lower,0.215449357018931,-0.057751852416926,0.33286616,0.00276515794634985
fine,10,lower,0.210977996328112,-0.0575419580832328,0.33959278,0.00275539273141765
fine,10,lower,0.206538252948208,-0.0573197630803031,0.34649622,0.00274485993778863
fine,10,lower,0.202130668626517,-0.0570852381930454,0.35355294,0.00273387047045453
fine,10,lower,0.197755783002787,-0.0568383579578721,0.36080477,0.00272230537833786
fine,10,lower,0.193414133576944,-0.0565791006607772,0.36822483,0.00270998581390883
fine,10,lower,0.18910625567959,-0.0563074483299427,0.37583274,0.00269715338291504
fine,10,lower,0.184832682445579,-0.056023386722724,0.38363475,0.00268345098115895
fine,10,lower,0.180593944790959,-0.0557269053068746,0.39161199,0.00266916046409055
fine,10,lower,0.176390571393636,-0.0554179972358802,0.39980221,0.0026541162466905
fine,10,lower,0.172223088678104,-0.0550966593182821,0.40817517,0.00263827947782982
fine,10,lower,0.168092020804644,-0.0547628919808782,0.41676566,0.00262169030427447
fine,10,lower,0.163997889663413,-0.0544166992256979,0.42555135,0.00260423211565686
fine,10,lower,0.159941214873879,-0.0540580885806618,0.43455809,0.00258595079344318
fine,10,lower,0.155922513790129,-0.05368707104384,0.44377157,0.00256675165496702
fine,10,lower,0.15194230151256,-0.0533036610212447,0.45321143,0.00254664835329825
fine,10,lower,0.148001090906592,-0.052907876258097,0.46286789,0.00252557177389559
fine,10,lower,0.144099392629009,-0.0524997377635306,0.47275758,0.00250350533480476
fine,10,lower,0.140237715162666,-0.0520792697287094,0.48287246,0.0024803960737408
fine,10,lower,0.136416564860327,-0.0516464994383559,0.49322793,0.0024562152901719
fine,10,lower,0.132636445998474,-0.0512014571757156,0.50381696,0.00243089137503157
fine,10,lower,0.128897860842018,-0.0507441761210048,0.5146513,0.00240444385791707
fine,10,lower,0.1252013097204,-0.050274692241256,0.52573138,0.00237674430835931
fine,10,lower,0.121547291115937,-0.0497930441715631,0.53706008,0.00234779924379277
fine,10,lower,0.117936301768958,-0.049299273101223,0.54864168,0.00231755076926616
fine,10,lower,0.114368836798382,-0.0487934226520085,0.5604791,0.00228592598856713
fine,10,lower,0.110845389837248,-0.0482755387416847,0.57257408,0.00225289107187079
fine,10,lower,0.107366453187792,-0.0477456694465199,0.58492976,0.00221838173324755
fine,10,lower,0.103932517997052,-0.0472038648592888,0.59754753,0.00218230578098254
fine,10,lower,0.100544074454949,-0.046650176943068,0.61042905,0.00214455722000444
fine,10,lower,0.0972016120169942,-0.046084659381542,0.62357485,0.00210496741058117
fine,10,lower,0.0939056196537371,-0.0455073674259858,0.63698471,0.00206326237536818
fine,10,lower,0.0906565861207428,-0.044918357722809,0.6506573,0.00201901359272294
fine,10,lower,0.0874550002725838,-0.0443176881685985,0.66458952,0.00197163673723581
fine,10,lower,0.0843013514228268,-0.0437054177839662,0.67877704,0.00192050830714485
fine,10,lower,0.0811961297290084,-0.0430816065559924,0.69321519,0.00186517318109885
fine,10,lower,0.0781398266201929,-0.0424463152870628,0.70790064,0.00180513947061853
fine,10,lower,0.075132935272358,-0.0417996054556523,0.72283006,0.00173894055008551
fine,10,lower,0.0721759511131432,-0.041141539063182,0.73798591,0.0016612559733845
fine,10,lower,0.0692693724281694,-0.0404721785587128,0.75330544,0.00156297149110774
fine,10,lower,0.0664137010443729,-0.0397915867935144,0.76868802,0.00144356659121151
fine,10,lower,0.0636094430390786,-0.0390998269411438,0.78415751,0.00132809808824544
fine,10,lower,0.0608571094946389,-0.0383969624376716,0.79982728,0.00124720220147581
fine,10,lower,0.058157217375885,-0.0376830570146142,0.81569117,0.00119853264670601
fine,10,lower,0.0555102905763045,-0.0369581748486856,0.83164501,0.00116561570229201
fine,10,lower,0.0529168609935154,-0.0362223807102954,0.84760863,0.00113750441503546
fine,10,lower,0.0503774695965052,-0.0354757401345172,0.86351901,0.00110879265618016
fine,10,lower,0.0478926677981039,-0.0347183198367223,0.87930709,0.00107681472664707
fine,10,lower,0.045463018997971,-0.0339501882767076,0.89489055,0.00103998193700147
fine,10,lower,0.043089099953065,-0.0331714162278183,0.9101702,0.00099711566711227
fine,10,lower,0.0407715025537236,-0.0323820777031621,0.92503017,0.00094703673333532
fine,10,lower,0.0385108358428249,-0.0315822511757917,0.93932509,0.000888824909617537
fine,10,lower,0.0363077277526268,-0.030772020947683,0.95291013,0.000820064495660568
fine,10,lower,0.0341628274520126,-0.0299514790901282,0.96551627,0.000742479961230183
fine,10,lower,0.0320768076283272,-0.0291207278119,0.97713429,0.000644490325144728
fine,10,lower,0.0300503667500977,-0.0282798823745369,0.98685569,0.000545901009814418
fine,10,lower,0.0280842317905631,-0.0274290748610235,0.99565428,0.000397171612952634
fine,10,lower,0.026179160444453,-0.0265684587101261,1.0005032,0.000276391148840219
fine,10,lower,0.0243359437809544,-0.0256982144594362,1.0047861,9.66219333547015e-05
fine,10,lower,0.0225554082589687,-0.0248185567408117,1.0052391,-3.26986314740614e-05
fine,10,lower,0.0208384176427227,-0.0239297429232617,1.0013009,-0.000279134164885756
fine,10,lower,0.0191858739950746,-0.0230320836509978,0.99484652,-0.000513162052079581
fine,10,lower,0.0175987177677219,-0.0221259556718906,0.98077965,-0.000835631272037488
fine,10,lower,0.0160779262259276,-0.0212118173300546,0.9617914,-0.00115407916320714
fine,10,lower,0.0146245095933543,-0.0202902271149216,0.9344883,-0.00154531270506198
fine,10,lower,0.0132395042055779,-0.0193618656803866,0.89886272,-0.00197748637141088
fine,10,lower,0.0119239610849052,-0.0184275615481825,0.85286379,-0.00247745422696896
fine,10,lower,0.0106789292756947,-0.0174883207161712,0.79512793,-0.00304333826316669
fine,10,lower,0.00950543151429857,-0.0165453598459216,0.72382593,-0.00368527017913911
fine,10,lower,0.00840443089411759,-0.0156001423921444,0.63716459,-0.0044084112351625
fine,10,lower,0.00737678714293788,-0.0146544163469909,0.53329509,-0.00521795362285373
fine,10,lower,0.00642319910487262,-0.0137102508584613,0.41048932,-0.00611700727647424
fine,10,lower,0.00554413520140024,-0.0127700686887599,0.2672345,-0.0071053088113545
fine,10,lower,0.00473975139799424,-0.0118366695513522,0.1025175,-0.00818073072632663
fine,10,lower,0.00400979702808926,-0.010913238109221,-0.084138349,-0.00933656498121557
fine,10,lower,0.00335351771825044,-0.0100033312311946,-0.29215196,-0.0105556273232243
fine,10,lower,0.00276956221074708,-0.00911083874904511,-0.51970953,-0.011842979717979
fine,10,lower,0.00225590204232148,-0.0082399139650997,-0.76525563,-0.0132104806827975
fine,10,lower,0.00180978297086035,-0.00739487595848944,-1.0252506,-0.0146207297493167
fine,10,lower,0.00142771307738554,-0.00658008771027276,-1.2929497,-0.0160816609284237
fine,10,lower,0.00110549927627868,-0.00579982140424993,-1.5641956,-0.0176170235667826
fine,10,lower,0.00083833566825086,-0.0050581253719109,-1.8332676,-0.0191928929264296
fine,10,lower,0.000620933838110866,-0.0043587065073692,-2.0947907,-0.0207709761190882
fine,10,lower,0.000447687500963426,-0.00370484165683518,-2.3442364,-0.0222550419179966
fine,10,lower,0.000312847788522132,-0.00309932420692239,-2.5778649,-0.0235570214221991
fine,10,lower,0.000210704693377692,-0.00254444928841333,-2.7926795,-0.0246439851434095
fine,10,lower,0.000135746984099594,-0.00204203167957938,-2.9865491,-0.0255322406042725
fine,10,lower,8.27955325831746e-05,-0.00159344929082073,-3.1583068,-0.0262525510531164
fine,10,lower,4.71086376257667e-05,-0.00119970379373502,-3.3075073,-0.0268392799611528
fine,10,lower,2.4465302600727e-05,-0.00086148878922586,-3.4343097,-0.0273032903935401
fine,10,lower,1.12081653548033e-05,-0.000579257891339302,-3.5389585,-0.0276663786133113
fine,10,lower,4.28740496262055e-06,-0.000353287907726335,-3.6217358,-0.0279272476669354
fine,10,lower,1.25783933081884e-06,-0.000183733491756736,-3.6832988,-0.028005682855492
fine,10,lower,2.40258955286364e-07,-7.06715955095464e-05,-3.7234399,-0.0282487838500006
fine,10,lower,1.77747907301359e-08,-1.41349091874438e-05,-3.7482312,-0.0282561762385326
fine,10,upper,1.77747907301359e-08,1.41349091874438e-05,-3.7550824,0.0282465958691635
fine,10,upper,2.40258955286364e-07,7.06715955095464e-05,-3.7816083,0.0283213345214489
fine,10,upper,1.25783933081884e-06,0.000183733491756736,-3.8208337,0.0283545140689657
fine,10,upper,4.28740496262055e-06,0.000353287907726335,-3.8826039,0.0287332011549968
fine,10,upper,1.12081653548033e-05,0.000579257891339302,-3.9629161,0.0290503174127194
fine,10,upper,2.4465302600727e-05,0.00086148878922586,-4.062036,0.0294305345458595
fine,10,upper,4.71086376257667e-05,0.00119970379373502,-4.1789365,0.0298449959980081
fine,10,upper,8.27955325831746e-05,0.00159344929082073,-4.3115773,0.0302630807074468
fine,10,upper,0.000135746984099594,0.00204203167957938,-4.4571319,0.0306639760302101
fine,10,upper,0.000210704693377692,0.00254444928841333,-4.611805,0.0310264435696722
fine,10,upper,0.000312847788522132,0.00309932420692239,-4.7714162,0.0313157277074595
fine,10,upper,0.000447687500963426,0.00370484165683518,-4.9301963,0.0315130846690541
fine,10,upper,0.000620933838110866,0.0043587065073692,-5.0833945,0.0316098870756947
fine,10,upper,0.00083833566825086,0.0050581253719109,-5.2253833,0.0315533747671351
fine,10,upper,0.00110549927627868,0.00579982140424993,-5.348846,0.0313264932047334
fine,10,upper,0.00142771307738554,0.00658008771027276,-5.4490094,0.0309330029366014
fine,10,upper,0.00180978297086035,0.00739487595848944,-5.5219622,0.0303876071575558
fine,10,upper,0.00225590204232148,0.0082399139650997,-5.566196,0.0296636580949976
fine,10,upper,0.00276956221074708,0.00911083874904511,-5.5811362,0.0288543812554229
fine,10,upper,0.00335351771825044,0.0100033312311946,-5.5658522,0.0279399689474711
fine,10,upper,0.00400979702808926,0.010913238109221,-5.5237317,0.0269198956925649
fine,10,upper,0.00473975139799424,0.0118366695513522,-5.4587555,0.0258746479176256
fine,10,upper,0.00554413520140024,0.0127700686887599,-5.3733292,0.0248080670249451
fine,10,upper,0.00642319910487262,0.0137102508584613,-5.2720261,0.0237530782469577
fine,10,upper,0.00737678714293788,0.0146544163469909,-5.1583958,0.02270010696489
fine,10,upper,0.00840443089411759,0.0156001423921444,-5.0363479,0.0216599169864915
fine,10,upper,0.00950543151429857,0.0165453598459216,-4.9082174,0.0206568371481589
fine,10,upper,0.0106789292756947,0.0174883207161712,-4.7774701,0.019701137090027
fine,10,upper,0.0119239610849052,0.0184275615481825,-4.6454577,0.0187915853419945
fine,10,upper,0.0132395042055779,0.0193618656803866,-4.5140376,0.017937249982214
fine,10,upper,0.0146245095933543,0.0202902271149216,-4.3843541,0.0171452768538368
fine,10,upper,0.0160779262259276,0.0212118173300546,-4.2578864,0.016410823832
fine,10,upper,0.0175987177677219,0.0221259556718906,-4.1346951,0.0157296919892576
fine,10,upper,0.0191858739950746,0.0230320836509978,-4.0156651,0.0150996116982904
fine,10,upper,0.0208384176427227,0.0239297429232617,-3.900677,0.014512761310067
fine,10,upper,0.0225554082589687,0.0248185567408117,-3.7899237,0.0139699890855246
fine,10,upper,0.0243359437809544,0.0256982144594362,-3.6836648,0.0134680479823228
fine,10,upper,0.026179160444453,0.0265684587101261,-3.5818133,0.0130023464144048
fine,10,upper,0.0280842317905631,0.0274290748610235,-3.4843006,0.01256993948253
fine,10,upper,0.0300503667500977,0.0282798823745369,-3.3909912,0.0121676405829798
fine,10,upper,0.0320768076283272,0.0291207278119,-3.3017359,0.011792778304818
fine,10,upper,0.0341628274520126,0.0299514790901282,-3.2163765,0.0114429086146786
fine,10,upper,0.0363077277526268,0.030772020947683,-3.1347427,0.0111157581957571
fine,10,upper,0.0385108358428249,0.0315822511757917,-3.0566556,0.0108091864657012
fine,10,upper,0.0407715025537236,0.0323820777031621,-2.9819298,0.010521479858121
fine,10,upper,0.043089099953065,0.0331714162278183,-2.9104044,0.0102511577480026
fine,10,upper,0.045463018997971,0.0339501882767076,-2.8419073,0.00999665898572801
fine,10,upper,0.0478926677981039,0.0347183198367223,-2.7762711,0.00975643014805531
fine,10,upper,0.0503774695965052,0.0354757401345172,-2.7133262,0.00952958291019141
fine,10,upper,0.0529168609935154,0.0362223807102954,-2.6529577,0.00931504145897045
fine,10,upper,0.0555102905763045,0.0369581748486856,-2.5949891,0.00911156499363105
fine,10,upper,0.058157217375885,0.0376830570146142,-2.5392933,0.00891870461059511
fine,10,upper,0.0608571094946389,0.0383969624376716,-2.4857697,0.00873527531125658
fine,10,upper,0.0636094430390786,0.0390998269411438,-2.4342511,0.00856063887132705
fine,10,upper,0.0664137010443729,0.0397915867935144,-2.38467,0.00839437232584799
fine,10,upper,0.0692693724281694,0.0404721785587128,-2.3368986,0.0082354231801478
fine,10,upper,0.0721759511131432,0.041141539063182,-2.2908278,0.00808372243062895
fine,10,upper,0.075132935272358,0.0417996054556523,-2.2464056,0.0079383071371854
fine,10,upper,0.0781398266201929,0.0424463152870628,-2.2034733,0.00779913350183644
fine,10,upper,0.0811961297290084,0.0430816065559924,-2.1620436,0.00766546340593702
fine,10,upper,0.0843013514228268,0.0437054177839662,-2.1219273,0.00753713815872599
fine,10,upper,0.0874550002725838,0.0443176881685985,-2.0831754,0.00741365763741526
fine,10,upper,0.0906565861207428,0.044918357722809,-2.0455911,0.00729475623032368
fine,10,upper,0.0939056196537371,0.0455073674259858,-2.0092397,0.00718018787910156
fine,10,upper,0.0972016120169942,0.046084659381542,-1.9739395,0.00706952160133853
fine,10,upper,0.100544074454949,0.046650176943068,-1.9397413,0.00696281544511425
fine,10,upper,0.103932517997052,0.0472038648592888,-1.9065106,0.00685938723772738
fine,10,upper,0.107366453187792,0.0477456694465199,-1.8742459,0.00675963380593197
fine,10,upper,0.110845389837248,0.0482755387416847,-1.842894,0.00666283369620537
fine,10,upper,0.114368836798382,0.0487934226520085,-1.8123672,0.0065690131541979
fine,10,upper,0.117936301768958,0.049299273101223,-1.7827227,0.00647783794425455
fine,10,upper,0.121547291115937,0.0497930441715631,-1.7537906,0.00638914553219941
fine,10,upper,0.1252013097204,0.050274692241256,-1.7256569,0.00630326979257183
fine,10,upper,0.128897860842018,0.0507441761210048,-1.6982076,0.00621934973378845
fine,10,upper,0.132636445998474,0.0512014571757156,-1.6714338,0.00613812561906171
fine,10,upper,0.136416564860327,0.0516464994383559,-1.6453413,0.00605872411664671
fine,10,upper,0.140237715162666,0.0520792697287094,-1.6198225,0.00598120993942059
fine,10,upper,0.144099392629009,0.0524997377635306,-1.5949291,0.00590595461035174
fine,10,upper,0.148001090906592,0.052907876258097,-1.5705968,0.00583217339609986
fine,10,upper,0.15194230151256,0.0533036610212447,-1.5467895,0.00576037650419271
fine,10,upper,0.155922513790129,0.05368707104384,-1.5235335,0.00569031957466009
fine,10,upper,0.159941214873879,0.0540580885806618,-1.5007553,0.00562155678935373
fine,10,upper,0.163997889663413,0.0544166992256979,-1.4784507,0.00555465841363591
fine,10,upper,0.168092020804644,0.0547628919808782,-1.4566342,0.00548910749831525
fine,10,upper,0.172223088678104,0.0550966593182821,-1.4352325,0.00542461433577739
fine,10,upper,0.176390571393636,0.0554179972358802,-1.4142559,0.00536181838002389
fine,10,upper,0.180593944790959,0.0557269053068746,-1.3937122,0.00530023938102485
fine,10,upper,0.184832682445579,0.056023386722724,-1.3735362,0.00523966715956046
fine,10,upper,0.18910625567959,0.0563074483299427,-1.3537396,0.0051805941275003
fine,10,upper,0.193414133576944,0.0565791006607772,-1.3343283,0.0051226251209391
fine,10,upper,0.197755783002787,0.0568383579578721,-1.3152502,0.00506555587840417
fine,10,upper,0.202130668626517,0.0570852381930454,-1.2965091,0.00500975457815815
fine,10,upper,0.206538252948208,0.0573197630803031,-1.2781111,0.00495500020164012
fine,10,upper,0.210977996328112,0.0575419580832328,-1.2600203,0.0049010988857553
fine,10,upper,0.215449357018931,0.057751852416926,-1.2422318,0.00484813487059151
fine,10,upper,0.219951791200633,0.0579494790445185,-1.2247416,0.0047961987719654
fine,10,upper,0.224484753017222,0.0581348746602447,-1.2075497,0.00474504929813957
fine,10,upper,0.229047694615957,0.0583080796745695,-1.1906153,0.00469463411432921
fine,10,upper,0.233640066188854,0.0584691382070283,-1.1739522,0.00464528250128733
fine,10,upper,0.238261316015277,0.0586180980627014,-1.1575632,0.00459671174328933
fine,10,upper,0.242910890505882,0.0587550106995832,-1.1414135,0.0045488390637191
fine,10,upper,0.247588234248092,0.0588799311958944,-1.1255115,0.00450174684429486
fine,10,upper,0.252292790052729,0.0589929182132441,-1.1098434,0.00445554647964129
fine,10,upper,0.257023999001701,0.0590940339559543,-1.0944245,0.00440997530568205
fine,10,upper,0.261781300496601,0.0591833441270455,-1.079206,0.00436500140152675
fine,10,upper,0.266564132308093,0.0592609178818113,-1.0642167,0.0043207599666932
fine,10,upper,0.271371930626009,0.0593268277811622,-1.0494363,0.00427723192622063
fine,10,upper,0.276204130110042,0.0593811497510051,-1.0348765,0.00423425604642149
fine,10,upper,0.281060163940522,0.0594239629790871,-1.0204972,0.00419180578701721
fine,10,upper,0.285939463869944,0.0594553497802058,-1.0063248,0.00415003238665239
fine,10,upper,0.29084146027596,0.0594753957528799,-0.99234062,0.00410890936570671
fine,10,upper,0.295765582213796,0.0594841900197057,-0.97855514,0.00406833059257157
fine,10,upper,0.300711257468216,0.0594818220310429,-0.9649328,0.0040282067822137
fine,10,upper,0.305677912606249,0.059468386982621,-0.95149767,0.00398875045727572
fine,10,upper,0.310664973030045,0.059443984227414,-0.93823308,0.00394991201682437
fine,10,upper,0.315671863029846,0.0594087126972483,-0.92515022,0.00391154061282253
fine,10,upper,0.320698005836892,0.0593626752882222,-0.91221708,0.00387360291212399
fine,10,upper,0.325742823675857,0.0593059776050374,-0.89945126,0.0038362579817038
fine,10,upper,0.330805737818754,0.0592387277371635,-0.88684452,0.00379944972014872
fine,10,upper,0.335886168638778,0.0591610360991474,-0.87439919,0.00376312710684088
fine,10,upper,0.340983535662638,0.059073015480697,-0.86210078,0.00372719550245671
fine,10,upper,0.346097257623404,0.0589747809657068,-0.84994733,0.00369176890046042
fine,10,upper,0.351226752513434,0.0588664498352309,-0.83794475,0.00365683088056487
fine,10,upper,0.356371437637146,0.0587481414822167,-0.82608473,0.00362237604863583
fine,10,upper,0.361530729663225,0.0586199773697825,-0.81437004,0.00358831187259186
fine,10,upper,0.366704044678064,0.0584820808728462,-0.80278301,0.00355462164909904
fine,10,upper,0.371890798239155,0.0583345771256185,-0.79133284,0.00352138030668756
fine,10,upper,0.377090405427021,0.0581775929922929,-0.78001726,0.00348854892534259
fine,10,upper,0.382302280897549,0.058011256989101,-0.76883334,0.00345607903165942
fine,10,upper,0.387525838934417,0.0578356991929686,-0.75777626,0.00342395177756317
fine,10,upper,0.392760493500982,0.057651051189172,-0.74683899,0.00339220359066332
fine,10,upper,0.398005658292937,0.0574574459542671,-0.73602617,0.00336087985258609
fine,10,upper,0.403260746791356,0.0572550177042769,-0.7253356,0.00332994973848881
fine,10,upper,0.408525172314609,0.0570439018320186,-0.71476513,0.00329938301512001
fine,10,upper,0.413798348070288,0.0568242348422209,-0.70430934,0.00326913492264928
fine,10,upper,0.419079687207366,0.0565961542685515,-0.69396436,0.00323923592720497
fine,10,upper,0.424368602868071,0.0563597986200675,-0.68373263,0.00320971377039076
fine,10,upper,0.429664508240588,0.0561153072552499,-0.67361283,0.00318054422912756
fine,10,upper,0.43496681661177,0.0558628202560179,-0.66360241,0.00315170535967866
fine,10,upper,0.440274941419001,0.0556024783808428,-0.65369779,0.00312315992776805
fine,10,upper,0.445588296302447,0.055334422992399,-0.64389473,0.00309490842453403
fine,10,upper,0.45090629515726,0.0550587960033719,-0.63419253,0.0030670237072187
fine,10,upper,0.456228352186226,0.0547757397883952,-0.62459528,0.00303943673381667
fine,10,upper,0.461553881952763,0.0544853970604464,-0.6150974,0.00301215691219022
fine,10,upper,0.466882299433485,0.0541879108059832,-0.60569841,0.00298514540414404
fine,10,upper,0.472213020070824,0.0538834242333838,-0.59639144,0.00295839426095856
fine,10,upper,0.477545459825886,0.0535720807220011,-0.58717889,0.00293194921848695
fine,10,upper,0.482879035231622,0.0532540237508462,-0.57806015,0.00290578906031387
fine,10,upper,0.488213163446309,0.0529293967894524,-0.56903327,0.00287985478965473
fine,10,upper,0.493547262306903,0.0525983432354698,-0.56009591,0.00285415408008236
fine,10,upper,0.49888075038248,0.0522610063744591,-0.55124509,0.00282868865998984
fine,10,upper,0.504213047027984,0.0519175293415343,-0.54248226,0.00280336795771152
fine,10,upper,0.50954357243827,0.0515680550507916,-0.53380233,0.00277840628387263
fine,10,upper,0.514871747702341,0.0512127261030181,-0.52520579,0.00275367636755942
fine,10,upper,0.520196994857623,0.0508516847441262,-0.51669151,0.00272917577638184
fine,10,upper,0.525518736944517,0.0504850728317901,-0.50825727,0.00270487872112402
fine,10,upper,0.53083639806125,0.0501130318066195,-0.49990034,0.0026807872394598
fine,10,upper,0.536149403418895,0.0497357026197661,-0.49162012,0.0026569141877415
fine,10,upper,0.541457179396544,0.0493532256639887,-0.48341635,0.00263326225581052
fine,10,upper,0.546759153596754,0.0489657407541994,-0.47528812,0.00260981466739871
fine,10,upper,0.552054754901314,0.0485733871061627,-0.46723294,0.0025865573420614
fine,10,upper,0.557343413527204,0.0481763033008115,-0.45924911,0.00256347740367519
fine,10,upper,0.562624561082607,0.0477746272194183,-0.4513343,0.00254056939533107
fine,10,upper,0.567897630623219,0.0473684960103812,-0.44348791,0.00251784306863177
fine,10,upper,0.573162056708929,0.0469580460807261,-0.43570951,0.00249529681147239
fine,10,upper,0.578417275460772,0.0465434130839028,-0.42799801,0.00247292140528455
fine,10,upper,0.583662724617801,0.0461247318722064,-0.42035174,0.00245070179472695
fine,10,upper,0.588897843594143,0.0457021364562889,-0.41276866,0.00242858274560738
fine,10,upper,0.594122073536565,0.0452757600042615,-0.40524703,0.00240659596785121
fine,10,upper,0.599334857382283,0.044845734841725,-0.39778531,0.00238474702551258
fine,10,upper,0.604535639916685,0.0444121924242214,-0.39038306,0.00236304148865878
fine,10,upper,0.609723867831095,0.0439752633011674,-0.38303971,0.00234147373711891
fine,10,upper,0.614898989781013,0.0435350771153955,-0.37575394,0.00232003073338747
fine,10,upper,0.620060456444663,0.0430917626118143,-0.3685239,0.00229870132393636
fine,10,upper,0.625207720581455,0.0426454476278843,-0.36134794,0.00227747705730725
fine,10,upper,0.630340237090331,0.0421962590664833,-0.35422447,0.00225634986034302
fine,10,upper,0.635457463068517,0.0417443228945662,-0.34715217,0.00223532399395981
fine,10,upper,0.6405588578706,0.0412897641593496,-0.3401309,0.00221439987728888
fine,10,upper,0.645643883167539,0.0408327069921167,-0.33315957,0.00219357289686819
fine,10,upper,0.650712003005445,0.0403732745908578,-0.32623735,0.00217282913677731
fine,10,upper,0.655762683864618,0.0399115892200117,-0.31936213,0.00215215825258589
fine,10,upper,0.660795394718956,0.0394477722326719,-0.31253275,0.00213153801274059
fine,10,upper,0.665809607095244,0.0389819440833024,-0.30574712,0.00211094693176246
fine,10,upper,0.670804795132143,0.0385142243193022,-0.29900494,0.0020904182119962
fine,10,upper,0.675780435639326,0.0380447315840897,-0.29230544,0.00206995208618644
fine,10,upper,0.680736008156922,0.0375735836431121,-0.28564796,0.00204954154466514
fine,10,upper,0.685670995014824,0.0371008974027482,-0.27903116,0.00202917604988302
fine,10,upper,0.690584881391618,0.0366267889092781,-0.27245373,0.00200884519470008
fine,10,upper,0.695477155373567,0.0361513733558095,-0.26591411,0.00198853944351524
fine,10,upper,0.700347308013817,0.0356747651106372,-0.2594111,0.00196825870241732
fine,10,upper,0.7051948333914,0.0351970777402143,-0.25294417,0.00194799141767694
fine,10,upper,0.710019228669843,0.0347184240138413,-0.24651279,0.00192772477746978
fine,10,upper,0.714819994155702,0.0342389159139251,-0.24011625,0.00190747499124405
fine,10,upper,0.719596633357226,0.0337586646654352,-0.23375356,0.00188722105603269
fine,10,upper,0.724348653042764,0.0332777807612168,-0.22742337,0.00186696116949754
fine,10,upper,0.729075563298719,0.0327963739707628,-0.22112437,0.00184669182789188
fine,10,upper,0.733776877587357,0.0323145533527248,-0.21485557,0.00182641128952427
fine,10,upper,0.738452112804602,0.0318324272842051,-0.20861642,0.0018061221604279
fine,10,upper,0.743100789337521,0.0313501034869574,-0.20240664,0.00178582364139429
fine,10,upper,0.747722431121335,0.03086768903874,-0.19622569,0.00176551077471537
fine,10,upper,0.752316565696159,0.0303852903867061,-0.19007286,0.00174517677281628
fine,10,upper,0.756882724263623,0.02990301337522,-0.18394725,0.00172481377842983
fine,10,upper,0.761420441743127,0.0294209632716653,-0.177848,0.00170441656673238
fine,10,upper,0.765929256827567,0.0289392447790755,-0.17177434,0.00168398276052637
fine,10,upper,0.770408712038704,0.0284579620489362,-0.16572587,0.00166351255447831
fine,10,upper,0.774858353782288,0.0279772187061971,-0.15970235,0.00164300703000936
fine,10,upper,0.779277732402766,0.0274971178734319,-0.15370363,0.00162246423957669
fine,10,upper,0.783666402237418,0.0270177621837479,-0.1477294,0.00160187977805514
fine,10,upper,0.788023921670025,0.0265392537916389,-0.14177923,0.00158124860683469
fine,10,upper,0.792349853184199,0.0260616943938566,-0.13585266,0.00156056662867542
fine,10,upper,0.796643763416225,0.0255851852504623,-0.12994939,0.00153983195114268
fine,10,upper,0.800905223207307,0.0251098271975098,-0.12406921,0.00151904419874417
fine,10,upper,0.805133807655239,0.0246357206549599,-0.1182121,0.00149820475507757
fine,10,upper,0.809329096165623,0.0241629656419244,-0.11237823,0.00147731569708658
fine,10,upper,0.813490672502561,0.0236916617928882,-0.10656783,0.00145637740009312
fine,10,upper,0.817618124838718,0.0232219083700736,-0.10078106,0.00143538910664128
fine,10,upper,0.821711045804721,0.0227538042681811,-0.095018074,0.00141434967286753
fine,10,upper,0.825769032537967,0.0222874480218892,-0.089279041,0.00139325827312068
fine,10,upper,0.829791686730887,0.0218229378172329,-0.083564185,0.00137211540748186
fine,10,upper,0.833778614678553,0.0213603715008897,-0.077873878,0.00135092308777504
fine,10,upper,0.837729427325546,0.0208998465828833,-0.072208658,0.00132968471083537
fine,10,upper,0.841643740312116,0.0204414602366891,-0.066569164,0.00130840399385797
fine,10,upper,0.845521174019744,0.019985309304146,-0.060956143,0.00128708433676931
fine,10,upper,0.849361353615995,0.0195314902981593,-0.055370368,0.00126572900957927
fine,10,upper,0.85316390909866,0.0190800994045582,-0.049812645,0.0012443407255994
fine,10,upper,0.856928475339095,0.0186312324779317,-0.04428383,0.0012229235127042
fine,10,upper,0.860654692124778,0.0181849850362608,-0.038784869,0.00120148203692178
fine,10,upper,0.864342204201227,0.0177414522588384,-0.03331681,0.00118002203804448
fine,10,upper,0.867990661313107,0.0173007289809659,-0.027880814,0.00115854994809124
fine,10,upper,0.871599718244588,0.01686290968807,-0.022478143,0.00113707295949079
fine,10,upper,0.875169034858865,0.01642808850631,-0.017110126,0.00111559820512591
fine,10,upper,0.878698276136811,0.0159963591901566,-0.011778166,0.00109413288200881
fine,10,upper,0.88218711221491,0.0155678151115532,-0.0064836959,0.00107268437871976
fine,10,upper,0.885635218422375,0.0151425492479003,-0.0012282138,0.00105126071535463
fine,10,upper,0.889042275317422,0.0147206541676457,0.0039867237,0.00102987023334616
fine,10,upper,0.892407968722706,0.0143022220146313,0.0091594942,0.00100852241087239
fine,10,upper,0.89573198975995,0.0138873444914826,0.014288391,0.000987226539216638
fine,10,upper,0.899014034883637,0.0134761128399716,0.019371672,0.000965993175417074
fine,10,upper,0.902253805913871,0.0130686178203626,0.024407513,0.00094483212307164
fine,10,upper,0.905451010068437,0.0126649496910606,0.029394103,0.000923754072305802
fine,10,upper,0.908605359993972,0.0122651981862062,0.034329556,0.000902769148728449
fine,10,upper,0.911716573796268,0.0118694524918738,0.039212037,0.000881888300774149
fine,10,upper,0.914784375069696,0.0114778012210464,0.044039603,0.000861121786503959
fine,10,upper,0.917808492925766,0.0110903323874042,0.048810434,0.000840481253384477
fine,10,upper,0.920788662020803,0.0107071333779688,0.053522542,0.000819976715900946
fine,10,upper,0.923724622582755,0.0103282909246466,0.058174152,0.000799620148551252
fine,10,upper,0.926616120437118,0.00995389107471873,0.062763229,0.000779420868922189
fine,10,upper,0.929462907031992,0.00958401916032711,0.067288168,0.000759391871876352
fine,10,upper,0.932264739462257,0.00921875976700932,0.071746826,0.000739540084168231
fine,10,upper,0.935021380492875,0.00885819670133845,0.076137893,0.000719880651781493
fine,10,upper,0.937732598581325,0.00850241295772657,0.080459036,0.000700415703389628
fine,10,upper,0.940398167899169,0.00815149068445442,0.08470951,0.000681164375351858
fine,10,upper,0.943017868352757,0.00780551114899385,0.088886544,0.000662120016535163
fine,10,upper,0.94559148560307,0.00746455470269291,0.092990398,0.000643310995255975
fine,10,upper,0.948118811084712,0.00712870074486258,0.097017325,0.00062471409011797
fine,10,upper,0.950599642023899,0.00679802768464341,0.10096943,0.000606376349886319
fine,10,upper,0.953033781455749,0.00647261290421615,0.10484092,0.000588243826776606
fine,10,upper,0.955421038240968,0.00615253272398563,0.10863723,0.000570401808739404
fine,10,upper,0.957761227081458,0.00583786236460918,0.11234861,0.000552736471501958
fine,10,upper,0.960054168534595,0.00552867590370136,0.11598661,0.000535408799228424
fine,10,upper,0.962299689027534,0.00522504624113991,0.11953379,0.000518190235540602
fine,10,upper,0.964497620870614,0.00492704506314265,0.12301297,0.000501392941884441
fine,10,upper,0.966647802269113,0.00463474279784747,0.12639213,0.000484567696030259
fine,10,upper,0.968750077335155,0.00434820858017363,0.12971482,0.000468322442543449
fine,10,upper,0.970804296098539,0.00406751021395228,0.13292161,0.000451783242240088
fine,10,upper,0.972810314516298,0.00379271412944584,0.13609427,0.000436131973885012
fine,10,upper,0.974767994482245,0.00352388534822293,0.13912249,0.000419680857534601
fine,10,upper,0.976677203835549,0.00326108744602833,0.14215803,0.000404719033085997
fine,10,upper,0.978537816368108,0.00300438251206243,0.14499699,0.000387999425914641
fine,10,upper,0.980349711831651,0.00275383111280846,0.14791876,0.000373938029268742
fine,10,upper,0.982112775943877,0.00250949225422228,0.15054867,0.000356308011577341
fine,10,upper,0.98382690039408,0.00227142334612394,0.15339735,0.000343594141239112
fine,10,upper,0.985491982848117,0.00203968016752339,0.15578111,0.000323878484326521
fine,10,upper,0.987107926952331,0.00181431682968467,0.15862632,0.00031342201227066
fine,10,upper,0.988674642337001,0.00159538574164997,0.16069467,0.000289426320679004
fine,10,upper,0.990192044619097,0.00138293757636621,0.16365051,0.000283079203025869
fine,10,upper,0.991660055404463,0.0011770212382823,0.16527562,0.000250816971129056
fine,10,upper,0.993078602289334,0.000977683831702653,0.16849853,0.000252612430887927
fine,10,upper,0.994447618860951,0.000784970628039055,0.16949233,0.00020589712856837
fine,10,upper,0.995767044697863,0.000598925036478492,0.17313147,0.000224082024335497
fine,10,upper,0.997036825369642,0.000419588575908658,0.17331211,0.000151868438413591
fine,10,upper,0.998256912435561,0.000247000844718127,0.17875981,0.000227510115733661
fine,10,upper,0.999427263443135,8.11994951548875e-05,0.17477526,0.000205986952148102
R100,10,lower,0.999182272249741,-0.000115897288341632,0.172525,0.00239640693185751
R100,10,lower,0.99749702177486,-0.000354488992029088,0.16833711,0.00207795715342263
R100,10,lower,0.995712242527303,-0.000606621272550984,0.16306262,0.00201925385282707
R100,10,lower,0.993828068863424,-0.000872182891922228,0.16095512,0.00206455084132387
R100,10,lower,0.991844659151727,-0.00115105492227899,0.15722993,0.00207914237410005
R100,10,lower,0.989762195778117,-0.00144311090829694,0.15451229,0.00210908699882674
R100,10,lower,0.987580885145733,-0.00174821703436291,0.15136389,0.00212883003976817
R100,10,lower,0.985300957670116,-0.00206623230251236,0.14864805,0.00215225362058662
R100,10,lower,0.982922667769198,-0.00239700871745239,0.1458554,0.0021716543204378
R100,10,lower,0.980446293847699,-0.00274039147596243,0.14327575,0.00219163084618973
R100,10,lower,0.977872138276868,-0.00309621916823415,0.14073136,0.00220974144623434
R100,10,lower,0.975200527367657,-0.00346432397623373,0.13831875,0.00222753406370484
R100,10,lower,0.972431811338812,-0.00384453188120221,0.13597538,0.00224425291980789
R100,10,lower,0.969566364279456,-0.00423666287740687,0.13373227,0.00226043818500793
R100,10,lower,0.966604584105197,-0.00464053118418089,0.13156678,0.00227587602088324
R100,10,lower,0.963546892508784,-0.00505594546537378,0.12948807,0.00229076569743069
R100,10,lower,0.960393734903798,-0.00548270904258022,0.12748732,0.00230505871943792
R100,10,lower,0.957145580363084,-0.00592062011865242,0.12556642,0.00231883938003064
R100,10,lower,0.953802921550355,-0.00636947199642742,0.1237212,0.00233211109447645
R100,10,lower,0.950366274644949,-0.00682905329305303,0.12195104,0.00234492008790652
R100,10,lower,0.946836179261183,-0.00729914816420806,0.12025344,0.00235728678104182
R100,10,lower,0.943213198359973,-0.00777953651491862,0.11862738,0.00236924094814214
R100,10,lower,0.939497918154061,-0.00826999421026611,0.11707126,0.00238079978958167
R100,10,lower,0.935690948006758,-0.00877029328583029,0.11558388,0.00239198384009488
R100,10,lower,0.931792920323633,-0.00928020215138705,0.11416385,0.00240280972453883
R100,10,lower,0.927804490437316,-0.00979948578955367,0.1128098,0.00241329784677825
R100,10,lower,0.923726336485369,-0.0103279059488068,0.11152081,0.00242345945174054
R100,10,lower,0.919559159281179,-0.0108652213301386,0.11029503,0.00243331171003817
R100,10,lower,0.915303682177828,-0.0114111877661266,0.10913169,0.00244286358388345
R100,10,lower,0.910960650924885,-0.0119655583914925,0.10802909,0.00245208442128581
R100,10,lower,0.906530833518338,-0.0125280838081765,0.10698624,0.00246103743782587
R100,10,lower,0.902015020043476,-0.0130985122416622,0.10600187,0.00246973934083747
R100,10,lower,0.897414022510616,-0.0136765896857262,0.10507505,0.00247820304994237
R100,10,lower,0.89272867468375,-0.0142620600350041,0.10420483,0.00248643963068156
R100,10,lower,0.887959831902428,-0.0148546652110968,0.10339047,0.00249445851239581
R100,10,lower,0.883108370896911,-0.0154541452830359,0.10263119,0.00250226898516502
R100,10,lower,0.878175189596127,-0.0160602385696608,0.1019264,0.00250987705518008
R100,10,lower,0.873161206928732,-0.016672681726756,0.10127514,0.00251729496599734
R100,10,lower,0.868067362617918,-0.0172912098357776,0.1006776,0.00252451790680907
R100,10,lower,0.862894616969395,-0.0179155564770088,0.10013102,0.00253155464418397
R100,10,lower,0.85764395065249,-0.018545453778593,0.099634565,0.00253842844019987
R100,10,lower,0.852316364475349,-0.0191806324724829,0.099187091,0.00254514966913432
R100,10,lower,0.846912879153578,-0.0198208219308961,0.098788768,0.00255172189617339
R100,10,lower,0.84143453507251,-0.0204657501824517,0.098438807,0.00255814469235543
R100,10,lower,0.83588239204382,-0.0211151439360756,0.098136552,0.0025644256393091
R100,10,lower,0.830257529055852,-0.021768728575077,0.097881235,0.00257057204678541
R100,10,lower,0.824561044018328,-0.0224262281490945,0.097672097,0.00257659199512186
R100,10,lower,0.818794053501556,-0.0230873653611178,0.097508661,0.00258249195374149
R100,10,lower,0.812957692469884,-0.0237518615256284,0.0973901,0.00258828275433298
R100,10,lower,0.80705311401022,-0.0244194365396138,0.097316869,0.00259395812127014
R100,10,lower,0.801081489055188,-0.0250898088252467,0.097285345,0.00259956549624331
R100,10,lower,0.795044006101506,-0.0257626952736226,0.097298115,0.00260497911065808
R100,10,lower,0.788941870923646,-0.0264378111805225,0.09735214,0.00261043956594675
R100,10,lower,0.782776306282822,-0.0271148701633372,0.097446285,0.00261575374911406
R100,10,lower,0.776548551631898,-0.0277935840899785,0.097583488,0.00262100418423125
R100,10,lower,0.770259862815871,-0.0284736629771844,0.097761832,0.00262616985990867
R100,10,lower,0.763911511768735,-0.029154814906273,0.097981356,0.00263126526926927
R100,10,lower,0.757504786206424,-0.0298367459162045,0.098241217,0.00263629327908938
R100,10,lower,0.751040989316406,-0.0305191599022997,0.098540485,0.00264127705279914
R100,10,lower,0.744521439443981,-0.0312017585096868,0.098881565,0.00264620036350488
R100,10,lower,0.737947469775464,-0.0318842410174482,0.09926042,0.00265107243105939
R100,10,lower,0.731320428018756,-0.0325663042367948,0.099679433,0.00265590757556586
R100,10,lower,0.724641676081001,-0.0332476423845385,0.10013599,0.00266070171820432
R100,10,lower,0.71791258974428,-0.0339279469854459,0.10063208,0.00266547112236553
R100,10,lower,0.711134558338748,-0.0346069067466578,0.101168,0.00267019847560277
R100,10,lower,0.704308984414241,-0.0352842074597024,0.10174312,0.00267489115593535
R100,10,lower,0.697437283409902,-0.0359595318865793,0.10235719,0.00267957674630888
R100,10,lower,0.690520883322519,-0.036632559660603,0.10301422,0.00268422818336955
R100,10,lower,0.683561224373593,-0.0373029671911007,0.10370985,0.0026888501917556
R100,10,lower,0.676559758675239,-0.0379704275641973,0.10444687,0.00269346285721787
R100,10,lower,0.669517949895626,-0.0386346104733847,0.10522347,0.00269805373033072
R100,10,lower,0.662437272923279,-0.0392951821224893,0.10604054,0.00270264295630633
R100,10,lower,0.655319213531664,-0.0399518051814435,0.10689915,0.00270722714783711
R100,10,lower,0.648165268042904,-0.0406041387061742,0.10780036,0.00271181588676586
R100,10,lower,0.640976942992087,-0.0412518381098295,0.108748,0.0027163862892872
R100,10,lower,0.633755754791383,-0.0418945551161875,0.10973994,0.00272093448375118
R100,10,lower,0.626503229394693,-0.0425319377394409,0.11077788,0.00272547831840542
R100,10,lower,0.619220901962984,-0.0431636302826039,0.11186204,0.00273000562783812
R100,10,lower,0.61191031652992,-0.0437892733219923,0.11299122,0.00273453401914281
R100,10,lower,0.604573025669077,-0.0444085037590529,0.11416732,0.00273909077773935
R100,10,lower,0.597210590161292,-0.0450209548148554,0.11539568,0.00274364949492727
R100,10,lower,0.589824578664041,-0.0456262561184065,0.11667776,0.00274817732161714
R100,10,lower,0.582416567381473,-0.0462240337474142,0.11801424,0.0027526841014686
R100,10,lower,0.574988139736122,-0.0468139103242659,0.11940693,0.00275716060029316
R100,10,lower,0.567540886042222,-0.04739550512851,0.12085318,0.00276161895545932
R100,10,lower,0.560076403180149,-0.0479684341852063,0.12235466,0.00276610023735702
R100,10,lower,0.552596294273225,-0.0485323104583773,0.1239167,0.00277059499238676
R100,10,lower,0.54510216836547,-0.0490867439453299,0.12554647,0.00277504195814102
R100,10,lower,0.537595640101715,-0.0496313419052009,0.12724291,0.0027794307459235
R100,10,lower,0.530078329409273,-0.0501657090334006,0.12900893,0.00278376311475196
R100,10,lower,0.52255186118132,-0.0506894476620285,0.13083877,0.00278804725871992
R100,10,lower,0.515017864962375,-0.0512021580556581,0.13273729,0.00279235363183365
R100,10,lower,0.507477974635306,-0.0517034385758635,0.13471414,0.00279668988722344
R100,10,lower,0.4999338281102,-0.0521928860369128,0.13677692,0.00280090089781693
R100,10,lower,0.492387067015091,-0.0526700959564404,0.13892291,0.00280513763141993
R100,10,lower,0.484839336388227,-0.0531346628493546,0.14114656,0.00280891459705539
R100,10,lower,0.477292284371705,-0.053586180646732,0.14345133,0.00281299674430295
R100,10,lower,0.469747561907415,-0.0540242429151409,0.1458514,0.00281697555018793
R100,10,lower,0.462206822433374,-0.0544484433174545,0.14835246,0.00282080224318257
R100,10,lower,0.454671721581943,-0.054858375989121,0.15095687,0.00282446739075943
R100,10,lower,0.447143916879756,-0.0552536358470338,0.15365946,0.00282796976652469
R100,10,lower,0.439625067446962,-0.0556338191528783,0.1564555,0.00283146239991137
R100,10,lower,0.432116833699695,-0.0559985238095174,0.15937193,0.0028348767290164
R100,10,lower,0.424620877052073,-0.0563473498180002,0.16240905,0.00283806335767214
R100,10,lower,0.417138859617458,-0.0566798998801583,0.16557357,0.00284095189643315
R100,10,lower,0.409672443914006,-0.0569957796452945,0.16884024,0.00284373097704624
R100,10,lower,0.402223292567123,-0.0572945982929161,0.17224088,0.00284647597175015
R100,10,lower,0.394793068011695,-0.0575759691502878,0.17578299,0.00284894261240594
R100,10,lower,0.387383432199143,-0.0578395099093864,0.1794731,0.00285106282821711
R100,10,lower,0.379996046299173,-0.0580848432941733,0.1832969,0.00285289358398553
R100,10,lower,0.372632570401509,-0.0583115977125133,0.18725681,0.00285466659527867
R100,10,lower,0.365294663223241,-0.0585194074141624,0.19139118,0.00285615998286135
R100,10,lower,0.35798398180916,-0.0587079131983325,0.19569111,0.00285715921297551
R100,10,lower,0.350702181231326,-0.0588767631650889,0.20015001,0.00285780887987056
R100,10,lower,0.343450914295806,-0.0590256127649585,0.20476526,0.00285831771554569
R100,10,lower,0.336231831241947,-0.0591541254438958,0.20958382,0.00285845234976849
R100,10,lower,0.32904657943883,-0.0592619735807822,0.2145939,0.00285784466815686
R100,10,lower,0.321896803089314,-0.0593488385863715,0.21976873,0.00285695235496865
R100,10,lower,0.314784142931053,-0.0594144110296508,0.22515374,0.00285580247971307
R100,10,lower,0.307710235930836,-0.0594583917014262,0.23075636,0.00285403137002694
R100,10,lower,0.300676714983047,-0.0594804919006364,0.23657927,0.00285149601989999
R100,10,lower,0.293685208614855,-0.0594804357158401,0.24258031,0.00284870361086276
R100,10,lower,0.286737340683339,-0.0594579570820578,0.24885079,0.00284549355205388
R100,10,lower,0.279834730070981,-0.0594128002045233,0.25536108,0.00284111241183848
R100,10,lower,0.27297899038975,-0.0593447235877797,0.26207051,0.00283635553855399
R100,10,lower,0.266171729689566,-0.0592534984711893,0.26907036,0.00283106871718556
R100,10,lower,0.259414550161891,-0.0591389089964623,0.27633417,0.0028245554975588
R100,10,lower,0.252709047844096,-0.0590007523077511,0.28383064,0.00281750893685991
R100,10,lower,0.246056812335278,-0.0588388392861209,0.2916339,0.0028097545304876
R100,10,lower,0.239459426517727,-0.0586529949296183,0.29973331,0.00280060882064442
R100,10,lower,0.232918466284416,-0.0584430586060605,0.30808452,0.00279077140379994
R100,10,lower,0.226435500267188,-0.0582088840771871,0.31677893,0.00278000195278377
R100,10,lower,0.22001208957626,-0.0579503396483219,0.32579026,0.00276752854470063
R100,10,lower,0.213649787556428,-0.0576673084597195,0.33508408,0.00275424103064778
R100,10,lower,0.207350139552963,-0.0573596885949691,0.34475666,0.0027398302223196
R100,10,lower,0.201114682694598,-0.0570273931845305,0.35474244,0.00272406524742528
R100,10,lower,0.1949449456904,-0.0566703504036467,0.36509752,0.0027073558043937
R100,10,lower,0.188842448643519,-0.0562885033960096,0.37583011,0.0026889962586714
R100,10,lower,0.182808702892799,-0.0558818102497116,0.38690239,0.00266952878159455
R100,10,lower,0.176845210881344,-0.0554502439228844,0.39840215,0.00264857743548694
R100,10,lower,0.17095346605356,-0.0549937920920935,0.41026223,0.00262604979030886
R100,10,lower,0.16513495278645,-0.0545124569526691,0.42256394,0.00260200211862442
R100,10,lower,0.159391146359877,-0.0540062549695701,0.43525991,0.00257617279655814
R100,10,lower,0.153723512971113,-0.0534752165776166,0.44840968,0.0025486267526111
R100,10,lower,0.148133509799849,-0.05291938583143,0.46198392,0.00251915599936166
R100,10,lower,0.142622585130108,-0.052338820001972,0.47602999,0.00248772761172468
R100,10,lower,0.137192178535731,-0.051733589114844,0.49052569,0.0024541725826879
R100,10,lower,0.131843721139896,-0.0511037754420451,0.50551087,0.00241845951217688
R100,10,lower,0.126578635958482,-0.0504494729456843,0.5209744,0.00238033824224214
R100,10,lower,0.121398338336866,-0.0497707866649044,0.53693873,0.00233982535508316
R100,10,lower,0.116304236493442,-0.0490678320524161,0.55340999,0.00229664827937997
R100,10,lower,0.111297732184333,-0.0483407342630708,0.57039291,0.00225075592444588
R100,10,lower,0.106380221505484,-0.0475896273967261,0.58789819,0.00220201350780938
R100,10,lower,0.101553095849572,-0.0468146536967198,0.60592943,0.00215019135083083
R100,10,lower,0.0968177430433192,-0.046015962721645,0.62449002,0.00209492761885567
R100,10,lower,0.0921755486893848,-0.0451937104942942,0.64357901,0.00203555570636395
R100,10,lower,0.087627897738354,-0.0443480586296564,0.66319132,0.00197104967181818
R100,10,lower,0.0831761763265053,-0.0434791734652601,0.68331671,0.00190018399727871
R100,10,lower,0.0788217739174896,-0.0425872252128055,0.70394421,0.00182155167276248
R100,10,lower,0.0745660857920433,-0.041672387157194,0.72505486,0.00173162315380369
R100,10,lower,0.0704105159193044,-0.0407348349187861,0.74659973,0.00162076359114067
R100,10,lower,0.0663564802777669,-0.0397747458481119,0.76842111,0.00147968230764954
R100,10,lower,0.062405410751643,-0.0387922986719294,0.79044777,0.00133011043820316
R100,10,lower,0.058558759615277,-0.0377876733837121,0.81276214,0.00122386137626181
R100,10,lower,0.0548180046066429,-0.0367610514353097,0.83532178,0.00116570154786413
R100,10,lower,0.051184654796639,-0.0357126165029889,0.85790855,0.00112314335710194
R100,10,lower,0.047660257488583,-0.0346425560713663,0.88029885,0.00107787255985077
R100,10,lower,0.0442464058986636,-0.0335510638632755,0.90226293,0.00102333150315857
R100,10,lower,0.040944747889462,-0.0324383435891935,0.92350489,0.000955726928235898
R100,10,lower,0.0377569961298767,-0.0313046146069509,0.94364136,0.000871949803824368
R100,10,lower,0.0346849390382864,-0.0301501197963658,0.96221673,0.000766037432164469
R100,10,lower,0.0317304532685634,-0.0289751367593763,0.97843188,0.000640461393968751
R100,10,lower,0.0288955169268718,-0.0277799932429666,0.99203479,0.00047151258047547
R100,10,lower,0.0261822235791415,-0.0265650882750066,1.0007896,0.000283043385867304
R100,10,lower,0.0235927961141472,-0.0253309208949066,1.0055031,1.97648512391614e-05
R100,10,lower,0.0211295989730894,-0.0240781287864141,1.0027865,-0.000225716976930197
R100,10,lower,0.018795147444199,-0.0228075400425597,0.99088472,-0.000596729514900211
R100,10,lower,0.0165921089999268,-0.021520241449567,0.96960276,-0.00101428223228598
R100,10,lower,0.0145232930312627,-0.0202176678184853,0.93271077,-0.00155858057348778
R100,10,lower,0.0125916201499492,-0.0189017165880306,0.87867522,-0.00219308126194091
R100,10,lower,0.0108000586391145,-0.0175748911076117,0.80240512,-0.00296555418961142
R100,10,lower,0.0091515156659119,-0.0162404740368654,0.69946653,-0.00388383806684031
R100,10,lower,0.00764866099965046,-0.0149027256533798,0.56470358,-0.0049714921819384
R100,10,lower,0.00629366605806686,-0.0135670930019781,0.39299113,-0.00623839452919799
R100,10,lower,0.0050878420071394,-0.0122404002086091,0.18040594,-0.00769369657171915
R100,10,lower,0.00403117849195786,-0.0109309728560487,-0.075812444,-0.00932067229681883
R100,10,lower,0.00312181544896485,-0.00964863433777778,-0.37381214,-0.0110885285626234
R100,10,lower,0.00235552201618363,-0.00840451144842358,-0.70927763,-0.0130608303262347
R100,10,lower,0.00172529844651893,-0.00721061272826013,-1.0783597,-0.0151358383918677
R100,10,lower,0.00122123614473335,-0.00607920156826806,-1.4585763,-0.0172562390637495
R100,10,lower,0.000830739948361331,-0.00502205949879921,-1.8392274,-0.0194577359792915
R100,10,lower,0.000539117089569933,-0.00404978524214713,-2.2048249,-0.021560079289593
R100,10,lower,0.00033045398277441,-0.00317127912606724,-2.5427449,-0.0233679376667371
R100,10,lower,0.000188606159644121,-0.00239350009612757,-2.8435543,-0.024779784383722
R100,10,lower,9.8122573779636e-05,-0.00172149800686021,-3.1017504,-0.0258266158149714
R100,10,lower,4.50026400123911e-05,-0.00115865688762233,-3.314687,-0.0265774813984435
R100,10,lower,1.72066746690204e-05,-0.000707049100982909,-3.4825447,-0.0270731281308552
R100,10,lower,4.94780577903578e-06,-0.000367812971475641,-3.6066513,-0.0273146946671974
R100,10,lower,8.79482908810736e-07,-0.000141492450932279,-3.6873379,-0.0275289909085353
R100,10,lower,6.60747891302155e-08,-2.83007751423162e-05,-3.7357116,-0.027202204640096
R100,10,upper,6.60747891302155e-08,2.83007751423162e-05,-3.747124,0.0270692954781787
R100,10,upper,8.79482908810736e-07,0.000141492450932279,-3.8078384,0.0275869139561685
R100,10,upper,4.94780577903578e-06,0.000367812971475641,-3.88185,0.0277187408600872
R100,10,upper,1.72066746690204e-05,0.000707049100982909,-4.00211,0.028472469533018
R100,10,upper,4.50026400123911e-05,0.00115865688762233,-4.1570721,0.0291371785885902
R100,10,upper,9.8122573779636e-05,0.00172149800686021,-4.3442125,0.0298232688179274
R100,10,upper,0.000188606159644121,0.00239350009612757,-4.5554357,0.0304447025322225
R100,10,upper,0.00033045398277441,0.00317127912606724,-4.7788744,0.0309378949229055
R100,10,upper,0.000539117089569933,0.00404978524214713,-5.0004106,0.0312610407103787
R100,10,upper,0.000830739948361331,0.00502205949879921,-5.2058225,0.0313346668724503
R100,10,upper,0.00122123614473335,0.00607920156826806,-5.3765965,0.0310588138232301
R100,10,upper,0.00172529844651893,0.00721061272826013,-5.4957924,0.0304888024254752
R100,10,upper,0.00235552201618363,0.00840451144842358,-5.5610094,0.0293293182673892
R100,10,upper,0.00312181544896485,0.00964863433777778,-5.5662122,0.0283783273412208
R100,10,upper,0.00403117849195786,0.0109309728560487,-5.5138388,0.0268518204151429
R100,10,upper,0.0050878420071394,0.0122404002086091,-5.4161196,0.0253481030450065
R100,10,upper,0.00629366605806686,0.0135670930019781,-5.2806454,0.02382117708273
R100,10,upper,0.00764866099965046,0.0149027256533798,-5.1203599,0.0223244202678072
R100,10,upper,0.0091515156659119,0.0162404740368654,-4.9431944,0.0208795504566406
R100,10,upper,0.0108000586391145,0.0175748911076117,-4.7595201,0.0195065324746481
R100,10,upper,0.0125916201499492,0.0189017165880306,-4.5725918,0.0182381763408072
R100,10,upper,0.0145232930312627,0.0202176678184853,-4.389164,0.0170987639446121
R100,10,upper,0.0165921089999268,0.021520241449567,-4.2110782,0.0160713565421906
R100,10,upper,0.018795147444199,0.0228075400425597,-4.0403638,0.0151533121450679
R100,10,upper,0.0211295989730894,0.0240781287864141,-3.8780522,0.0143260213941547
R100,10,upper,0.0235927961141472,0.0253309208949066,-3.7238917,0.0135811601327475
R100,10,upper,0.0261822235791415,0.0265650882750066,-3.5786347,0.0129153460379472
R100,10,upper,0.0288955169268718,0.0277799932429666,-3.4420786,0.0123166950483691
R100,10,upper,0.0317304532685634,0.0289751367593763,-3.3138151,0.0117766996832784
R100,10,upper,0.0346849390382864,0.0301501197963658,-3.1933949,0.0112879019332448
R100,10,upper,0.0377569961298767,0.0313046146069509,-3.0803232,0.0108439021542202
R100,10,upper,0.040944747889462,0.0324383435891935,-2.9741333,0.0104388132685479
R100,10,upper,0.0442464058986636,0.0335510638632755,-2.8743007,0.0100671022985171
R100,10,upper,0.047660257488583,0.0346425560713663,-2.7803347,0.00972502195617749
R100,10,upper,0.051184654796639,0.0357126165029889,-2.6918204,0.00940967656051968
R100,10,upper,0.0548180046066429,0.0367610514353097,-2.6083317,0.00911783919502144
R100,10,upper,0.058558759615277,0.0377876733837121,-2.5294452,0.00884689346740043
R100,10,upper,0.062405410751643,0.0387922986719294,-2.4548297,0.00859505846106344
R100,10,upper,0.0663564802777669,0.0397747458481119,-2.3841701,0.00835968859507162
R100,10,upper,0.0704105159193044,0.0407348349187861,-2.3170879,0.00813935971440585
R100,10,upper,0.0745660857920433,0.041672387157194,-2.2533987,0.00793276440624853
R100,10,upper,0.0788217739174896,0.0425872252128055,-2.1927817,0.00773811468894998
R100,10,upper,0.0831761763265053,0.0434791734652601,-2.1350336,0.00755470636907415
R100,10,upper,0.087627897738354,0.0443480586296564,-2.0799489,0.00738110333677463
R100,10,upper,0.0921755486893848,0.0451937104942942,-2.027302,0.00721655148228511
R100,10,upper,0.0968177430433192,0.046015962721645,-1.9769552,0.0070603069933781
R100,10,upper,0.101553095849572,0.0468146536967198,-1.9287212,0.00691126986792212
R100,10,upper,0.106380221505484,0.0475896273967261,-1.882439,0.00676950730096377
R100,10,upper,0.111297732184333,0.0483407342630708,-1.8380471,0.00663349899518686
R100,10,upper,0.116304236493442,0.0490678320524161,-1.7952712,0.00650371653779272
R100,10,upper,0.121398338336866,0.0497707866649044,-1.7542222,0.0063790103459934
R100,10,upper,0.126578635958482,0.0504494729456843,-1.7145288,0.00625887927260879
R100,10,upper,0.131843721139896,0.0511037754420451,-1.6763337,0.00614401894642969
R100,10,upper,0.137192178535731,0.051733589114844,-1.639413,0.00603241001874442
R100,10,upper,0.142622585130108,0.052338820001972,-1.6036853,0.00592544294860508
R100,10,upper,0.148133509799849,0.05291938583143,-1.5692043,0.00582195322291429
R100,10,upper,0.153723512971113,0.0534752165776166,-1.5357057,0.00572142413053424
R100,10,upper,0.159391146359877,0.0540062549695701,-1.5032719,0.00562504258751308
R100,10,upper,0.16513495278645,0.0545124569526691,-1.4718411,0.00553110648730486
R100,10,upper,0.17095346605356,0.0549937920920935,-1.4412374,0.00543987391586022
R100,10,upper,0.176845210881344,0.0554502439228844,-1.4115472,0.00535186455707579
R100,10,upper,0.182808702892799,0.0558818102497116,-1.3826851,0.00526571216208563
R100,10,upper,0.188842448643519,0.0562885033960096,-1.3545347,0.00518175912852159
R100,10,upper,0.1949449456904,0.0566703504036467,-1.3271515,0.00510071503859513
R100,10,upper,0.201114682694598,0.0570273931845305,-1.3004918,0.00502139917937337
R100,10,upper,0.207350139552963,0.0573596885949691,-1.2744293,0.00494381102348132
R100,10,upper,0.213649787556428,0.0576673084597195,-1.2490144,0.00486885673632168
R100,10,upper,0.22001208957626,0.0579503396483219,-1.2242472,0.00479550346689324
R100,10,upper,0.226435500267188,0.0582088840771871,-1.19999,0.00472348799886681
R100,10,upper,0.232918466284416,0.0584430586060605,-1.1762875,0.00465359516141607
R100,10,upper,0.239459426517727,0.0586529949296183,-1.1531401,0.00458543883955961
R100,10,upper,0.246056812335278,0.0588388392861209,-1.1304864,0.00451844961768052
R100,10,upper,0.252709047844096,0.0590007523077511,-1.108282,0.00445274769297305
R100,10,upper,0.259414550161891,0.0591389089964623,-1.0865518,0.0043888709431017
R100,10,upper,0.266171729689566,0.0592534984711893,-1.0652955,0.00432626179735495
R100,10,upper,0.27297899038975,0.0593447235877797,-1.0444299,0.00426469661269624
R100,10,upper,0.279834730070981,0.0594128002045233,-1.023971,0.00420453338584801
R100,10,upper,0.286737340683339,0.0594579570820578,-1.0039183,0.00414586756423787
R100,10,upper,0.293685208614855,0.0594804357158401,-0.98427105,0.00408823327419745
R100,10,upper,0.300676714983047,0.0594804919006364,-0.96495813,0.00403152448667025
R100,10,upper,0.307710235930836,0.0594583917014262,-0.94599897,0.00397608155496169
R100,10,upper,0.314784142931053,0.0594144110296508,-0.92739803,0.00392188517390758
R100,10,upper,0.321896803089314,0.0593488385863715,-0.90914387,0.00386867959519042
R100,10,upper,0.32904657943883,0.0592619735807822,-0.8911981,0.00381624170750213
R100,10,upper,0.336231831241947,0.0591541254438958,-0.87354767,0.00376485743104947
R100,10,upper,0.343450914295806,0.0590256127649585,-0.85621959,0.00371458626897205
R100,10,upper,0.350702181231326,0.0588767631650889,-0.83919233,0.00366519015907559
R100,10,upper,0.35798398180916,0.0587079131983325,-0.82245773,0.00361643825030295
R100,10,upper,0.365294663223241,0.0585194074141624,-0.80597323,0.00356835737602628
R100,10,upper,0.372632570401509,0.0583115977125133,-0.78976643,0.00352131760939627
R100,10,upper,0.379996046299173,0.0580848432941733,-0.77383667,0.0034751929116017
R100,10,upper,0.387383432199143,0.0578395099093864,-0.7581687,0.00342981413887621
R100,10,upper,0.394793068011695,0.0575759691502878,-0.74274188,0.00338505502273736
R100,10,upper,0.402223292567123,0.0572945982929161,-0.72754502,0.00334105284334293
R100,10,upper,0.409672443914006,0.0569957796452945,-0.71259308,0.00329793749608158
R100,10,upper,0.417138859617458,0.0566798998801583,-0.69788373,0.00325560347452907
R100,10,upper,0.424620877052073,0.0563473498180002,-0.68340307,0.0032138838218471
R100,10,upper,0.432116833699695,0.0559985238095174,-0.66913199,0.0031727014780643
R100,10,upper,0.439625067446962,0.0556338191528783,-0.65506554,0.00313221447370889
R100,10,upper,0.447143916879756,0.0552536358470338,-0.64121479,0.00309245921189294
R100,10,upper,0.454671721581943,0.054858375989121,-0.62757826,0.00305339157585155
R100,10,upper,0.462206822433374,0.0544484433174545,-0.61414456,0.00301488354162251
R100,10,upper,0.469747561907415,0.0540242429151409,-0.60089946,0.00297685205322962
R100,10,upper,0.477292284371705,0.053586180646732,-0.58783495,0.0029393432843254
R100,10,upper,0.484839336388227,0.0531346628493546,-0.57495689,0.00290244811592755
R100,10,upper,0.492387067015091,0.0526700959564404,-0.56226701,0.00286627945471023
R100,10,upper,0.4999338281102,0.0521928860369128,-0.54975694,0.0028305191880214
R100,10,upper,0.507477974635306,0.0517034385758635,-0.53742552,0.0027949690018751
R100,10,upper,0.515017864962375,0.0512021580556581,-0.52524626,0.00275991200758689
R100,10,upper,0.52255186118132,0.0506894476620285,-0.51322746,0.00272535171509572
R100,10,upper,0.530078329409273,0.0501657090334006,-0.50137049,0.00269129752310101
R100,10,upper,0.537595640101715,0.0496313419052009,-0.48967531,0.00265766740304499
R100,10,upper,0.54510216836547,0.0490867439453299,-0.47813317,0.00262444655105141
R100,10,upper,0.552596294273225,0.0485323104583773,-0.46673858,0.00259154447504425
R100,10,upper,0.560076403180149,0.0479684341852063,-0.45547664,0.00255896424039513
R100,10,upper,0.567540886042222,0.04739550512851,-0.44435388,0.00252677412139526
R100,10,upper,0.574988139736122,0.0468139103242659,-0.43336722,0.00249495173803264
R100,10,upper,0.582416567381473,0.0462240337474142,-0.42251611,0.00246349704003508
R100,10,upper,0.589824578664041,0.0456262561184065,-0.41179582,0.00243235963844649
R100,10,upper,0.597210590161292,0.0450209548148554,-0.40119919,0.00240149252902782
R100,10,upper,0.604573025669077,0.0444085037590529,-0.39071962,0.00237085097771098
R100,10,upper,0.61191031652992,0.0437892733219923,-0.38035151,0.00234046243205786
R100,10,upper,0.619220901962984,0.0431636302826039,-0.3700977,0.00231034398813759
R100,10,upper,0.626503229394693,0.0425319377394409,-0.35995451,0.0022804743245855
R100,10,upper,0.633755754791383,0.0418945551161875,-0.34992069,0.00225080035044291
R100,10,upper,0.640976942992087,0.0412518381098295,-0.33999059,0.00222128098342557
R100,10,upper,0.648165268042904,0.0406041387061742,-0.33015925,0.00219188952905331
R100,10,upper,0.655319213531664,0.0399518051814435,-0.32041743,0.00216262629018162
R100,10,upper,0.662437272923279,0.0392951821224893,-0.31076708,0.00213353235038188
R100,10,upper,0.669517949895626,0.0386346104733847,-0.30120647,0.0021045910931687
R100,10,upper,0.676559758675239,0.0379704275641973,-0.29173386,0.00207578452388473
R100,10,upper,0.683561224373593,0.0373029671911007,-0.28234556,0.00204708594128072
R100,10,upper,0.690520883322519,0.036632559660603,-0.27303758,0.00201845781614313
R100,10,upper,0.697437283409902,0.0359595318865793,-0.26380432,0.00198986480181079
R100,10,upper,0.704308984414241,0.0352842074597024,-0.25464195,0.00196128463876896
R100,10,upper,0.711134558338748,0.0346069067466578,-0.2455498,0.00193269593224034
R100,10,upper,0.71791258974428,0.0339279469854459,-0.23652719,0.00190415336284659
R100,10,upper,0.724641676081001,0.0332476423845385,-0.22757208,0.00187563982166553
R100,10,upper,0.731320428018756,0.0325663042367948,-0.21868125,0.00184712458964691
R100,10,upper,0.737947469775464,0.0318842410174482,-0.20985097,0.00181857736860846
R100,10,upper,0.744521439443981,0.0312017585096868,-0.20107763,0.00178997988349958
R100,10,upper,0.751040989316406,0.0305191599022997,-0.19235896,0.00176132858630227
R100,10,upper,0.757504786206424,0.0298367459162045,-0.18369372,0.00173263045300012
R100,10,upper,0.763911511768735,0.029154814906273,-0.1750817,0.00170388716174329
R100,10,upper,0.770259862815871,0.0284736629771844,-0.16652174,0.00167508311812504
R100,10,upper,0.776548551631898,0.0277935840899785,-0.15801187,0.0016462008910106
R100,10,upper,0.782776306282822,0.0271148701633372,-0.14955021,0.00161722656802178
R100,10,upper,0.788941870923646,0.0264378111805225,-0.14113517,0.0015881506413747
R100,10,upper,0.795044006101506,0.0257626952736226,-0.13276586,0.00155897248456762
R100,10,upper,0.801081489055188,0.0250898088252467,-0.12444228,0.00152969701451349
R100,10,upper,0.80705311401022,0.0244194365396138,-0.11616492,0.0015003264988351
R100,10,upper,0.812957692469884,0.0237518615256284,-0.10793412,0.00147085727350225
R100,10,upper,0.818794053501556,0.0230873653611178,-0.099750012,0.00144128251741606
R100,10,upper,0.824561044018328,0.0224262281490945,-0.091612577,0.00141159653754202
R100,10,upper,0.830257529055852,0.021768728575077,-0.083522134,0.00138179811951173
R100,10,upper,0.83588239204382,0.0211151439360756,-0.075479448,0.00135189139745226
R100,10,upper,0.84143453507251,0.0204657501824517,-0.067485899,0.00132188543531889
R100,10,upper,0.846912879153578,0.0198208219308961,-0.059543446,0.001291792703426
R100,10,upper,0.852316364475349,0.0191806324724829,-0.051654469,0.00126162611530232
R100,10,upper,0.85764395065249,0.018545453778593,-0.043821555,0.00123139681869656
R100,10,upper,0.862894616969395,0.0179155564770088,-0.036047321,0.00120111483333147
R100,10,upper,0.868067362617918,0.0172912098357776,-0.028334586,0.00117079263978388
R100,10,upper,0.873161206928732,0.016672681726756,-0.020686479,0.00114044644686909
R100,10,upper,0.878175189596127,0.0160602385696608,-0.013106564,0.00111009594512711
R100,10,upper,0.883108370896911,0.0154541452830359,-0.0055988119,0.00107976398680389
R100,10,upper,0.887959831902428,0.0148546652110968,0.0018324291,0.00104947469558935
R100,10,upper,0.89272867468375,0.0142620600350041,0.0091826105,0.00101925296072239
R100,10,upper,0.897414022510616,0.0136765896857262,0.016446961,0.000989123182618264
R100,10,upper,0.902015020043476,0.0130985122416622,0.023620663,0.000959111597727184
R100,10,upper,0.906530833518338,0.0125280838081765,0.030698627,0.000929244961204191
R100,10,upper,0.910960650924885,0.0119655583914925,0.037675776,0.000899554209350738
R100,10,upper,0.915303682177828,0.0114111877661266,0.044546586,0.000870067574299984
R100,10,upper,0.919559159281179,0.0108652213301386,0.051305957,0.000840819555699745
R100,10,upper,0.923726336485369,0.0103279059488068,0.057947993,0.000811835441539378
R100,10,upper,0.927804490437316,0.00979948578955367,0.064468093,0.000783153106487051
R100,10,upper,0.931792920323633,0.00928020215138705,0.070859917,0.000754788896401874
R100,10,upper,0.935690948006758,0.00877029328583029,0.077120088,0.000726790503084983
R100,10,upper,0.939497918154061,0.00826999421026611,0.083241187,0.000699154322258823
R100,10,upper,0.943213198359973,0.00777953651491862,0.089222483,0.000671951019245237
R100,10,upper,0.946836179261183,0.00729914816420806,0.095053837,0.000645132633335325
R100,10,upper,0.950366274644949,0.00682905329305303,0.10074008,0.000618825138149933
R100,10,upper,0.953802921550355,0.00636947199642742,0.10626464,0.000592875797035043
R100,10,upper,0.957145580363084,0.00592062011865242,0.11164424,0.000567545459873771
R100,10,upper,0.960393734903798,0.00548270904258022,0.11684723,0.000542449534535382
R100,10,upper,0.963546892508784,0.00505594546537378,0.12191542,0.000518168799295507
R100,10,upper,0.966604584105197,0.00464053118418089,0.12678322,0.000493798700995491
R100,10,upper,0.969566364279456,0.00423666287740687,0.13154559,0.000470663103742897
R100,10,upper,0.972431811338812,0.00384453188120221,0.1360625,0.000446678847407879
R100,10,upper,0.975200527367657,0.00346432397623373,0.14054175,0.000424878106766971
R100,10,upper,0.977872138276868,0.00309621916823415,0.14468294,0.000400525643297928
R100,10,upper,0.980446293847699,0.00274039147596243,0.1489317,0.000380543055429471
R100,10,upper,0.982922667769198,0.00239700871745239,0.15264738,0.000354197896570783
R100,10,upper,0.985300957670116,0.00206623230251236,0.15677319,0.00033722852272324
R100,10,upper,0.987580885145733,0.00174821703436291,0.15995556,0.000305354218597392
R100,10,upper,0.989762195778117,0.00144311090829694,0.16416021,0.000294358025007678
R100,10,upper,0.991844659151727,0.00115105492227899,0.16656761,0.000249665664952447
R100,10,upper,0.993828068863424,0.000872182891922228,0.1711292,0.000252578465876263
R100,10,upper,0.995712242527303,0.000606621272550984,0.1723441,0.000181159143450462
R100,10,upper,0.99749702177486,0.000354488992029088,0.17798369,0.000239853209779374
R100,10,upper,0.999182272249741,0.000115897288341632,0.17602129,0.00026011567467223
R20,10,lower,0.999182272249741,-0.000115897288341632,0.17324798,0.00238343263179294
R20,10,lower,0.99749702177486,-0.000354488992029088,0.16905494,0.00207040252428005
R20,10,lower,0.995712242527303,-0.000606621272550984,0.16369842,0.00201241369608638
R20,10,lower,0.993828068863424,-0.000872182891922228,0.16154805,0.00205845915577575
R20,10,lower,0.991844659151727,-0.00115105492227899,0.15776868,0.00207342558164662
R20,10,lower,0.989762195778117,-0.00144311090829694,0.15501119,0.00210379727363242
R20,10,lower,0.987580885145733,-0.00174821703436291,0.15182002,0.00212381948609705
R20,10,lower,0.985300957670116,-0.00206623230251236,0.149067,0.00214754486497253
R20,10,lower,0.982922667769198,-0.00239700871745239,0.14623696,0.00216718970879172
R20,10,lower,0.980446293847699,-0.00274039147596243,0.14362253,0.00218740770374381
R20,10,lower,0.977872138276868,-0.00309621916823415,0.1410439,0.00220573292530382
R20,10,lower,0.975200527367657,-0.00346432397623373,0.13859849,0.00222373199071848
R20,10,lower,0.972431811338812,-0.00384453188120221,0.13622302,0.00224064228536946
R20,10,lower,0.969566364279456,-0.00423666287740687,0.13394876,0.00225701087683167
R20,10,lower,0.966604584105197,-0.00464053118418089,0.13175283,0.00227262170627444
R20,10,lower,0.963546892508784,-0.00505594546537378,0.12964442,0.00228767741140323
R20,10,lower,0.960393734903798,-0.00548270904258022,0.12761462,0.00230212922760655
R20,10,lower,0.957145580363084,-0.00592062011865242,0.12566534,0.00231606253315217
R20,10,lower,0.953802921550355,-0.00636947199642742,0.12379236,0.00232948005269707
R20,10,lower,0.950366274644949,-0.00682905329305303,0.12199505,0.00234242913352008
R20,10,lower,0.946836179261183,-0.00729914816420806,0.1202709,0.00235492964493761
R20,10,lower,0.943213198359973,-0.00777953651491862,0.11861883,0.00236701198405869
R20,10,lower,0.939497918154061,-0.00826999421026611,0.11703715,0.00237869373641355
R20,10,lower,0.935690948006758,-0.00877029328583029,0.11552463,0.00238999632046996
R20,10,lower,0.931792920323633,-0.00928020215138705,0.11407978,0.00240093724484743
R20,10,lower,0.927804490437316,-0.00979948578955367,0.1127013,0.00241153660282327
R20,10,lower,0.923726336485369,-0.0103279059488068,0.11138815,0.00242180677082807
R20,10,lower,0.919559159281179,-0.0108652213301386,0.11013861,0.00243176416421987
R20,10,lower,0.915303682177828,-0.0114111877661266,0.1089517,0.00244141793575534
R20,10,lower,0.910960650924885,-0.0119655583914925,0.1078258,0.002450738003269
R20,10,lower,0.906530833518338,-0.0125280838081765,0.10675981,0.00245978827569163
R20,10,lower,0.902015020043476,-0.0130985122416622,0.1057525,0.00246858590349663
R20,10,lower,0.897414022510616,-0.0136765896857262,0.10480294,0.00247714367660573
R20,10,lower,0.89272867468375,-0.0142620600350041,0.10391022,0.00248547260396867
R20,10,lower,0.887959831902428,-0.0148546652110968,0.1030736,0.00249358173493957
R20,10,lower,0.883108370896911,-0.0154541452830359,0.10229231,0.00250148016928228
R20,10,lower,0.878175189596127,-0.0160602385696608,0.10156577,0.00250917403845563
R20,10,lower,0.873161206928732,-0.016672681726756,0.10089296,0.00251667596466993
R20,10,lower,0.868067362617918,-0.0172912098357776,0.10027419,0.00252397691287506
R20,10,lower,0.862894616969395,-0.0179155564770088,0.099705815,0.00253109271489181
R20,10,lower,0.85764395065249,-0.018545453778593,0.099187806,0.00253804928481791
R20,10,lower,0.852316364475349,-0.0191806324724829,0.098718815,0.00254485176073907
R20,10,lower,0.846912879153578,-0.0198208219308961,0.098299392,0.00255150225755199
R20,10,lower,0.84143453507251,-0.0204657501824517,0.097928286,0.00255800090722068
R20,10,lower,0.83588239204382,-0.0211151439360756,0.097604983,0.00256435794705015
R20,10,lower,0.830257529055852,-0.021768728575077,0.097328685,0.00257057772603732
R20,10,lower,0.824561044018328,-0.0224262281490945,0.09709841,0.00257667354870611
R20,10,lower,0.818794053501556,-0.0230873653611178,0.096914269,0.00258264413825424
R20,10,lower,0.812957692469884,-0.0237518615256284,0.096774079,0.0025885188016892
R20,10,lower,0.80705311401022,-0.0244194365396138,0.096681267,0.00259425909717944
R20,10,lower,0.801081489055188,-0.0250898088252467,0.096628271,0.00259995698892512
R20,10,lower,0.795044006101506,-0.0257626952736226,0.096618466,0.00260540568612493
R20,10,lower,0.788941870923646,-0.0264378111805225,0.096651867,0.00261095839619187
R20,10,lower,0.782776306282822,-0.0271148701633372,0.096725382,0.00261635158237203
R20,10,lower,0.776548551631898,-0.0277935840899785,0.096841261,0.00262166719470121
R20,10,lower,0.770259862815871,-0.0284736629771844,0.096998572,0.00262690497701665
R20,10,lower,0.763911511768735,-0.029154814906273,0.097196929,0.00263207001811707
R20,10,lower,0.757504786206424,-0.0298367459162045,0.097435519,0.0026371703574333
R20,10,lower,0.751040989316406,-0.0305191599022997,0.09771391,0.00264222197365966
R20,10,lower,0.744521439443981,-0.0312017585096868,0.098033234,0.00264721512833731
R20,10,lower,0.737947469775464,-0.0318842410174482,0.098390751,0.00265215979980812
R20,10,lower,0.731320428018756,-0.0325663042367948,0.098787874,0.00265706551974106
R20,10,lower,0.724641676081001,-0.0332476423845385,0.09922269,0.00266193368889177
R20,10,lower,0.71791258974428,-0.0339279469854459,0.099697046,0.00266677414432586
R20,10,lower,0.711134558338748,-0.0346069067466578,0.10021111,0.00267157165262865
R20,10,lower,0.704308984414241,-0.0352842074597024,0.10076416,0.0026763363018135
R20,10,lower,0.697437283409902,-0.0359595318865793,0.10135622,0.00268109441675448
R20,10,lower,0.690520883322519,-0.036632559660603,0.10199113,0.00268581622033133
R20,10,lower,0.683561224373593,-0.0373029671911007,0.10266416,0.00269051191506817
R20,10,lower,0.676559758675239,-0.0379704275641973,0.10337864,0.00269519850904481
R20,10,lower,0.669517949895626,-0.0386346104733847,0.10413212,0.00269986549459767
R20,10,lower,0.662437272923279,-0.0392951821224893,0.10492627,0.00270453226748477
R20,10,lower,0.655319213531664,-0.0399518051814435,0.10576186,0.00270919065532665
R20,10,lower,0.648165268042904,-0.0406041387061742,0.10663981,0.00271385602691196
R20,10,lower,0.640976942992087,-0.0412518381098295,0.1075644,0.00271850122131052
R20,10,lower,0.633755754791383,-0.0418945551161875,0.10853247,0.00272312564283081
R20,10,lower,0.626503229394693,-0.0425319377394409,0.10954668,0.00272774970971743
R20,10,lower,0.619220901962984,-0.0431636302826039,0.11060658,0.0027323559753291
R20,10,lower,0.61191031652992,-0.0437892733219923,0.11171128,0.00273696657827512
R20,10,lower,0.604573025669077,-0.0444085037590529,0.11286275,0.00274160735300906
R20,10,lower,0.597210590161292,-0.0450209548148554,0.11406686,0.00274624585864879
R20,10,lower,0.589824578664041,-0.0456262561184065,0.11532398,0.00275085376773535
R20,10,lower,0.582416567381473,-0.0462240337474142,0.11663533,0.00275544507664474
R20,10,lower,0.574988139736122,-0.0468139103242659,0.11800247,0.00276000733979842
R20,10,lower,0.567540886042222,-0.04739550512851,0.11942282,0.00276456068292821
R20,10,lower,0.560076403180149,-0.0479684341852063,0.12089831,0.00276913994615846
R20,10,lower,0.552596294273225,-0.0485323104583773,0.1224345,0.00277372342592549
R20,10,lower,0.54510216836547,-0.0490867439453299,0.12403797,0.00277825783727264
R20,10,lower,0.537595640101715,-0.0496313419052009,0.12570769,0.00278273794953881
R20,10,lower,0.530078329409273,-0.0501657090334006,0.12744655,0.00278716218588775
R20,10,lower,0.52255186118132,-0.0506894476620285,0.12924878,0.00279154100417048
R20,10,lower,0.515017864962375,-0.0512021580556581,0.13111991,0.00279594366489117
R20,10,lower,0.507477974635306,-0.0517034385758635,0.13306926,0.00280037989397101
R20,10,lower,0.4999338281102,-0.0521928860369128,0.13510388,0.00280468482757044
R20,10,lower,0.492387067015091,-0.0526700959564404,0.13722156,0.00280902023612357
R20,10,lower,0.484839336388227,-0.0531346628493546,0.13941589,0.00281290634318329
R20,10,lower,0.477292284371705,-0.053586180646732,0.14169163,0.00281709133312663
R20,10,lower,0.469747561907415,-0.0540242429151409,0.14406253,0.00282117842181302
R20,10,lower,0.462206822433374,-0.0544484433174545,0.1465342,0.00282510999192793
R20,10,lower,0.454671721581943,-0.054858375989121,0.14910863,0.00282888087741922
R20,10,lower,0.447143916879756,-0.0552536358470338,0.15178038,0.00283249926442162
R20,10,lower,0.439625067446962,-0.0556338191528783,0.15454598,0.00283611021309397
R20,10,lower,0.432116833699695,-0.0559985238095174,0.1574316,0.002839638324704
R20,10,lower,0.424620877052073,-0.0563473498180002,0.16043769,0.002842942924789
R20,10,lower,0.417138859617458,-0.0566798998801583,0.16357072,0.00284594885863632
R20,10,lower,0.409672443914006,-0.0569957796452945,0.16680467,0.00284885667498223
R20,10,lower,0.402223292567123,-0.0572945982929161,0.1701737,0.00285173070923284
R20,10,lower,0.394793068011695,-0.0575759691502878,0.17368318,0.00285432274541023
R20,10,lower,0.387383432199143,-0.0578395099093864,0.17734076,0.00285657104904756
R20,10,lower,0.379996046299173,-0.0580848432941733,0.18113054,0.00285853860525688
R20,10,lower,0.372632570401509,-0.0583115977125133,0.18505757,0.00286045199176708
R20,10,lower,0.365294663223241,-0.0585194074141624,0.18915805,0.00286208068192951
R20,10,lower,0.35798398180916,-0.0587079131983325,0.19342415,0.00286321823301802
R20,10,lower,0.350702181231326,-0.0588767631650889,0.19784793,0.00286401632539019
R20,10,lower,0.343450914295806,-0.0590256127649585,0.202429,0.00286467905719094
R20,10,lower,0.336231831241947,-0.0591541254438958,0.20721252,0.00286497801392417
R20,10,lower,0.32904657943883,-0.0592619735807822,0.21218766,0.00286452904330817
R20,10,lower,0.321896803089314,-0.0593488385863715,0.21732646,0.00286379785844604
R20,10,lower,0.314784142931053,-0.0594144110296508,0.22267608,0.00286281178696822
R20,10,lower,0.307710235930836,-0.0594583917014262,0.22824262,0.00286120434468904
R20,10,lower,0.300676714983047,-0.0594804919006364,0.23402923,0.00285883949012652
R20,10,lower,0.293685208614855,-0.0594804357158401,0.23999389,0.00285622009082946
R20,10,lower,0.286737340683339,-0.0594579570820578,0.2462277,0.00285318437611695
R20,10,lower,0.279834730070981,-0.0594128002045233,0.25270119,0.00284899008024118
R20,10,lower,0.27297899038975,-0.0593447235877797,0.25937375,0.00284443582401088
R20,10,lower,0.266171729689566,-0.0592534984711893,0.26633638,0.00283933670088531
R20,10,lower,0.259414550161891,-0.0591389089964623,0.27356291,0.00283301645447746
R20,10,lower,0.252709047844096,-0.0590007523077511,0.28102243,0.00282617467799201
R20,10,lower,0.246056812335278,-0.0588388392861209,0.28878811,0.00281864252976447
R20,10,lower,0.239459426517727,-0.0586529949296183,0.29685014,0.00280971576411988
R20,10,lower,0.232918466284416,-0.0584430586060605,0.30516443,0.0028001022124505
R20,10,lower,0.226435500267188,-0.0582088840771871,0.31382114,0.00278956075886321
R20,10,lower,0.22001208957626,-0.0579503396483219,0.32279691,0.00277732013614427
R20,10,lower,0.213649787556428,-0.0576673084597195,0.33205232,0.00276426000190465
R20,10,lower,0.207350139552963,-0.0573596885949691,0.34168848,0.00275008562665755
R20,10,lower,0.201114682694598,-0.0570273931845305,0.35163885,0.00273453618073058
R20,10,lower,0.1949449456904,-0.0566703504036467,0.36195669,0.00271807204088263
R20,10,lower,0.188842448643519,-0.0562885033960096,0.37265623,0.00269994619481
R20,10,lower,0.182808702892799,-0.0558818102497116,0.38369125,0.00268071925520627
R20,10,lower,0.176845210881344,-0.0554502439228844,0.39515725,0.00266004342292543
R20,10,lower,0.17095346605356,-0.0549937920920935,0.40698415,0.00263776796735
R20,10,lower,0.16513495278645,-0.0545124569526691,0.41925296,0.00261399145214239
R20,10,lower,0.159391146359877,-0.0540062549695701,0.43191794,0.00258843491639158
R20,10,lower,0.153723512971113,-0.0534752165776166,0.44503686,0.00256116664079315
R20,10,lower,0.148133509799849,-0.05291938583143,0.45858267,0.00253197790123362
R20,10,lower,0.142622585130108,-0.052338820001972,0.4726007,0.00250083770655303
R20,10,lower,0.137192178535731,-0.051733589114844,0.4870711,0.00246758782178668
R20,10,lower,0.131843721139896,-0.0511037754420451,0.50203383,0.0024321615164339
R20,10,lower,0.126578635958482,-0.0504494729456843,0.51747459,0.00239434680978899
R20,10,lower,0.121398338336866,-0.0497707866649044,0.53342086,0.0023541548460598
R20,10,lower,0.116304236493442,-0.0490678320524161,0.54987663,0.0023112792117301
R20,10,lower,0.111297732184333,-0.0483407342630708,0.56684691,0.00226570585924136
R20,10,lower,0.106380221505484,-0.0475896273967261,0.58434391,0.00221728320279903
R20,10,lower,0.101553095849572,-0.0468146536967198,0.60237098,0.00216577912633045
R20,10,lower,0.0968177430433192,-0.046015962721645,0.6209324,0.00211086072208149
R20,10,lower,0.0921755486893848,-0.0451937104942942,0.64002782,0.00205189859239089
R20,10,lower,0.087627897738354,-0.0443480586296564,0.65965301,0.00198789361107578
R20,10,lower,0.0831761763265053,-0.0434791734652601,0.6797986,0.0019176278632634
R20,10,lower,0.0788217739174896,-0.0425872252128055,0.70045358,0.00183975587973577
R20,10,lower,0.0745660857920433,-0.041672387157194,0.72160149,0.00175127199585751
R20,10,lower,0.0704105159193044,-0.0407348349187861,0.74319988,0.00164315774830227
R20,10,lower,0.0663564802777669,-0.0397747458481119,0.76510322,0.00150490152386619
R20,10,lower,0.062405410751643,-0.0387922986719294,0.78721249,0.00135310836604836
R20,10,lower,0.058558759615277,-0.0377876733837121,0.80960608,0.00123943091406479
R20,10,lower,0.0548180046066429,-0.0367610514353097,0.83226955,0.00117732754422859
R20,10,lower,0.051184654796639,-0.0357126165029889,0.85499275,0.00113408393511396
R20,10,lower,0.047660257488583,-0.0346425560713663,0.87754655,0.00108930091261123
R20,10,lower,0.0442464058986636,-0.0335510638632755,0.89970458,0.00103565524995632
R20,10,lower,0.040944747889462,-0.0324383435891935,0.9211759,0.000969177545019537
R20,10,lower,0.0377569961298767,-0.0313046146069509,0.94158494,0.000886946219577498
R20,10,lower,0.0346849390382864,-0.0301501197963658,0.96050775,0.000781486438927651
R20,10,lower,0.0317304532685634,-0.0289751367593763,0.97703081,0.000660588901910074
R20,10,lower,0.0288955169268718,-0.0277799932429666,0.99133414,0.000484995885456219
R20,10,lower,0.0261822235791415,-0.0265650882750066,1.0001154,0.000304212573270864
R20,10,lower,0.0235927961141472,-0.0253309208949066,1.005651,3.08484136308484e-05
R20,10,lower,0.0211295989730894,-0.0240781287864141,1.0036902,-0.000187614579398596
R20,10,lower,0.018795147444199,-0.0228075400425597,0.9923113,-0.000562804755459129
R20,10,lower,0.0165921089999268,-0.021520241449567,0.97263205,-0.000967550350328605
R20,10,lower,0.0145232930312627,-0.0202176678184853,0.93665624,-0.0015172867317246
R20,10,lower,0.0125916201499492,-0.0189017165880306,0.88413715,-0.0021434272450771
R20,10,lower,0.0108000586391145,-0.0175748911076117,0.80942512,-0.00291193721395413
R20,10,lower,0.0091515156659119,-0.0162404740368654,0.70837432,-0.00382297511219755
R20,10,lower,0.00764866099965046,-0.0149027256533798,0.57578123,-0.00490313824789458
R20,10,lower,0.00629366605806686,-0.0135670930019781,0.40654868,-0.00616147933084988
R20,10,lower,0.0050878420071394,-0.0122404002086091,0.19674826,-0.00760727003416625
R20,10,lower,0.00403117849195786,-0.0109309728560487,-0.056412548,-0.00922377404386137
R20,10,lower,0.00312181544896485,-0.00964863433777778,-0.35116512,-0.0109775763368744
R20,10,lower,0.00235552201618363,-0.00840451144842358,-0.68316317,-0.0129275746987338
R20,10,lower,0.00172529844651893,-0.00721061272826013,-1.0485977,-0.0149754293585238
R20,10,lower,0.00122123614473335,-0.00607920156826806,-1.4255891,-0.0170633789898835
R20,10,lower,0.000830739948361331,-0.00502205949879921,-1.8031566,-0.0192299436174644
R20,10,lower,0.000539117089569933,-0.00404978524214713,-2.1659191,-0.0213154651362269
R20,10,lower,0.00033045398277441,-0.00317127912606724,-2.5013795,-0.0231251292507528
R20,10,lower,0.000188606159644121,-0.00239350009612757,-2.8001533,-0.0245455411502458
R20,10,lower,9.8122573779636e-05,-0.00172149800686021,-3.0567379,-0.0255987900224832
R20,10,lower,4.50026400123911e-05,-0.00115865688762233,-3.2684326,-0.0263536428076096
R20,10,lower,1.72066746690204e-05,-0.000707049100982909,-3.435375,-0.0268515814800375
R20,10,lower,4.94780577903578e-06,-0.000367812971475641,-3.5588193,-0.0270956369666948
R20,10,lower,8.79482908810736e-07,-0.000141492450932279,-3.6391199,-0.0273107188875522
R20,10,lower,6.60747891302155e-08,-2.83007751423162e-05,-3.6872206,-0.0269879871916217
R20,10,upper,6.60747891302155e-08,2.83007751423162e-05,-3.698611,0.0268584630290919
R20,10,upper,8.79482908810736e-07,0.000141492450932279,-3.7589085,0.0273710062563934
R20,10,upper,4.94780577903578e-06,0.000367812971475641,-3.8326063,0.0275037955322954
R20,10,upper,1.72066746690204e-05,0.000707049100982909,-3.9523163,0.0282545528234252
R20,10,upper,4.50026400123911e-05,0.00115865688762233,-4.106596,0.0289186011174209
R20,10,upper,9.8122573779636e-05,0.00172149800686021,-4.2930102,0.0296047095116811
R20,10,upper,0.000188606159644121,0.00239350009612757,-4.5034614,0.0302297984575152
R20,10,upper,0.00033045398277441,0.00317127912606724,-4.7264223,0.0307255102817438
R20,10,upper,0.000539117089569933,0.00404978524214713,-4.9474602,0.0310520041008236
R20,10,upper,0.000830739948361331,0.00502205949879921,-5.1528053,0.0311348078825002
R20,10,upper,0.00122123614473335,0.00607920156826806,-5.3240438,0.0308714393548409
R20,10,upper,0.00172529844651893,0.00721061272826013,-5.4444032,0.0303080440729465
R20,10,upper,0.00235552201618363,0.00840451144842358,-5.5108557,0.0291837974133592
R20,10,upper,0.00312181544896485,0.00964863433777778,-5.5179749,0.0282241549592976
R20,10,upper,0.00403117849195786,0.0109309728560487,-5.4679608,0.0267276350861964
R20,10,upper,0.0050878420071394,0.0122404002086091,-5.3726349,0.0252364187763189
R20,10,upper,0.00629366605806686,0.0135670930019781,-5.239728,0.0237257185111233
R20,10,upper,0.00764866099965046,0.0149027256533798,-5.0820999,0.0222426855329187
R20,10,upper,0.0091515156659119,0.0162404740368654,-4.907198,0.0208040048491378
R20,10,upper,0.0108000586391145,0.0175748911076117,-4.7260737,0.0194485271218266
R20,10,upper,0.0125916201499492,0.0189017165880306,-4.5416079,0.0181894689577373
R20,10,upper,0.0145232930312627,0.0202176678184853,-4.3599362,0.0170565901194193
R20,10,upper,0.0165921089999268,0.021520241449567,-4.1838918,0.0160366192702679
R20,10,upper,0.018795147444199,0.0228075400425597,-4.0148544,0.0151236441441095
R20,10,upper,0.0211295989730894,0.0240781287864141,-3.8542445,0.0143016433695189
R20,10,upper,0.0235927961141472,0.0253309208949066,-3.7015536,0.0135603434141955
R20,10,upper,0.0261822235791415,0.0265650882750066,-3.5576525,0.0128976540346783
R20,10,upper,0.0288955169268718,0.0277799932429666,-3.4223244,0.0123014808460277
R20,10,upper,0.0317304532685634,0.0289751367593763,-3.2951925,0.0117637281479901
R20,10,upper,0.0346849390382864,0.0301501197963658,-3.1758153,0.0112769028041529
R20,10,upper,0.0377569961298767,0.0313046146069509,-3.0637004,0.0108346512138087
R20,10,upper,0.040944747889462,0.0324383435891935,-2.9583905,0.0104310073504468
R20,10,upper,0.0442464058986636,0.0335510638632755,-2.8593659,0.0100604915513353
R20,10,upper,0.047660257488583,0.0346425560713663,-2.7661474,0.00971959161291235
R20,10,upper,0.051184654796639,0.0357126165029889,-2.6783347,0.00940536350986701
R20,10,upper,0.0548180046066429,0.0367610514353097,-2.5954916,0.00911436574159697
R20,10,upper,0.058558759615277,0.0377876733837121,-2.5171978,0.00884421767949917
R20,10,upper,0.062405410751643,0.0387922986719294,-2.4431472,0.0085931224037596
R20,10,upper,0.0663564802777669,0.0397747458481119,-2.3730052,0.00835837905093927
R20,10,upper,0.0704105159193044,0.0407348349187861,-2.3064134,0.00813877961556827
R20,10,upper,0.0745660857920433,0.041672387157194,-2.2431924,0.00793262901725304
R20,10,upper,0.0788217739174896,0.0425872252128055,-2.1829894,0.0077384911538385
R20,10,upper,0.0831761763265053,0.0434791734652601,-2.1256623,0.00755548726059023
R20,10,upper,0.087627897738354,0.0443480586296564,-2.0709393,0.00738232234461669
R20,10,upper,0.0921755486893848,0.0451937104942942,-2.0186727,0.00721811560322837
R20,10,upper,0.0968177430433192,0.046015962721645,-1.9686414,0.00706227322098535
R20,10,upper,0.101553095849572,0.0468146536967198,-1.9207536,0.0069135623765502
R20,10,upper,0.106380221505484,0.0475896273967261,-1.8747505,0.0067720747727074
R20,10,upper,0.111297732184333,0.0483407342630708,-1.8306688,0.00663644998136976
R20,10,upper,0.116304236493442,0.0490678320524161,-1.7881548,0.00650674100839225
R20,10,upper,0.121398338336866,0.0497707866649044,-1.7473602,0.00638237964064252
R20,10,upper,0.126578635958482,0.0504494729456843,-1.7079324,0.00626243429102756
R20,10,upper,0.131843721139896,0.0511037754420451,-1.6699545,0.00614783226221771
R20,10,upper,0.137192178535731,0.051733589114844,-1.6332788,0.00603645209237205
R20,10,upper,0.142622585130108,0.052338820001972,-1.5977545,0.0059294690422573
R20,10,upper,0.148133509799849,0.05291938583143,-1.5634702,0.00582631856959377
R20,10,upper,0.153723512971113,0.0534752165776166,-1.53019,0.00572592270147998
R20,10,upper,0.159391146359877,0.0540062549695701,-1.4979254,0.00562964022330325
R20,10,upper,0.16513495278645,0.0545124569526691,-1.4666889,0.00553604617383314
R20,10,upper,0.17095346605356,0.0549937920920935,-1.4362633,0.00544476825468007
R20,10,upper,0.176845210881344,0.0554502439228844,-1.4067193,0.00535690737837614
R20,10,upper,0.182808702892799,0.0558818102497116,-1.37804,0.00527107180937844
R20,10,upper,0.188842448643519,0.0562885033960096,-1.3500384,0.00518707695600797
R20,10,upper,0.1949449456904,0.0566703504036467,-1.3227885,0.00510615696228108
R20,10,upper,0.201114682694598,0.0570273931845305,-1.2962801,0.00502706883907683
R20,10,upper,0.207350139552963,0.0573596885949691,-1.2703573,0.00494954131244963
R20,10,upper,0.213649787556428,0.0576673084597195,-1.2450682,0.00487457412890639
R20,10,upper,0.22001208957626,0.0579503396483219,-1.2204211,0.00480138365304202
R20,10,upper,0.226435500267188,0.0582088840771871,-1.1963007,0.00472955883059981
R20,10,upper,0.232918466284416,0.0584430586060605,-1.1727175,0.00465957932815029
R20,10,upper,0.239459426517727,0.0586529949296183,-1.1496694,0.00459159376405331
R20,10,upper,0.246056812335278,0.0588388392861209,-1.1271487,0.00452474710146329
R20,10,upper,0.252709047844096,0.0590007523077511,-1.105041,0.00445901795928052
R20,10,upper,0.259414550161891,0.0591389089964623,-1.0834126,0.00439514374086411
R20,10,upper,0.266171729689566,0.0592534984711893,-1.0622452,0.00433269827960252
R20,10,upper,0.27297899038975,0.0593447235877797,-1.0414964,0.00427127567029578
R20,10,upper,0.279834730070981,0.0594128002045233,-1.0211227,0.00421108859503075
R20,10,upper,0.286737340683339,0.0594579570820578,-1.0011598,0.00415242074990767
R20,10,upper,0.293685208614855,0.0594804357158401,-0.98159111,0.00409493164071653
R20,10,upper,0.300676714983047,0.0594804919006364,-0.96238172,0.00403834629680402
R20,10,upper,0.307710235930836,0.0594583917014262,-0.94349784,0.00398287291509179
R20,10,upper,0.314784142931053,0.0594144110296508,-0.92497569,0.00392868061003525
R20,10,upper,0.321896803089314,0.0593488385863715,-0.9067921,0.0038755937799012
R20,10,upper,0.32904657943883,0.0592619735807822,-0.88893622,0.00382327865041468
R20,10,upper,0.336231831241947,0.0591541254438958,-0.87135607,0.00377184867247615
R20,10,upper,0.343450914295806,0.0590256127649585,-0.85409319,0.00372158888403396
R20,10,upper,0.350702181231326,0.0588767631650889,-0.83713305,0.00367230648060407
R20,10,upper,0.35798398180916,0.0587079131983325,-0.82046854,0.00362365930579472
R20,10,upper,0.365294663223241,0.0585194074141624,-0.80405653,0.00357561269618135
R20,10,upper,0.372632570401509,0.0583115977125133,-0.78790814,0.0035285545743227
R20,10,upper,0.379996046299173,0.0580848432941733,-0.77203739,0.00348244421315695
R20,10,upper,0.387383432199143,0.0578395099093864,-0.75642669,0.00343715692780941
R20,10,upper,0.394793068011695,0.0575759691502878,-0.74106699,0.00339250062713945
R20,10,upper,0.402223292567123,0.0572945982929161,-0.72592849,0.00334848830171255
R20,10,upper,0.409672443914006,0.0569957796452945,-0.71102715,0.00330536345561161
R20,10,upper,0.417138859617458,0.0566798998801583,-0.69636875,0.00326304573062059
R20,10,upper,0.424620877052073,0.0563473498180002,-0.68193936,0.00322141735326423
R20,10,upper,0.432116833699695,0.0559985238095174,-0.66772753,0.00318032399572994
R20,10,upper,0.439625067446962,0.0556338191528783,-0.65371203,0.00313982725784004
R20,10,upper,0.447143916879756,0.0552536358470338,-0.63990605,0.00310005926111783
R20,10,upper,0.454671721581943,0.054858375989121,-0.62631416,0.00306099747106059
R20,10,upper,0.462206822433374,0.0544484433174545,-0.61292547,0.00302256865666878
R20,10,upper,0.469747561907415,0.0540242429151409,-0.5997327,0.00298460881925932
R20,10,upper,0.477292284371705,0.053586180646732,-0.5867126,0.00294710712870045
R20,10,upper,0.484839336388227,0.0531346628493546,-0.57387668,0.00291021609538131
R20,10,upper,0.492387067015091,0.0526700959564404,-0.56122452,0.0028740378218744
R20,10,upper,0.4999338281102,0.0521928860369128,-0.54875433,0.00283828935685959
R20,10,upper,0.507477974635306,0.0517034385758635,-0.53646231,0.00280284963027501
R20,10,upper,0.515017864962375,0.0512021580556581,-0.52432907,0.00276787347558486
R20,10,upper,0.52255186118132,0.0506894476620285,-0.51234859,0.0027333289675511
R20,10,upper,0.530078329409273,0.0501657090334006,-0.50052786,0.00269926901709816
R20,10,upper,0.537595640101715,0.0496313419052009,-0.48886603,0.00266562949398459
R20,10,upper,0.54510216836547,0.0490867439453299,-0.47735882,0.00263242895029339
R20,10,upper,0.552596294273225,0.0485323104583773,-0.46599936,0.00259959160981518
R20,10,upper,0.560076403180149,0.0479684341852063,-0.45477703,0.00256706462290514
R20,10,upper,0.567540886042222,0.04739550512851,-0.44368792,0.0025348867168491
R20,10,upper,0.574988139736122,0.0468139103242659,-0.43273386,0.00250307403333103
R20,10,upper,0.582416567381473,0.0462240337474142,-0.42191246,0.00247162550994739
R20,10,upper,0.589824578664041,0.0456262561184065,-0.41122273,0.00244051024906035
R20,10,upper,0.597210590161292,0.0450209548148554,-0.40065697,0.00240969087306258
R20,10,upper,0.604573025669077,0.0444085037590529,-0.39021093,0.00237910083147847
R20,10,upper,0.61191031652992,0.0437892733219923,-0.3798739,0.00234873210543145
R20,10,upper,0.619220901962984,0.0431636302826039,-0.36964858,0.00231862505336024
R20,10,upper,0.626503229394693,0.0425319377394409,-0.35953236,0.00228876790944389
R20,10,upper,0.633755754791383,0.0418945551161875,-0.34952468,0.00225914155560473
R20,10,upper,0.640976942992087,0.0412518381098295,-0.33962038,0.00222965773276297
R20,10,upper,0.648165268042904,0.0406041387061742,-0.32981741,0.00220032516905819
R20,10,upper,0.655319213531664,0.0399518051814435,-0.32010457,0.00217109937137821
R20,10,upper,0.662437272923279,0.0392951821224893,-0.31048027,0.00214202109720292
R20,10,upper,0.669517949895626,0.0386346104733847,-0.30094421,0.00211309456491939
R20,10,upper,0.676559758675239,0.0379704275641973,-0.29149491,0.00208430428792157
R20,10,upper,0.683561224373593,0.0373029671911007,-0.28212965,0.0020556321978145
R20,10,upper,0.690520883322519,0.036632559660603,-0.27284515,0.00202704195861685
R20,10,upper,0.697437283409902,0.0359595318865793,-0.26363587,0.0019984965932682
R20,10,upper,0.704308984414241,0.0352842074597024,-0.25449768,0.00196998070744358
R20,10,upper,0.711134558338748,0.0346069067466578,-0.2454278,0.00194143172651928
R20,10,upper,0.71791258974428,0.0339279469854459,-0.23642567,0.00191290212311081
R20,10,upper,0.724641676081001,0.0332476423845385,-0.22749031,0.00188440620790563
R20,10,upper,0.731320428018756,0.0325663042367948,-0.21861908,0.00185592031660967
R20,10,upper,0.737947469775464,0.0318842410174482,-0.20980883,0.00182741201350527
R20,10,upper,0.744521439443981,0.0312017585096868,-0.20105551,0.00179885590859008
R20,10,upper,0.751040989316406,0.0305191599022997,-0.19235644,0.00177023969383902
R20,10,upper,0.757504786206424,0.0298367459162045,-0.18370944,0.00174156234481396
R20,10,upper,0.763911511768735,0.029154814906273,-0.17511404,0.00171283334954845
R20,10,upper,0.770259862815871,0.0284736629771844,-0.16656983,0.00168404801311218
R20,10,upper,0.776548551631898,0.0277935840899785,-0.15807548,0.00165518915876513
R20,10,upper,0.782776306282822,0.0271148701633372,-0.14962906,0.00162624010253913
R20,10,upper,0.788941870923646,0.0264378111805225,-0.14122884,0.00159718893950503
R20,10,upper,0.795044006101506,0.0257626952736226,-0.13287355,0.00156802943516319
R20,10,upper,0.801081489055188,0.0250898088252467,-0.12456267,0.00153876410652348
R20,10,upper,0.80705311401022,0.0244194365396138,-0.11629658,0.00150939774125455
R20,10,upper,0.812957692469884,0.0237518615256284,-0.10807581,0.00147993153013096
R20,10,upper,0.818794053501556,0.0230873653611178,-0.099900879,0.00145036168077559
R20,10,upper,0.824561044018328,0.0224262281490945,-0.091771945,0.00142068186893461
R20,10,upper,0.830257529055852,0.021768728575077,-0.083689302,0.00139088847801023
R20,10,upper,0.83588239204382,0.0211151439360756,-0.075653493,0.00136098230688924
R20,10,upper,0.84143453507251,0.0204657501824517,-0.067665651,0.00133096913579856
R20,10,upper,0.846912879153578,0.0198208219308961,-0.059727449,0.0013008603542824
R20,10,upper,0.852316364475349,0.0191806324724829,-0.051841177,0.00127066982380559
R20,10,upper,0.85764395065249,0.018545453778593,-0.044009469,0.00124041090160531
R20,10,upper,0.862894616969395,0.0179155564770088,-0.03623512,0.00121009536797087
R20,10,upper,0.868067362617918,0.0172912098357776,-0.028520983,0.00117973482031025
R20,10,upper,0.873161206928732,0.016672681726756,-0.020870138,0.00114934370135011
R20,10,upper,0.878175189596127,0.0160602385696608,-0.013286022,0.00111894011837692
R20,10,upper,0.883108370896911,0.0154541452830359,-0.0057724859,0.00108854597370261
R20,10,upper,0.887959831902428,0.0148546652110968,0.0016662069,0.00105818532475486
R20,10,upper,0.89272867468375,0.0142620600350041,0.0090255104,0.00102788375769106
R20,10,upper,0.897414022510616,0.0136765896857262,0.016300619,0.000997666360578068
R20,10,upper,0.902015020043476,0.0130985122416622,0.023486678,0.00096755962220143
R20,10,upper,0.906530833518338,0.0125280838081765,0.030578567,0.000937589599486556
R20,10,upper,0.910960650924885,0.0119655583914925,0.037571259,0.000907786406931969
R20,10,upper,0.915303682177828,0.0114111877661266,0.044459216,0.00087817821028775
R20,10,upper,0.919559159281179,0.0108652213301386,0.051237345,0.000848799190187158
R20,10,upper,0.923726336485369,0.0103279059488068,0.057899714,0.000819675267023637
R20,10,upper,0.927804490437316,0.00979948578955367,0.064441651,0.000790844563770753
R20,10,upper,0.931792920323633,0.00928020215138705,0.07085678,0.000762323801237371
R20,10,upper,0.935690948006758,0.00877029328583029,0.077141628,0.000734160102767892
R20,10,upper,0.939497918154061,0.00826999421026611,0.083288744,0.000706351253454966
R20,10,upper,0.943213198359973,0.00777953651491862,0.089297235,0.000678967727861953
R20,10,upper,0.946836179261183,0.00729914816420806,0.09515696,0.00065196282464678
R20,10,upper,0.950366274644949,0.00682905329305303,0.10087254,0.000625460481484201
R20,10,upper,0.953802921550355,0.00636947199642742,0.10642751,0.000599311602837344
R20,10,upper,0.957145580363084,0.00592062011865242,0.11183817,0.000573772569960856
R20,10,upper,0.960393734903798,0.00548270904258022,0.11707326,0.000548466137421457
R20,10,upper,0.963546892508784,0.00505594546537378,0.12217379,0.000523963932890485
R20,10,upper,0.966604584105197,0.00464053118418089,0.12707499,0.000499375151618638
R20,10,upper,0.969566364279456,0.00423666287740687,0.13187043,0.000476004624590718
R20,10,upper,0.972431811338812,0.00384453188120221,0.13642175,0.000451794407433355
R20,10,upper,0.975200527367657,0.00346432397623373,0.14093442,0.000429742714789886
R20,10,upper,0.977872138276868,0.00309621916823415,0.14511086,0.00040515901468384
R20,10,upper,0.980446293847699,0.00274039147596243,0.14939296,0.000384901449227647
R20,10,upper,0.982922667769198,0.00239700871745239,0.15314473,0.000358318570640791
R20,10,upper,0.985300957670116,0.00206623230251236,0.15730375,0.000341042426372995
R20,10,upper,0.987580885145733,0.00174821703436291,0.16052295,0.000308914026462369
R20,10,upper,0.989762195778117,0.00144311090829694,0.16476157,0.000297567351145687
R20,10,upper,0.991844659151727,0.00115105492227899,0.16720557,0.000252538007954292
R20,10,upper,0.993828068863424,0.000872182891922228,0.17180642,0.000255075128465548
R20,10,upper,0.995712242527303,0.000606621272550984,0.17305005,0.000183147198517144
R20,10,upper,0.99749702177486,0.000354488992029088,0.17871791,0.000241360579481337
R20,10,upper,0.999182272249741,0.000115897288341632,0.17681013,0.000260661223511605
coarse,0,lower,0.998825321792284,-0.000166413470205039,0.2286123,0.000624197710443796
coarse,0,lower,0.996375829922689,-0.000512871137992809,0.22135784,0.000895074996257077
coarse,0,lower,0.993726263235474,-0.000886430119936151,0.20752382,0.00094944813631461
coarse,0,lower,0.990877062516967,-0.00128675467796401,0.19865426,0.00107013065671035
coarse,0,lower,0.987828765770541,-0.00171347863876904,0.18792687,0.00113706278943691
coarse,0,lower,0.984582008209659,-0.00216620637615092,0.17882513,0.00121608316900556
coarse,0,lower,0.981137522209381,-0.0026445138552917,0.1692376,0.00127775281250495
coarse,0,lower,0.977496137215341,-0.0031479497349378,0.16023773,0.00134115946795055
coarse,0,lower,0.97365877960778,-0.00367603651208811,0.15116793,0.00139792893573641
coarse,0,lower,0.969626472520444,-0.00422827171108713,0.14236273,0.00145370700107547
coarse,0,lower,0.965400335611774,-0.00480412909900033,0.133623,0.00150618135760732
coarse,0,lower,0.960981584787615,-0.00540305992396063,0.12505409,0.00155706704864634
coarse,0,lower,0.956371531874602,-0.00602449417197029,0.11659817,0.00160578022639939
coarse,0,lower,0.951571584241887,-0.0066678418241111,0.10829032,0.00165287604007164
coarse,0,lower,0.946583244370223,-0.00733249410545799,0.10011519,0.00169823057631137
coarse,0,lower,0.941408109368443,-0.0080178247293057,0.092083365,0.00174201759316839
coarse,0,lower,0.936047870435365,-0.00872319111752071,0.084188454,0.00178401419019614
coarse,0,lower,0.930504312265842,-0.00944793558307916,0.076430999,0.00182451495117201
coarse,0,lower,0.924779312401668,-0.0101913864825163,0.068807147,0.00186373570597621
coarse,0,lower,0.918874840525771,-0.0109528593194621,0.061316039,0.00190176535727931
coarse,0,lower,0.912792957699402,-0.0117316577924986,0.053954948,0.00193865905093855
coarse,0,lower,0.906535815542246,-0.0125270747826018,0.046721108,0.0019744832431199
coarse,0,lower,0.900105655355318,-0.01333839327322,0.03961134,0.00200930088778921
coarse,0,lower,0.893504807186695,-0.0141648871968299,0.032623041,0.00204316450419649
coarse,0,lower,0.886735688840318,-0.0150058222020007,0.025752375,0.00207610455498555
coarse,0,lower,0.879800804828203,-0.015860456334103,0.01899334,0.00210808330472391
coarse,0,lower,0.872702745266978,-0.0167280406343275,0.012340157,0.00213913349345483
coarse,0,lower,0.865444184719282,-0.0176078196499324,0.0057852441,0.00216945135948937
coarse,0,lower,0.858027880980627,-0.0184990318424677,-0.00067759579,0.00219910916160635
coarse,0,lower,0.850456673813291,-0.0194009099051218,-0.0070537487,0.00222814699109789
coarse,0,lower,0.84273348362856,-0.0203126809969665,-0.01335138,0.0022566346873044
coarse,0,lower,0.834861310118176,-0.0212335668705545,-0.01957313,0.00228462146992263
coarse,0,lower,0.826843230836849,-0.0221627839072916,-0.025726119,0.00231214983523854
coarse,0,lower,0.818682399737779,-0.0230995430783237,-0.031813066,0.0023392906812189
coarse,0,lower,0.810382045662354,-0.0240430497969924,-0.037833653,0.00236603406373695
coarse,0,lower,0.801945470786549,-0.0249925037042871,-0.043796625,0.0023924054675923
coarse,0,lower,0.793376049025827,-0.0259470983758973,-0.049706966,0.00241846961339383
coarse,0,lower,0.784677224400515,-0.0269060209439888,-0.055570658,0.00244425737960136
coarse,0,lower,0.77585250936436,-0.0278684516763157,-0.061392833,0.00246977370526917
coarse,0,lower,0.766905483098008,-0.0288335634732928,-0.067188956,0.00249510398196873
coarse,0,lower,0.757839789770361,-0.0298005213365561,-0.072961673,0.00252034097090539
coarse,0,lower,0.748659136769853,-0.030768481783605,-0.07871417,0.00254549791842011
coarse,0,lower,0.739367292908388,-0.0317365922357494,-0.084445871,0.00257059705576282
coarse,0,lower,0.729968086600483,-0.0327039903889016,-0.090156183,0.00259562624854455
coarse,0,lower,0.720465404019989,-0.03366980356037,-0.095850669,0.00262061329116262
coarse,0,lower,0.710863187237456,-0.0346331480571974,-0.10153229,0.00264558790057545
coarse,0,lower,0.701165432340052,-0.0355931285261165,-0.10721182,0.00267058959129453
coarse,0,lower,0.691376187537511,-0.0365488373575128,-0.11289681,0.0026956883185067
coarse,0,lower,0.681499551255784,-0.037499354092429,-0.11859427,0.00272093001816747
coarse,0,lower,0.671539670221773,-0.0384437448992948,-0.12430733,0.0027463670155852
coarse,0,lower,0.661500737540994,-0.0393810620887279,-0.13003138,0.00277199019551199
coarse,0,lower,0.651386990771004,-0.0403103437028654,-0.13576666,0.00279780895613501
coarse,0,lower,0.641202709992915,-0.0412306131882771,-0.14150511,0.00282376413083716
coarse,0,lower,0.630952215882843,-0.0421408791342427,-0.14727125,0.00284995933742246
coarse,0,lower,0.6206398677864,-0.0430401351521754,-0.1530582,0.00287646721920576
coarse,0,lower,0.610270061796826,-0.0439273598019275,-0.15887243,0.00290312006761484
coarse,0,lower,0.599847228840313,-0.0448015167022698,-0.1647217,0.00293012240534597
coarse,0,lower,0.589375832768783,-0.0456615547074709,-0.17060523,0.00295754649337673
coarse,0,lower,0.578860368462625,-0.0465064082532142,-0.17650716,0.00298530795232498
coarse,0,lower,0.568305359944564,-0.0473349978399712,-0.18243706,0.00301340146586864
coarse,0,lower,0.557715358505243,-0.048146230616983,-0.18839549,0.00304194861400362
coarse,0,lower,0.54709494084272,-0.0489390012074759,-0.19438304,0.00307096330054921
coarse,0,lower,0.536448707215121,-0.0497121925631884,-0.20040348,0.00310043703313529
coarse,0,lower,0.525781279608202,-0.0504646770863756,-0.20646581,0.00313029794073145
coarse,0,lower,0.515097299917544,-0.0511953178639478,-0.21256414,0.00316080907020795
coarse,0,lower,0.504401428145242,-0.0519029700077481,-0.21865533,0.00319190447349671
coarse,0,lower,0.493698340611257,-0.0525864822948359,-0.22479537,0.00322388388616941
coarse,0,lower,0.482992728178956,-0.0532446987759927,-0.23094843,0.00325532836813503
coarse,0,lower,0.47228929449379,-0.0538764606593836,-0.23712397,0.00328812825047461
coarse,0,lower,0.461592754234118,-0.0544806083908646,-0.24333125,0.00332140682899614
coarse,0,lower,0.450907831374559,-0.0550559836491052,-0.24954775,0.00335528201373072
coarse,0,lower,0.440239257457989,-0.0556014317118368,-0.25576252,0.00338968145296892
coarse,0,lower,0.429591769876069,-0.0561158039183794,-0.26198551,0.00342471322027816
coarse,0,lower,0.418970110158967,-0.0565979600061752,-0.2682057,0.00346039784225216
coarse,0,lower,0.408379022267632,-0.0570467708483153,-0.27443644,0.00349673273910876
coarse,0,lower,0.397823250889568,-0.057461121260772,-0.2806595,0.003533799113781
coarse,0,lower,0.387307539740156,-0.0578399125639427,-0.28684694,0.00357140850796772
coarse,0,lower,0.376836629860555,-0.0581820655243694,-0.2930176,0.00360966396854906
coarse,0,lower,0.366415257913039,-0.0584865234341943,-0.29915383,0.00364864950045774
coarse,0,lower,0.356048154477512,-0.0587522549021999,-0.30526695,0.00368832833833528
coarse,0,lower,0.345740042344162,-0.0589782566371931,-0.31133023,0.00372873471381621
coarse,0,lower,0.335495634797326,-0.059163556594417,-0.31732902,0.0037697621258477
coarse,0,lower,0.325319633895633,-0.0593072170658223,-0.32326454,0.00381148172187586
coarse,0,lower,0.315216728751047,-0.059408337507945,-0.32913467,0.00385393514951383
coarse,0,lower,0.305191593804484,-0.0594660573778064,-0.33493218,0.00389718189253677
coarse,0,lower,0.295248887095755,-0.0594795567891301,-0.34061405,0.00394107791799962
coarse,0,lower,0.285393248534229,-0.0594480629866459,-0.34619874,0.00398562800030642
coarse,0,lower,0.275629298178298,-0.0593708517880299,-0.35167065,0.00403099622477619
coarse,0,lower,0.265961634523601,-0.059247246992433,-0.35702497,0.00407711598249759
coarse,0,lower,0.256394832807726,-0.0590766255797512,-0.36222249,0.00412393128912951
coarse,0,lower,0.246933443340227,-0.0588584187412842,-0.36727333,0.0041714473953534
coarse,0,lower,0.23758198986491,-0.0585921135889312,-0.3721557,0.00421958480672011
coarse,0,lower,0.228344967969585,-0.0582772546732914,-0.37686598,0.00426826877292266
coarse,0,lower,0.219226843559913,-0.0579134453278002,-0.38136971,0.00431774179110826
coarse,0,lower,0.210232051411386,-0.0575003486339387,-0.38567105,0.0043680430333049
coarse,0,lower,0.201364993821055,-0.0570376880820067,-0.38973621,0.00441918983900005
coarse,0,lower,0.192630039383609,-0.0565252479108274,-0.39355737,0.00447113818002757
coarse,0,lower,0.184031521920579,-0.0559628731046131,-0.39711949,0.0045240455091915
coarse,0,lower,0.175573739596477,-0.055350469027875,-0.40038931,0.00457786844961195
coarse,0,lower,0.167260954261577,-0.0546880006811346,-0.4033519,0.00463260876161161
coarse,0,lower,0.159097391068087,-0.0539754915620337,-0.4059847,0.00468841578250251
coarse,0,lower,0.151087238414746,-0.0532130221185397,-0.40824598,0.00474518930440615
coarse,0,lower,0.143234648284923,-0.0524007277835189,-0.41013625,0.00480311986983709
coarse,0,lower,0.135543737054512,-0.0515387965795198,-0.41156998,0.00486195929178532
coarse,0,lower,0.128018586854398,-0.0506274662638768,-0.41260472,0.00492214613179557
coarse,0,lower,0.120663247612665,-0.0496670210995778,-0.41308239,0.00498419538354743
coarse,0,lower,0.11348173990595,-0.0486577882315396,-0.4130933,0.0050453327382127
coarse,0,lower,0.106478058762824,-0.0476001336138741,-0.41237617,0.00511087855449599
coarse,0,lower,0.0996561786003928,-0.0464944575419412,-0.41115057,0.00517580178569979
coarse,0,lower,0.0930200595357018,-0.0453411899031473,-0.4090144,0.0052425335385788
coarse,0,lower,0.0865736554272818,-0.0441407853810327,-0.40624946,0.00531063783982238
coarse,0,lower,0.0803209238578864,-0.0428937184342277,-0.40229288,0.00537981390248881
coarse,0,lower,0.0742658385170203,-0.0416004783930669,-0.39757824,0.00545021536832765
coarse,0,lower,0.0684124046398824,-0.0402615652392725,-0.39139491,0.00552236916067757
coarse,0,lower,0.0627646778647903,-0.0388774861215214,-0.38396528,0.00559288281530372
coarse,0,lower,0.0573267874981136,-0.0374487536412281,-0.37493822,0.00566450436052842
coarse,0,lower,0.0521029649926242,-0.0359758868851717,-0.36391601,0.00573465146044454
coarse,0,lower,0.0470975784998978,-0.0344594166281709,-0.35067731,0.0058036450750208
coarse,0,lower,0.0423151750340561,-0.0328998974236306,-0.33491889,0.00587279209211232
coarse,0,lower,0.0377605309688087,-0.0312979298730056,-0.31591451,0.00593928606559381
coarse,0,lower,0.0334387117443377,-0.0296541985519655,-0.29311571,0.00600067263140241
coarse,0,lower,0.0293551410954677,-0.0279695338535706,-0.26570368,0.00605652871629391
coarse,0,lower,0.0255156777066326,-0.0262450097559655,-0.23270497,0.00610369734179207
coarse,0,lower,0.0219266934912441,-0.0244820954581588,-0.19289979,0.00613583301148016
coarse,0,lower,0.0185951400121072,-0.0226828866855278,-0.14478154,0.00613791855299493
coarse,0,lower,0.0155285752824633,-0.0208504521229615,-0.086683251,0.00608038229190744
coarse,0,lower,0.0127350983762755,-0.018989339627794,-0.0168176,0.00590700513329666
coarse,0,lower,0.010223099710297,-0.017106288574154,0.066141896,0.00554922858872871
coarse,0,lower,0.00800068080162397,-0.0152111726805538,0.16437227,0.0050899359245579
coarse,0,lower,0.00607454533711653,-0.0133181229128959,0.27608219,0.004902280454932
coarse,0,lower,0.00444816768139646,-0.0114466187910584,0.39994958,0.00492347524615797
coarse,0,lower,0.00311921771732259,-0.00962209503809588,0.53064829,0.00479175269004461
coarse,0,lower,0.00207665520573483,-0.0078754168966382,0.65757608,0.00441737006407536
coarse,0,lower,0.00129851588683457,-0.0062407213725676,0.77119327,0.00385811773341495
coarse,0,lower,0.00075171586328763,-0.00475181858957771,0.86258239,0.00315477505630113
coarse,0,lower,0.000394636227191078,-0.00343829076934166,0.92827791,0.00238902607755597
coarse,0,lower,0.000181897393463638,-0.00232278854637677,0.96972239,0.00166379882829676
coarse,0,lower,6.96842567527901e-05,-0.00142037074597468,0.99260241,0.00102466508997481
coarse,0,lower,2.00437851689345e-05,-0.000739623885471299,1.0025487,0.000548976500074491
coarse,0,lower,3.52368860114567e-06,-0.000284635076866165,1.0061997,0.000197567783728331
coarse,0,lower,2.25061982673352e-07,-5.69383385214105e-05,1.0067734,1.67658562256185e-05
coarse,0,upper,2.25061982673352e-07,5.69383385214105e-05,1.0067734,1.6766023533904e-05
coarse,0,upper,3.52368860114567e-06,0.000284635076866165,1.0061997,0.000197568009347559
coarse,0,upper,2.00437851689345e-05,0.000739623885471299,1.0025487,0.000548976763522626
coarse,0,upper,6.96842567527901e-05,0.00142037074597468,0.99260241,0.00102466540369546
coarse,0,upper,0.000181897393463638,0.00232278854637677,0.96972239,0.0016637990197819
coarse,0,upper,0.000394636227191078,0.00343829076934166,0.92827791,0.00238902639972606
coarse,0,upper,0.00075171586328763,0.00475181858957771,0.86258239,0.00315477537402202
coarse,0,upper,0.00129851588683457,0.0062407213725676,0.77119321,0.00385811803703055
coarse,0,upper,0.00207665520573483,0.0078754168966382,0.65757608,0.00441737006407536
coarse,0,upper,0.00311921771732259,0.00962209503809588,0.53064829,0.00479175295168657
coarse,0,upper,0.00444816768139646,0.0114466187910584,0.39994955,0.00492347563737168
coarse,0,upper,0.00607454533711653,0.0133181229128959,0.27608216,0.004902280454932
coarse,0,upper,0.00800068080162397,0.0152111726805538,0.16437224,0.0050899359245579
coarse,0,upper,0.010223099710297,0.017106288574154,0.066141859,0.00554922858872871
coarse,0,upper,0.0127350983762755,0.018989339627794,-0.016817637,0.00590700513329666
coarse,0,upper,0.0155285752824633,0.0208504521229615,-0.086683288,0.00608038229190744
coarse,0,upper,0.0185951400121072,0.0226828866855278,-0.14478157,0.00613791855299493
coarse,0,upper,0.0219266934912441,0.0244820954581588,-0.19289982,0.00613583301148016
coarse,0,upper,0.0255156777066326,0.0262450097559655,-0.232705,0.00610369734179207
coarse,0,upper,0.0293551410954677,0.0279695338535706,-0.26570371,0.00605652871629391
coarse,0,upper,0.0334387117443377,0.0296541985519655,-0.29311574,0.00600067263140241
coarse,0,upper,0.0377605309688087,0.0312979298730056,-0.31591454,0.00593928606559381
coarse,0,upper,0.0423151750340561,0.0328998974236306,-0.33491892,0.00587279209211232
coarse,0,upper,0.0470975784998978,0.0344594166281709,-0.35067734,0.0058036450750208
coarse,0,upper,0.0521029649926242,0.0359758868851717,-0.36391604,0.00573465146044454
coarse,0,upper,0.0573267874981136,0.0374487536412281,-0.37493822,0.00566450436052842
coarse,0,upper,0.0627646778647903,0.0388774861215214,-0.38396531,0.00559288281530372
coarse,0,upper,0.0684124046398824,0.0402615652392725,-0.39139494,0.00552236920398387
coarse,0,upper,0.0742658385170203,0.0416004783930669,-0.39757827,0.00545021536832765
coarse,0,upper,0.0803209238578864,0.0428937184342277,-0.40229291,0.00537981391515431
coarse,0,upper,0.0865736554272818,0.0441407853810327,-0.40624949,0.00531063783982238
coarse,0,upper,0.0930200595357018,0.0453411899031473,-0.40901443,0.0052425335385788
coarse,0,upper,0.0996561786003928,0.0464944575419412,-0.41115057,0.00517580178569979
coarse,0,upper,0.106478058762824,0.0476001336138741,-0.41237617,0.00511087855449599
coarse,0,upper,0.11348173990595,0.0486577882315396,-0.41309333,0.0050453327382127
coarse,0,upper,0.120663247612665,0.0496670210995778,-0.41308242,0.00498419538354743
coarse,0,upper,0.128018586854398,0.0506274662638768,-0.41260475,0.00492214613179557
coarse,0,upper,0.135543737054512,0.0515387965795198,-0.41157001,0.00486195929178532
coarse,0,upper,0.143234648284923,0.0524007277835189,-0.41013628,0.00480311986983709
coarse,0,upper,0.151087238414746,0.0532130221185397,-0.40824601,0.00474518930440615
coarse,0,upper,0.159097391068087,0.0539754915620337,-0.40598473,0.00468841609451694
coarse,0,upper,0.167260954261577,0.0546880006811346,-0.4033519,0.00463260876161161
coarse,0,upper,0.175573739596477,0.055350469027875,-0.40038934,0.00457786845246143
coarse,0,upper,0.184031521920579,0.0559628731046131,-0.39711952,0.00452404582176017
coarse,0,upper,0.192630039383609,0.0565252479108274,-0.3935574,0.00447113818002757
coarse,0,upper,0.201364993821055,0.0570376880820067,-0.38973621,0.00441918983900005
coarse,0,upper,0.210232051411386,0.0575003486339387,-0.38567105,0.0043680430333049
coarse,0,upper,0.219226843559913,0.0579134453278002,-0.38136971,0.00431774179110826
coarse,0,upper,0.228344967969585,0.0582772546732914,-0.37686601,0.00426826877292266
coarse,0,upper,0.23758198986491,0.0585921135889312,-0.37215573,0.00421958480672011
coarse,0,upper,0.246933443340227,0.0588584187412842,-0.36727336,0.0041714473953534
coarse,0,upper,0.256394832807726,0.0590766255797512,-0.36222252,0.00412393128912951
coarse,0,upper,0.265961634523601,0.059247246992433,-0.35702497,0.00407711598249759
coarse,0,upper,0.275629298178298,0.0593708517880299,-0.35167068,0.00403099622477619
coarse,0,upper,0.285393248534229,0.0594480629866459,-0.34619874,0.00398562800030642
coarse,0,upper,0.295248887095755,0.0594795567891301,-0.34061405,0.00394107791799962
coarse,0,upper,0.305191593804484,0.0594660573778064,-0.33493221,0.00389718189253677
coarse,0,upper,0.315216728751047,0.059408337507945,-0.3291347,0.00385393514951383
coarse,0,upper,0.325319633895633,0.0593072170658223,-0.32326457,0.00381148172187586
coarse,0,upper,0.335495634797326,0.059163556594417,-0.31732902,0.0037697621258477
coarse,0,upper,0.345740042344162,0.0589782566371931,-0.31133023,0.00372873471381621
coarse,0,upper,0.356048154477512,0.0587522549021999,-0.30526695,0.00368832833833528
coarse,0,upper,0.366415257913039,0.0584865234341943,-0.29915383,0.00364864950045774
coarse,0,upper,0.376836629860555,0.0581820655243694,-0.2930176,0.00360966396854906
coarse,0,upper,0.387307539740156,0.0578399125639427,-0.28684697,0.00357140850796772
coarse,0,upper,0.397823250889568,0.057461121260772,-0.2806595,0.003533799113781
coarse,0,upper,0.408379022267632,0.0570467708483153,-0.27443644,0.00349673273910876
coarse,0,upper,0.418970110158967,0.0565979600061752,-0.2682057,0.00346039784225216
coarse,0,upper,0.429591769876069,0.0561158039183794,-0.26198554,0.00342471322027816
coarse,0,upper,0.440239257457989,0.0556014317118368,-0.25576252,0.00338968145296892
coarse,0,upper,0.450907831374559,0.0550559836491052,-0.24954775,0.00335528201373072
coarse,0,upper,0.461592754234118,0.0544806083908646,-0.24333125,0.00332140682899614
coarse,0,upper,0.47228929449379,0.0538764606593836,-0.23712397,0.00328812825047461
coarse,0,upper,0.482992728178956,0.0532446987759927,-0.23094843,0.00325532836813503
coarse,0,upper,0.493698340611257,0.0525864822948359,-0.22479539,0.00322388388616941
coarse,0,upper,0.504401428145242,0.0519029700077481,-0.21865533,0.00319190447349671
coarse,0,upper,0.515097299917544,0.0511953178639478,-0.21256414,0.00316080907020795
coarse,0,upper,0.525781279608202,0.0504646770863756,-0.20646581,0.00313029794073145
coarse,0,upper,0.536448707215121,0.0497121925631884,-0.20040348,0.00310043703313529
coarse,0,upper,0.54709494084272,0.0489390012074759,-0.19438304,0.00307096330054921
coarse,0,upper,0.557715358505243,0.048146230616983,-0.18839549,0.00304194861400362
coarse,0,upper,0.568305359944564,0.0473349978399712,-0.18243706,0.00301340146586864
coarse,0,upper,0.578860368462625,0.0465064082532142,-0.17650716,0.00298530795232498
coarse,0,upper,0.589375832768783,0.0456615547074709,-0.17060524,0.00295754649337673
coarse,0,upper,0.599847228840313,0.0448015167022698,-0.1647217,0.00293012240534597
coarse,0,upper,0.610270061796826,0.0439273598019275,-0.15887243,0.00290312006761484
coarse,0,upper,0.6206398677864,0.0430401351521754,-0.1530582,0.00287646721920576
coarse,0,upper,0.630952215882843,0.0421408791342427,-0.14727126,0.00284995933742246
coarse,0,upper,0.641202709992915,0.0412306131882771,-0.14150512,0.00282376413083716
coarse,0,upper,0.651386990771004,0.0403103437028654,-0.13576667,0.00279780895613501
coarse,0,upper,0.661500737540994,0.0393810620887279,-0.13003139,0.00277199019551199
coarse,0,upper,0.671539670221773,0.0384437448992948,-0.12430733,0.0027463670155852
coarse,0,upper,0.681499551255784,0.037499354092429,-0.11859427,0.00272093001816747
coarse,0,upper,0.691376187537511,0.0365488373575128,-0.11289681,0.0026956883185067
coarse,0,upper,0.701165432340052,0.0355931285261165,-0.10721182,0.00267058959129453
coarse,0,upper,0.710863187237456,0.0346331480571974,-0.10153229,0.00264558790057545
coarse,0,upper,0.720465404019989,0.03366980356037,-0.095850669,0.00262061329116262
coarse,0,upper,0.729968086600483,0.0327039903889016,-0.09015619,0.00259562624854455
coarse,0,upper,0.739367292908388,0.0317365922357494,-0.084445871,0.00257059705576282
coarse,0,upper,0.748659136769853,0.030768481783605,-0.07871417,0.00254549791842011
coarse,0,upper,0.757839789770361,0.0298005213365561,-0.072961673,0.00252034097090539
coarse,0,upper,0.766905483098008,0.0288335634732928,-0.067188956,0.00249510398196873
coarse,0,upper,0.77585250936436,0.0278684516763157,-0.061392836,0.00246977370526917
coarse,0,upper,0.784677224400515,0.0269060209439888,-0.055570658,0.00244425737960136
coarse,0,upper,0.793376049025827,0.0259470983758973,-0.049706969,0.00241846961339383
coarse,0,upper,0.801945470786549,0.0249925037042871,-0.043796625,0.0023924054675923
coarse,0,upper,0.810382045662354,0.0240430497969924,-0.037833653,0.00236603406373695
coarse,0,upper,0.818682399737779,0.0230995430783237,-0.031813066,0.0023392906812189
coarse,0,upper,0.826843230836849,0.0221627839072916,-0.025726121,0.00231214983523854
coarse,0,upper,0.834861310118176,0.0212335668705545,-0.019573132,0.00228462146992263
coarse,0,upper,0.84273348362856,0.0203126809969665,-0.013351382,0.0022566346873044
coarse,0,upper,0.850456673813291,0.0194009099051218,-0.0070537506,0.00222814699109789
coarse,0,upper,0.858027880980627,0.0184990318424677,-0.00067759742,0.00219910916160635
coarse,0,upper,0.865444184719282,0.0176078196499324,0.0057852427,0.00216945135948937
coarse,0,upper,0.872702745266978,0.0167280406343275,0.012340156,0.00213913349345483
coarse,0,upper,0.879800804828203,0.015860456334103,0.018993339,0.00210808330472391
coarse,0,upper,0.886735688840318,0.0150058222020007,0.025752373,0.00207610455498555
coarse,0,upper,0.893504807186695,0.0141648871968299,0.032623038,0.00204316450419649
coarse,0,upper,0.900105655355318,0.01333839327322,0.03961134,0.00200930088778921
coarse,0,upper,0.906535815542246,0.0125270747826018,0.046721105,0.0019744832431199
coarse,0,upper,0.912792957699402,0.0117316577924986,0.053954948,0.00193865918001294
coarse,0,upper,0.918874840525771,0.0109528593194621,0.061316043,0.00190176554612743
coarse,0,upper,0.924779312401668,0.0101913864825163,0.068807147,0.00186373570838908
coarse,0,upper,0.930504312265842,0.00944793558307916,0.076430999,0.00182451495117201
coarse,0,upper,0.936047870435365,0.00872319111752071,0.084188454,0.00178401419019614
coarse,0,upper,0.941408109368443,0.0080178247293057,0.092083365,0.00174201759316839
coarse,0,upper,0.946583244370223,0.00733249410545799,0.10011519,0.00169823057631137
coarse,0,upper,0.951571584241887,0.0066678418241111,0.10829031,0.00165287604007164
coarse,0,upper,0.956371531874602,0.00602449417197029,0.11659817,0.00160578022639939
coarse,0,upper,0.960981584787615,0.00540305992396063,0.12505409,0.00155706704864634
coarse,0,upper,0.965400335611774,0.00480412909900033,0.13362299,0.00150618135760732
coarse,0,upper,0.969626472520444,0.00422827171108713,0.14236273,0.00145370700107547
coarse,0,upper,0.97365877960778,0.00367603651208811,0.15116793,0.00139792893573641
coarse,0,upper,0.977496137215341,0.0031479497349378,0.16023773,0.00134115946795055
coarse,0,upper,0.981137522209381,0.0026445138552917,0.1692376,0.00127775281250495
coarse,0,upper,0.984582008209659,0.00216620637615092,0.17882513,0.00121608316900556
coarse,0,upper,0.987828765770541,0.00171347863876904,0.18792687,0.00113706278943691
coarse,0,upper,0.990877062516967,0.00128675467796401,0.19865426,0.00107013065671035
coarse,0,upper,0.993726263235474,0.000886430119936151,0.20752382,0.00094944813631461
coarse,0,upper,0.996375829922689,0.000512871137992809,0.22135784,0.000895074996257077
coarse,0,upper,0.998825321792284,0.000166413470205039,0.2286123,0.000624197710443796
coarse,15,lower,0.998825321792284,-0.000166413470205039,-1.102295,0.00801112416348087
coarse,15,lower,0.996375829922689,-0.000512871137992809,-1.0583456,0.0054083470140277
coarse,15,lower,0.993726263235474,-0.000886430119936151,-1.0114729,0.0049466263129888
coarse,15,lower,0.990877062516967,-0.00128675467796401,-0.96946961,0.00480445354135172
coarse,15,lower,0.987828765770541,-0.00171347863876904,-0.93372601,0.00474896296031945
coarse,15,lower,0.984582008209659,-0.00216620637615092,-0.90242064,0.0046675221271734
coarse,15,lower,0.981137522209381,-0.0026445138552917,-0.87347156,0.00457412201171182
coarse,15,lower,0.977496137215341,-0.0031479497349378,-0.84851456,0.004479224413502
coarse,15,lower,0.97365877960778,-0.00367603651208811,-0.82477564,0.00438062213926286
coarse,15,lower,0.969626472520444,-0.00422827171108713,-0.80346453,0.00426971694490751
coarse,15,lower,0.965400335611774,-0.00480412909900033,-0.78413272,0.00416520681530712
coarse,15,lower,0.960981584787615,-0.00540305992396063,-0.76665044,0.00408822432116895
coarse,15,lower,0.956371531874602,-0.00602449417197029,-0.75131553,0.00401266384190764
coarse,15,lower,0.951571584241887,-0.0066678418241111,-0.7381025,0.0039174532463404
coarse,15,lower,0.946583244370223,-0.00733249410545799,-0.72907072,0.00381731498331458
coarse,15,lower,0.941408109368443,-0.0080178247293057,-0.7255733,0.00365536098979583
coarse,15,lower,0.936047870435365,-0.00872319111752071,-0.72680622,0.00342568082919019
coarse,15,lower,0.930504312265842,-0.00944793558307916,-0.73810166,0.00316672504893302
coarse,15,lower,0.924779312401668,-0.0101913864825163,-0.79088503,0.00264314395756086
coarse,15,lower,0.918874840525771,-0.0109528593194621,-0.97240627,0.00352812110384129
coarse,15,lower,0.912792957699402,-0.0117316577924986,-0.40742502,0.00198478093299483
coarse,15,lower,0.906535815542246,-0.0125270747826018,-0.44629681,0.00299805462100508
coarse,15,lower,0.900105655355318,-0.01333839327322,-0.47834316,0.00346303151039499
coarse,15,lower,0.893504807186695,-0.0141648871968299,-0.49381772,0.00363448848493579
coarse,15,lower,0.886735688840318,-0.0150058222020007,-0.48814675,0.00360649686809146
coarse,15,lower,0.879800804828203,-0.015860456334103,-0.48342299,0.00369654830179706
coarse,15,lower,0.872702745266978,-0.0167280406343275,-0.47588515,0.00370043769858346
coarse,15,lower,0.865444184719282,-0.0176078196499324,-0.46744612,0.00369717694260059
coarse,15,lower,0.858027880980627,-0.0184990318424677,-0.45833194,0.0036934561537807
coarse,15,lower,0.850456673813291,-0.0194009099051218,-0.44783881,0.00366364245088
coarse,15,lower,0.84273348362856,-0.0203126809969665,-0.43776762,0.00365288251845305
coarse,15,lower,0.834861310118176,-0.0212335668705545,-0.42739224,0.00363412144930776
coarse,15,lower,0.826843230836849,-0.0221627839072916,-0.41743776,0.00362574519844154
coarse,15,lower,0.818682399737779,-0.0230995430783237,-0.40759417,0.00361102919911015
coarse,15,lower,0.810382045662354,-0.0240430497969924,-0.39775872,0.00359514644813132
coarse,15,lower,0.801945470786549,-0.0249925037042871,-0.38821745,0.0035819667540323
coarse,15,lower,0.793376049025827,-0.0259470983758973,-0.37866601,0.00356335496703011
coarse,15,lower,0.784677224400515,-0.0269060209439888,-0.36936736,0.00354751106622401
coarse,15,lower,0.77585250936436,-0.0278684516763157,-0.36018807,0.00352870792304923
coarse,15,lower,0.766905483098008,-0.0288335634732928,-0.35110018,0.0035110079173014
coarse,15,lower,0.757839789770361,-0.0298005213365561,-0.34211919,0.00349499043398434
coarse,15,lower,0.748659136769853,-0.030768481783605,-0.33336946,0.0034822364953536
coarse,15,lower,0.739367292908388,-0.0317365922357494,-0.32489264,0.00346883327313784
coarse,15,lower,0.729968086600483,-0.0327039903889016,-0.31638682,0.00345169856321206
coarse,15,lower,0.720465404019989,-0.03366980356037,-0.30827352,0.00344119847569026
coarse,15,lower,0.710863187237456,-0.0346331480571974,-0.3000105,0.00342150864071133
coarse,15,lower,0.701165432340052,-0.0355931285261165,-0.29199511,0.00341164087371773
coarse,15,lower,0.691376187537511,-0.0365488373575128,-0.28401268,0.00339893527327664
coarse,15,lower,0.681499551255784,-0.037499354092429,-0.27618051,0.00338893194224565
coarse,15,lower,0.671539670221773,-0.0384437448992948,-0.26828122,0.00337714292638831
coarse,15,lower,0.661500737540994,-0.0393810620887279,-0.26061532,0.00337241921655449
coarse,15,lower,0.651386990771004,-0.0403103437028654,-0.25297779,0.00336534108548286
coarse,15,lower,0.641202709992915,-0.0412306131882771,-0.24564271,0.0033634909417641
coarse,15,lower,0.630952215882843,-0.0421408791342427,-0.23828113,0.00335554334849502
coarse,15,lower,0.6206398677864,-0.0430401351521754,-0.23118347,0.0033528772317617
coarse,15,lower,0.610270061796826,-0.0439273598019275,-0.22401109,0.00334398863536782
coarse,15,lower,0.599847228840313,-0.0448015167022698,-0.21702166,0.00334075634131212
coarse,15,lower,0.589375832768783,-0.0456615547074709,-0.20993663,0.00333315957749486
coarse,15,lower,0.578860368462625,-0.0465064082532142,-0.20303909,0.0033313724067133
coarse,15,lower,0.568305359944564,-0.0473349978399712,-0.19605286,0.00332524866186094
coarse,15,lower,0.557715358505243,-0.048146230616983,-0.18925601,0.00332473926475465
coarse,15,lower,0.54709494084272,-0.0489390012074759,-0.18237425,0.00331939922230846
coarse,15,lower,0.536448707215121,-0.0497121925631884,-0.17567199,0.00331900204444966
coarse,15,lower,0.525781279608202,-0.0504646770863756,-0.16887666,0.00331378538792684
coarse,15,lower,0.515097299917544,-0.0511953178639478,-0.16219942,0.00331250793590021
coarse,15,lower,0.504401428145242,-0.0519029700077481,-0.1553901,0.00330781638911502
coarse,15,lower,0.493698340611257,-0.0525864822948359,-0.14866062,0.00330682124315879
coarse,15,lower,0.482992728178956,-0.0532446987759927,-0.14179914,0.00330164000056776
coarse,15,lower,0.47228929449379,-0.0538764606593836,-0.13500059,0.00330007813654798
coarse,15,lower,0.461592754234118,-0.0544806083908646,-0.12808955,0.00329592542141762
coarse,15,lower,0.450907831374559,-0.0550559836491052,-0.12118043,0.00329425914959096
coarse,15,lower,0.440239257457989,-0.0556014317118368,-0.1141104,0.00329001316818194
coarse,15,lower,0.429591769876069,-0.0561158039183794,-0.10699544,0.00328785136404673
coarse,15,lower,0.418970110158967,-0.0565979600061752,-0.099723913,0.00328320093586172
coarse,15,lower,0.408379022267632,-0.0570467708483153,-0.092435852,0.00328087814264845
coarse,15,lower,0.397823250889568,-0.057461121260772,-0.084946498,0.00327668549062437
coarse,15,lower,0.387307539740156,-0.0578399125639427,-0.077344187,0.00327406494855327
coarse,15,lower,0.376836629860555,-0.0581820655243694,-0.069513135,0.00326926689619222
coarse,15,lower,0.366415257913039,-0.0584865234341943,-0.061604157,0.00326644459720275
coarse,15,lower,0.356048154477512,-0.0587522549021999,-0.053486682,0.00326197209662494
coarse,15,lower,0.345740042344162,-0.0589782566371931,-0.045177847,0.00325925588125297
coarse,15,lower,0.335495634797326,-0.059163556594417,-0.03657452,0.00325413041913848
coarse,15,lower,0.325319633895633,-0.0593072170658223,-0.027819058,0.0032507548430852
coarse,15,lower,0.315216728751047,-0.059408337507945,-0.018824462,0.00324557936717726
coarse,15,lower,0.305191593804484,-0.0594660573778064,-0.00955611,0.00324203407819326
coarse,15,lower,0.295248887095755,-0.0594795567891301,7.3002921e-05,0.00323593437431458
coarse,15,lower,0.285393248534229,-0.0594480629866459,0.0099340761,0.00323124374721392
coarse,15,lower,0.275629298178298,-0.0593708517880299,0.020098181,0.00322481773449569
coarse,15,lower,0.265961634523601,-0.059247246992433,0.030646186,0.00321924820172573
coarse,15,lower,0.256394832807726,-0.0590766255797512,0.041581407,0.00321073603192686
coarse,15,lower,0.246933443340227,-0.0588584187412842,0.05275948,0.00320311349637936
coarse,15,lower,0.23758198986491,-0.0585921135889312,0.064441495,0.00319261329702166
coarse,15,lower,0.228344967969585,-0.0582772546732914,0.076494858,0.00318151188676094
coarse,15,lower,0.219226843559913,-0.0579134453278002,0.088934377,0.0031680120852667
coarse,15,lower,0.210232051411386,-0.0575003486339387,0.10189759,0.00315458454465978
coarse,15,lower,0.201364993821055,-0.0570376880820067,0.11549536,0.00313745124760396
coarse,15,lower,0.192630039383609,-0.0565252479108274,0.12952271,0.00312301344698852
coarse,15,lower,0.184031521920579,-0.0559628731046131,0.14410922,0.00310877804737061
coarse,15,lower,0.175573739596477,-0.055350469027875,0.15907864,0.00309226848248969
coarse,15,lower,0.167260954261577,-0.0546880006811346,0.1746078,0.00307134292657523
coarse,15,lower,0.159097391068087,-0.0539754915620337,0.19082537,0.00304614832808414
coarse,15,lower,0.151087238414746,-0.0532130221185397,0.20755523,0.00301902601070689
coarse,15,lower,0.143234648284923,-0.0524007277835189,0.22510125,0.00298774552631656
coarse,15,lower,0.135543737054512,-0.0515387965795198,0.24344134,0.00295336697841053
coarse,15,lower,0.128018586854398,-0.0506274662638768,0.26271012,0.00291651289934202
coarse,15,lower,0.120663247612665,-0.0496670210995778,0.2827071,0.00287731429507604
coarse,15,lower,0.11348173990595,-0.0486577882315396,0.30339253,0.00283413426159937
coarse,15,lower,0.106478058762824,-0.0476001336138741,0.32487071,0.00278499432614782
coarse,15,lower,0.0996561786003928,-0.0464944575419412,0.34788048,0.00272430809102359
coarse,15,lower,0.0930200595357018,-0.0453411899031473,0.37194824,0.00266995493275735
coarse,15,lower,0.0865736554272818,-0.0441407853810327,0.39704895,0.00261324377620753
coarse,15,lower,0.0803209238578864,-0.0428937184342277,0.42316836,0.00255181245802069
coarse,15,lower,0.0742658385170203,-0.0416004783930669,0.45042801,0.00248318791986516
coarse,15,lower,0.0684124046398824,-0.0402615652392725,0.47907951,0.00240435503324008
coarse,15,lower,0.0627646778647903,-0.0388774861215214,0.50925338,0.00231296696531675
coarse,15,lower,0.0573267874981136,-0.0374487536412281,0.54052544,0.00221062438046492
coarse,15,lower,0.0521029649926242,-0.0359758868851717,0.57358891,0.00207201947946998
coarse,15,lower,0.0470975784998978,-0.0344594166281709,0.60799247,0.00189812116493877
coarse,15,lower,0.0423151750340561,-0.0328998974236306,0.6439364,0.00169797985210721
coarse,15,lower,0.0377605309688087,-0.0312979298730056,0.68216723,0.00154713868449181
coarse,15,lower,0.0334387117443377,-0.0296541985519655,0.72198808,0.00149784021026821
coarse,15,lower,0.0293551410954677,-0.0279695338535706,0.76285034,0.00148505374546073
coarse,15,lower,0.0255156777066326,-0.0262450097559655,0.80577832,0.00144274467792761
coarse,15,lower,0.0219266934912441,-0.0244820954581588,0.84854889,0.00138317636845418
coarse,15,lower,0.0185951400121072,-0.0226828866855278,0.88937038,0.00129300680760714
coarse,15,lower,0.0155285752824633,-0.0208504521229615,0.92654026,0.00117112662903307
coarse,15,lower,0.0127350983762755,-0.018989339627794,0.96012843,0.000926580272943199
coarse,15,lower,0.010223099710297,-0.017106288574154,0.9845857,0.00053648544119804
coarse,15,lower,0.00800068080162397,-0.0152111726805538,0.99062598,9.06818846065807e-05
coarse,15,lower,0.00607454533711653,-0.0133181229128959,0.97622412,-0.000595084119803751
coarse,15,lower,0.00444816768139646,-0.0114466187910584,0.93831784,-0.00151036439522299
coarse,15,lower,0.00311921771732259,-0.00962209503809588,0.8708843,-0.00261870955334593
coarse,15,lower,0.00207665520573483,-0.0078754168966382,0.77450442,-0.00391106208005233
coarse,15,lower,0.00129851588683457,-0.0062407213725676,0.65370125,-0.00523659403406501
coarse,15,lower,0.00075171586328763,-0.00475181858957771,0.51788002,-0.00636979675531616
coarse,15,lower,0.000394636227191078,-0.00343829076934166,0.38463929,-0.00720273859452551
coarse,15,lower,0.000181897393463638,-0.00232278854637677,0.26174009,-0.00778671943860287
coarse,15,lower,6.96842567527901e-05,-0.00142037074597468,0.15711439,-0.00814340498882348
coarse,15,lower,2.00437851689345e-05,-0.000739623885471299,0.076165326,-0.00836824296900583
coarse,15,lower,3.52368860114567e-06,-0.000284635076866165,0.020715369,-0.00852951878583196
coarse,15,lower,2.25061982673352e-07,-5.69383385214105e-05,-0.010713571,-0.00844879651279791
coarse,15,upper,2.25061982673352e-07,5.69383385214105e-05,-0.022625213,0.00848209775713
coarse,15,upper,3.52368860114567e-06,0.000284635076866165,-0.06833449,0.00862252332494285
coarse,15,upper,2.00437851689345e-05,0.000739623885471299,-0.12034277,0.00851122773788482
coarse,15,upper,6.96842567527901e-05,0.00142037074597468,-0.19884713,0.00897845756085036
coarse,15,upper,0.000181897393463638,0.00232278854637677,-0.29439858,0.00953120432042205
coarse,15,upper,0.000394636227191078,0.00343829076934166,-0.39846176,0.0101232835271023
coarse,15,upper,0.00075171586328763,0.00475181858957771,-0.50011349,0.0105934622363566
coarse,15,upper,0.00129851588683457,0.0062407213725676,-0.59645736,0.0107138145597166
coarse,15,upper,0.00207665520573483,0.0078754168966382,-0.66210252,0.0102399050987634
coarse,15,upper,0.00311921771732259,0.00962209503809588,-0.69165498,0.00940392931864575
coarse,15,upper,0.00444816768139646,0.0114466187910584,-0.71540099,0.00872436288647461
coarse,15,upper,0.00607454533711653,0.0133181229128959,-0.70534903,0.00711635729246006
coarse,15,upper,0.00800068080162397,0.0152111726805538,-0.61178446,0.00608469056545338
coarse,15,upper,0.010223099710297,0.017106288574154,-0.58435583,0.00223981163226251
coarse,15,upper,0.0127350983762755,0.018989339627794,-0.7828021,0.00522617159361626
coarse,15,upper,0.0155285752824633,0.0208504521229615,-0.52614093,0.00168139362452094
coarse,15,upper,0.0185951400121072,0.0226828866855278,-0.36132643,0.00139561922400576
coarse,15,upper,0.0219266934912441,0.0244820954581588,-0.25842458,0.00162979615192338
coarse,15,upper,0.0255156777066326,0.0262450097559655,-0.14388868,0.000772653482352599
coarse,15,upper,0.0293551410954677,0.0279695338535706,-0.037722938,0.000268101961482608
coarse,15,upper,0.0334387117443377,0.0296541985519655,0.031525575,-0.000833963503373181
coarse,15,upper,0.0377605309688087,0.0312979298730056,0.062827006,-0.00111948745337198
coarse,15,upper,0.0423151750340561,0.0328998974236306,0.098849624,-0.00039295484735584
coarse,15,upper,0.0470975784998978,0.0344594166281709,0.079641655,-0.00013906755436312
coarse,15,upper,0.0521029649926242,0.0359758868851717,0.047869846,-0.000414613964066879
coarse,15,upper,0.0573267874981136,0.0374487536412281,0.033366218,-0.000563220881894765
coarse,15,upper,0.0627646778647903,0.0388774861215214,0.013755157,-0.000284354894217467
coarse,15,upper,0.0684124046398824,0.0402615652392725,-0.031637155,-7.0593676696834e-05
coarse,15,upper,0.0742658385170203,0.0416004783930669,-0.098986402,-0.000545946367246806
coarse,15,upper,0.0803209238578864,0.0428937184342277,-0.13741234,-0.00109539419900322
coarse,15,upper,0.0865736554272818,0.0441407853810327,-0.14590861,-0.00131302666054023
coarse,15,upper,0.0930200595357018,0.0453411899031473,-0.14253007,-0.00126294002380084
coarse,15,upper,0.0996561786003928,0.0464944575419412,-0.12659302,-0.00114845352632211
coarse,15,upper,0.106478058762824,0.0476001336138741,-0.11526617,-0.00109984071787904
coarse,15,upper,0.11348173990595,0.0486577882315396,-0.096624091,-0.00118392387026279
coarse,15,upper,0.120663247612665,0.0496670210995778,-0.06465055,-0.00134241810412386
coarse,15,upper,0.128018586854398,0.0506274662638768,-0.020555092,-0.00130631549362753
coarse,15,upper,0.135543737054512,0.0515387965795198,0.021378824,-0.00109395460601643
coarse,15,upper,0.143234648284923,0.0524007277835189,0.059143458,-0.000907535630929408
coarse,15,upper,0.151087238414746,0.0532130221185397,0.09068428,-0.000738204725647783
coarse,15,upper,0.159097391068087,0.0539754915620337,0.11425143,-0.000639119901041941
coarse,15,upper,0.167260954261577,0.0546880006811346,0.13665253,-0.000616536500060096
coarse,15,upper,0.175573739596477,0.055350469027875,0.16210914,-0.000627796069916983
coarse,15,upper,0.184031521920579,0.0559628731046131,0.19300322,-0.000554044705491225
coarse,15,upper,0.192630039383609,0.0565252479108274,0.21706754,-0.000370436090063228
coarse,15,upper,0.201364993821055,0.0570376880820067,0.23105684,-0.000159839350854488
coarse,15,upper,0.210232051411386,0.0575003486339387,0.23745205,-5.5939260256363e-05
coarse,15,upper,0.219226843559913,0.0579134453278002,0.23869273,2.9170754504142e-05
coarse,15,upper,0.228344967969585,0.0582772546732914,0.23641931,5.46867231524171e-05
coarse,15,upper,0.23758198986491,0.0585921135889312,0.2332689,6.75587411778249e-05
coarse,15,upper,0.246933443340227,0.0588584187412842,0.22967589,8.17508032418656e-05
coarse,15,upper,0.256394832807726,0.0590766255797512,0.22549666,0.000130286801820648
coarse,15,upper,0.265961634523601,0.059247246992433,0.21868378,0.000190011773084629
coarse,15,upper,0.275629298178298,0.0593708517880299,0.20790644,0.00028972306329988
coarse,15,upper,0.285393248534229,0.0594480629866459,0.19214796,0.000378976385697243
coarse,15,upper,0.295248887095755,0.0594795567891301,0.17312382,0.00045880272419047
coarse,15,upper,0.305191593804484,0.0594660573778064,0.15019961,0.000486817607044825
coarse,15,upper,0.315216728751047,0.059408337507945,0.12569827,0.000489778943341202
coarse,15,upper,0.325319633895633,0.0593072170658223,0.097118385,0.00046959885265916
coarse,15,upper,0.335495634797326,0.059163556594417,0.065680467,0.000478254398422747
coarse,15,upper,0.345740042344162,0.0589782566371931,0.03027969,0.000501561966616598
coarse,15,upper,0.356048154477512,0.0587522549021999,-0.0069564725,0.000559121330813627
coarse,15,upper,0.366415257913039,0.0584865234341943,-0.046804573,0.000568410540775755
coarse,15,upper,0.376836629860555,0.0581820655243694,-0.090794891,0.000471958558038165
coarse,15,upper,0.387307539740156,0.0578399125639427,-0.1382511,0.000331050091621641
coarse,15,upper,0.397823250889568,0.057461121260772,-0.18912752,0.000118637496725078
coarse,15,upper,0.408379022267632,0.0570467708483153,-0.243122,-6.22189241278364e-05
coarse,15,upper,0.418970110158967,0.0565979600061752,-0.30002785,-0.000310637038975129
coarse,15,upper,0.429591769876069,0.0561158039183794,-0.36028829,-0.000506866578196446
coarse,15,upper,0.440239257457989,0.0556014317118368,-0.42791402,-0.000763196226939514
coarse,15,upper,0.450907831374559,0.0550559836491052,-0.50247926,-0.00098247103959976
coarse,15,upper,0.461592754234118,0.0544806083908646,-0.58365238,-0.00126233638646029
coarse,15,upper,0.47228929449379,0.0538764606593836,-0.66847694,-0.00151420030831943
coarse,15,upper,0.482992728178956,0.0532446987759927,-0.75756234,-0.00180319149605048
coarse,15,upper,0.493698340611257,0.0525864822948359,-0.84798485,-0.00202463447032551
coarse,15,upper,0.504401428145242,0.0519029700077481,-0.94083798,-0.00228261223343883
coarse,15,upper,0.515097299917544,0.0511953178639478,-1.0327039,-0.00250291616718091
coarse,15,upper,0.525781279608202,0.0504646770863756,-1.125759,-0.00278629132773277
coarse,15,upper,0.536448707215121,0.0497121925631884,-1.2161827,-0.00302765693241888
coarse,15,upper,0.54709494084272,0.0489390012074759,-1.3064606,-0.00326045181511694
coarse,15,upper,0.557715358505243,0.048146230616983,-1.393056,-0.00341182637286108
coarse,15,upper,0.568305359944564,0.0473349978399712,-1.4784465,-0.00366986988245351
coarse,15,upper,0.578860368462625,0.0465064082532142,-1.5585235,-0.00386132810969547
coarse,15,upper,0.589375832768783,0.0456615547074709,-1.635937,-0.00410477809007932
coarse,15,upper,0.599847228840313,0.0448015167022698,-1.7073672,-0.0043216575183164
coarse,15,upper,0.610270061796826,0.0439273598019275,-1.7754622,-0.00454713400067577
coarse,15,upper,0.6206398677864,0.0430401351521754,-1.8374364,-0.00474754741748111
coarse,15,upper,0.630952215882843,0.0421408791342427,-1.8924432,-0.0048876033292973
coarse,15,upper,0.641202709992915,0.0412306131882771,-1.9484267,-0.00493393899652907
coarse,15,upper,0.651386990771004,0.0403103437028654,-1.9909862,-0.0050364128731419
coarse,15,upper,0.661500737540994,0.0393810620887279,-2.0306129,-0.00522924592571335
coarse,15,upper,0.671539670221773,0.0384437448992948,-2.0600219,-0.00534797421402924
coarse,15,upper,0.681499551255784,0.037499354092429,-2.0880032,-0.0054590673890843
coarse,15,upper,0.691376187537511,0.0365488373575128,-2.1045496,-0.00547862964810858
coarse,15,upper,0.701165432340052,0.0355931285261165,-2.1188169,-0.00555482128342538
coarse,15,upper,0.710863187237456,0.0346331480571974,-2.126246,-0.00557292575477285
coarse,15,upper,0.720465404019989,0.03366980356037,-2.1225674,-0.00559682118593616
coarse,15,upper,0.729968086600483,0.0327039903889016,-2.1212323,-0.00556291090914407
coarse,15,upper,0.739367292908388,0.0317365922357494,-2.10657,-0.00541939636795201
coarse,15,upper,0.748659136769853,0.030768481783605,-2.0876021,-0.00525092224256457
coarse,15,upper,0.757839789770361,0.0298005213365561,-2.0553596,-0.0046661172533577
coarse,15,upper,0.766905483098008,0.0288335634732928,-1.9953932,-0.00384580678978435
coarse,15,upper,0.77585250936436,0.0278684516763157,-2.0880923,-0.00203257381291505
coarse,15,upper,0.784677224400515,0.0269060209439888,-1.9665848,-0.000827809587605626
coarse,15,upper,0.793376049025827,0.0259470983758973,-1.8865272,-0.00396745917121818
coarse,15,upper,0.801945470786549,0.0249925037042871,-1.8590003,-0.00489221739035376
coarse,15,upper,0.810382045662354,0.0240430497969924,-1.8185819,-0.00506385282854829
coarse,15,upper,0.818682399737779,0.0230995430783237,-1.7720304,-0.00505844958046577
coarse,15,upper,0.826843230836849,0.0221627839072916,-1.7244526,-0.00496923640846381
coarse,15,upper,0.834861310118176,0.0212335668705545,-1.6734585,-0.00486704474561583
coarse,15,upper,0.84273348362856,0.0203126809969665,-1.621593,-0.00465799931913598
coarse,15,upper,0.850456673813291,0.0194009099051218,-1.5695039,-0.00447751412982309
coarse,15,upper,0.858027880980627,0.0184990318424677,-1.5160332,-0.00430931871423389
coarse,15,upper,0.865444184719282,0.0176078196499324,-1.4642355,-0.00417663212289187
coarse,15,upper,0.872702745266978,0.0167280406343275,-1.4135605,-0.00402983728773941
coarse,15,upper,0.879800804828203,0.015860456334103,-1.365065,-0.00380607944093364
coarse,15,upper,0.886735688840318,0.0150058222020007,-1.3178544,-0.00371863504082746
coarse,15,upper,0.893504807186695,0.0141648871968299,-1.2748625,-0.00354011515052532
coarse,15,upper,0.900105655355318,0.01333839327322,-1.2327416,-0.00341229228135925
coarse,15,upper,0.906535815542246,0.0125270747826018,-1.1976768,-0.00325220969486032
coarse,15,upper,0.912792957699402,0.0117316577924986,-1.1614169,-0.00304486950465629
coarse,15,upper,0.918874840525771,0.0109528593194621,-1.1331321,-0.00283527427797843
coarse,15,upper,0.924779312401668,0.0101913864825163,-1.1067785,-0.00263677293815999
coarse,15,upper,0.930504312265842,0.00944793558307916,-1.086642,-0.00239982953024838
coarse,15,upper,0.936047870435365,0.00872319111752071,-1.069082,-0.00220424573775833
coarse,15,upper,0.941408109368443,0.0080178247293057,-1.057632,-0.00193519386451096
coarse,15,upper,0.946583244370223,0.00733249410545799,-1.0495989,-0.00172911257643557
coarse,15,upper,0.951571584241887,0.0066678418241111,-1.0458134,-0.00145402598303072
coarse,15,upper,0.956371531874602,0.00602449417197029,-1.0461751,-0.00119995394565107
coarse,15,upper,0.960981584787615,0.00540305992396063,-1.0494769,-0.000924284385003274
coarse,15,upper,0.965400335611774,0.00480412909900033,-1.057258,-0.000668787718732459
coarse,15,upper,0.969626472520444,0.00422827171108713,-1.0666637,-0.000342287149038396
coarse,15,upper,0.97365877960778,0.00367603651208811,-1.0789611,-9.99407526455836e-05
coarse,15,upper,0.977496137215341,0.0031479497349378,-1.0912834,0.000218830895998988
coarse,15,upper,0.981137522209381,0.0026445138552917,-1.1078265,0.000405879710224541
coarse,15,upper,0.984582008209659,0.00216620637615092,-1.1190529,0.000825870427075797
coarse,15,upper,0.987828765770541,0.00171347863876904,-1.1408371,0.000991415862709289
coarse,15,upper,0.990877062516967,0.00128675467796401,-1.1465368,0.00139290337820753
coarse,15,upper,0.993726263235474,0.000886430119936151,-1.1761844,0.00155500412780425
coarse,15,upper,0.996375829922689,0.000512871137992809,-1.1641374,0.00200795851463483
coarse,15,upper,0.998825321792284,0.000166413470205039,-1.2154754,0.00278720993665358
fine,0,lower,0.999427263443135,-8.11994951548875e-05,0.23159875,0.000463323016249151
fine,0,lower,0.998256912435561,-0.000247000844718127,0.23114026,0.000774473571788967
fine,0,lower,0.997036825369642,-0.000419588575908658,0.22075033,0.000761638920943289
fine,0,lower,0.995767044697863,-0.000598925036478492,0.21787275,0.000899177591191059
fine,0,lower,0.994447618860951,-0.000784970628039055,0.21030477,0.000924178175185794
fine,0,lower,0.993078602289334,-0.000977683831702653,0.2062567,0.00100406889167806
fine,0,lower,0.991660055404463,-0.0011770212382823,0.20017254,0.00103688324472562
fine,0,lower,0.990192044619097,-0.00138293757636621,0.19573011,0.0010913694958957
fine,0,lower,0.988674642337001,-0.00159538574164997,0.19040285,0.00112528302244414
fine,0,lower,0.987107926952331,-0.00181431682968467,0.18584825,0.00116780169078409
fine,0,lower,0.985491982848117,-0.00203968016752339,0.18091306,0.00120086416506254
fine,0,lower,0.98382690039408,-0.00227142334612394,0.17635101,0.00123713593877762
fine,0,lower,0.982112775943877,-0.00250949225422228,0.17163491,0.00126879434110329
fine,0,lower,0.980349711831651,-0.00275383111280846,0.16710663,0.00130140840115945
fine,0,lower,0.978537816368108,-0.00300438251206243,0.16252615,0.00133160780279122
fine,0,lower,0.976677203835549,-0.00326108744602833,0.1580478,0.00136184763127101
fine,0,lower,0.974767994482245,-0.00352388534822293,0.15356299,0.00139068860938588
fine,0,lower,0.972810314516298,-0.00379271412944584,0.14914113,0.00141921937879446
fine,0,lower,0.970804296098539,-0.00406751021395228,0.14473353,0.00144683379407835
fine,0,lower,0.968750077335155,-0.00434820858017363,0.14037138,0.00147401828470563
fine,0,lower,0.966647802269113,-0.00463474279784747,0.13603313,0.00150052409163123
fine,0,lower,0.964497620870614,-0.00492704506314265,0.13173291,0.00152657197646185
fine,0,lower,0.962299689027534,-0.00522504624113991,0.12746134,0.00155206453831399
fine,0,lower,0.960054168534595,-0.00552867590370136,0.12322488,0.00157710591276253
fine,0,lower,0.957761227081458,-0.00583786236460918,0.11901961,0.00160166206812188
fine,0,lower,0.955421038240968,-0.00615253272398563,0.11484852,0.00162578553915053
fine,0,lower,0.953033781455749,-0.00647261290421615,0.11071008,0.00164946948398309
fine,0,lower,0.950599642023899,-0.00679802768464341,0.10660575,0.00167274367732765
fine,0,lower,0.948118811084712,-0.00712870074486258,0.10253508,0.00169560880232214
fine,0,lower,0.94559148560307,-0.00746455470269291,0.098498702,0.00171805569290781
fine,0,lower,0.943017868352757,-0.00780551114899385,0.094496198,0.00174001621295161
fine,0,lower,0.940398167899169,-0.00815149068445442,0.090528011,0.00176160502898284
fine,0,lower,0.937732598581325,-0.00850241295772657,0.086594008,0.00178282011709188
fine,0,lower,0.935021380492875,-0.00885819670133845,0.082693994,0.00180361654046785
fine,0,lower,0.932264739462257,-0.00921875976700932,0.078827731,0.0018240367878069
fine,0,lower,0.929462907031992,-0.00958401916032711,0.074995115,0.00184413165891143
fine,0,lower,0.926616120437118,-0.00995389107471873,0.0711959,0.00186391089445006
fine,0,lower,0.923724622582755,-0.0103282909246466,0.067429878,0.00188338345864265
fine,0,lower,0.920788662020803,-0.0107071333779688,0.063696809,0.00190255763211507
fine,0,lower,0.917808492925766,-0.0110903323874042,0.059996456,0.0019214410602758
fine,0,lower,0.914784375069696,-0.0114778012210464,0.056328528,0.00194003980194348
fine,0,lower,0.911716573796268,-0.0118694524918738,0.052692618,0.00195834817925923
fine,0,lower,0.908605359993972,-0.0122651981862062,0.049088147,0.00197633625217996
fine,0,lower,0.905451010068437,-0.0126649496910606,0.045514558,0.0019940635881936
fine,0,lower,0.902253805913871,-0.0130686178203626,0.041971292,0.0020115413015607
fine,0,lower,0.899014034883637,-0.0134761128399716,0.038457736,0.00202877746976498
fine,0,lower,0.89573198975995,-0.0138873444914826,0.034973308,0.00204578017953491
fine,0,lower,0.892407968722706,-0.0143022220146313,0.03151745,0.00206255788269157
fine,0,lower,0.889042275317422,-0.0147206541676457,0.028089635,0.00207911808510363
fine,0,lower,0.885635218422375,-0.0151425492479003,0.024689365,0.00209546753551501
fine,0,lower,0.88218711221491,-0.0155678151115532,0.021316156,0.0021116119107239
fine,0,lower,0.878698276136811,-0.0159963591901566,0.017969454,0.00212755643597344
fine,0,lower,0.875169034858865,-0.01642808850631,0.0146486,0.0021433076639358
fine,0,lower,0.871599718244588,-0.01686290968807,0.011352895,0.00215887208878487
fine,0,lower,0.867990661313107,-0.0173007289809659,0.0080816047,0.00217425694950947
fine,0,lower,0.864342204201227,-0.0177414522588384,0.0048339413,0.0021894689836767
fine,0,lower,0.860654692124778,-0.0181849850362608,0.0016091579,0.00220451038209132
fine,0,lower,0.856928475339095,-0.0186312324779317,-0.0015936112,0.00221937620216559
fine,0,lower,0.85316390909866,-0.0190800994045582,-0.0047750967,0.00223406036576203
fine,0,lower,0.849361353615995,-0.0195314902981593,-0.0079359822,0.00224860317712576
fine,0,lower,0.845521174019744,-0.019985309304146,-0.011076711,0.00226301192271177
fine,0,lower,0.841643740312116,-0.0204414602366891,-0.014197739,0.00227728947941115
fine,0,lower,0.837729427325546,-0.0208998465828833,-0.01729955,0.00229143846429768
fine,0,lower,0.833778614678553,-0.0213603715008897,-0.020382838,0.002305462942841
fine,0,lower,0.829791686730887,-0.0218229378172329,-0.023448331,0.00231936868155081
fine,0,lower,0.825769032537967,-0.0222874480218892,-0.026496788,0.00233316075670201
fine,0,lower,0.821711045804721,-0.0227538042681811,-0.029529108,0.00234684467338713
fine,0,lower,0.817618124838718,-0.0232219083700736,-0.032546312,0.00236042928720975
fine,0,lower,0.813490672502561,-0.0236916617928882,-0.03554919,0.00237392356865347
fine,0,lower,0.809329096165623,-0.0241629656419244,-0.0385384,0.00238733504036529
fine,0,lower,0.805133807655239,-0.0246357206549599,-0.041514274,0.00240066944753659
fine,0,lower,0.800905223207307,-0.0251098271975098,-0.044477057,0.00241392800144099
fine,0,lower,0.796643763416225,-0.0255851852504623,-0.047427062,0.00242710920058734
fine,0,lower,0.792349853184199,-0.0260616943938566,-0.050365001,0.00244021272945553
fine,0,lower,0.788023921670025,-0.0265392537916389,-0.053291705,0.00245324780188616
fine,0,lower,0.783666402237418,-0.0270177621837479,-0.056207832,0.00246621731882727
fine,0,lower,0.779277732402766,-0.0274971178734319,-0.059114762,0.00247912941618108
fine,0,lower,0.774858353782288,-0.0279772187061971,-0.062013134,0.00249199442452295
fine,0,lower,0.770408712038704,-0.0284579620489362,-0.064903907,0.0025048196534355
fine,0,lower,0.765929256827567,-0.0289392447790755,-0.067787252,0.00251761233576784
fine,0,lower,0.761420441743127,-0.0294209632716653,-0.07066346,0.00253037391806608
fine,0,lower,0.756882724263623,-0.02990301337522,-0.073532447,0.00254310425705333
fine,0,lower,0.752316565696159,-0.0303852903867061,-0.076394722,0.00255580081849317
fine,0,lower,0.747722431121335,-0.03086768903874,-0.079251014,0.0025684671844698
fine,0,lower,0.743100789337521,-0.0313501034869574,-0.082102232,0.00258110478687371
fine,0,lower,0.738452112804602,-0.0318324272842051,-0.084949717,0.002593705226804
fine,0,lower,0.733776877587357,-0.0323145533527248,-0.087794028,0.00260627755982536
fine,0,lower,0.729075563298719,-0.0327963739707628,-0.090636022,0.00261884929392207
fine,0,lower,0.724348653042764,-0.0332777807612168,-0.093475789,0.00263142651425533
fine,0,lower,0.719596633357226,-0.0337586646654352,-0.096313544,0.0026440120880219
fine,0,lower,0.714819994155702,-0.0342389159139251,-0.099148907,0.00265660277414695
fine,0,lower,0.710019228669843,-0.0347184240138413,-0.10198246,0.00266919672290153
fine,0,lower,0.7051948333914,-0.0351970777402143,-0.10481478,0.0026817926411291
fine,0,lower,0.700347308013817,-0.0356747651106372,-0.10764772,0.00269440347525955
fine,0,lower,0.695477155373567,-0.0361513733558095,-0.11048137,0.00270704064748567
fine,0,lower,0.690584881391618,-0.0366267889092781,-0.11331674,0.00271970639158039
fine,0,lower,0.685670995014824,-0.0371008974027482,-0.1161539,0.00273240860513442
fine,0,lower,0.680736008156922,-0.0375735836431121,-0.11899309,0.00274514864000242
fine,0,lower,0.675780435639326,-0.0380447315840897,-0.12183412,0.00275793255693265
fine,0,lower,0.670804795132143,-0.0385142243193022,-0.12467624,0.00277074496918895
fine,0,lower,0.665809607095244,-0.0389819440833024,-0.12752151,0.0027835897426194
fine,0,lower,0.660795394718956,-0.0394477722326719,-0.1303703,0.00279648276579969
fine,0,lower,0.655762683864618,-0.0399115892200117,-0.13322358,0.00280942997621078
fine,0,lower,0.650712003005445,-0.0403732745908578,-0.13608132,0.0028224355590201
fine,0,lower,0.645643883167539,-0.0408327069921167,-0.13894413,0.00283550217626127
fine,0,lower,0.6405588578706,-0.0412897641593496,-0.14181206,0.0028486399897729
fine,0,lower,0.635457463068517,-0.0417443228945662,-0.14468408,0.00286184179202116
fine,0,lower,0.630340237090331,-0.0421962590664833,-0.14756092,0.00287510031182076
fine,0,lower,0.625207720581455,-0.0426454476278843,-0.15044349,0.00288842627438254
fine,0,lower,0.620060456444663,-0.0430917626118143,-0.15333235,0.00290182783596379
fine,0,lower,0.614898989781013,-0.0435350771153955,-0.15622777,0.00291530973630074
fine,0,lower,0.609723867831095,-0.0439752633011674,-0.15913005,0.00292887402742231
fine,0,lower,0.604535639916685,-0.0444121924242214,-0.16203959,0.00294252974388315
fine,0,lower,0.599334857382283,-0.044845734841725,-0.16495554,0.00295628006172579
fine,0,lower,0.594122073536565,-0.0452757600042615,-0.16787744,0.00297011182232106
fine,0,lower,0.588897843594143,-0.0457021364562889,-0.17080644,0.00298402922128356
fine,0,lower,0.583662724617801,-0.0461247318722064,-0.17374271,0.00299804180718862
fine,0,lower,0.578417275460772,-0.0465434130839028,-0.17668687,0.00301215434580595
fine,0,lower,0.573162056708929,-0.0469580460807261,-0.17963889,0.00302637141896145
fine,0,lower,0.567897630623219,-0.0473684960103812,-0.18259919,0.00304070043865404
fine,0,lower,0.562624561082607,-0.0477746272194183,-0.18556684,0.00305514801135822
fine,0,lower,0.557343413527204,-0.0481763033008115,-0.1885405,0.00306969497567965
fine,0,lower,0.552054754901314,-0.0485733871061627,-0.19152203,0.00308434467671098
fine,0,lower,0.546759153596754,-0.0489657407541994,-0.19451098,0.00309910605773559
fine,0,lower,0.541457179396544,-0.0493532256639887,-0.19750819,0.00311393780878577
fine,0,lower,0.536149403418895,-0.0497357026197661,-0.20051354,0.00312889129835747
fine,0,lower,0.53083639806125,-0.0501130318066195,-0.20352721,0.00314398622938734
fine,0,lower,0.525518736944517,-0.0504850728317901,-0.20654576,0.0031591999065304
fine,0,lower,0.520196994857623,-0.0508516847441262,-0.20957179,0.00317452434659534
fine,0,lower,0.514871747702341,-0.0512127261030181,-0.21260433,0.00318996878929883
fine,0,lower,0.50954357243827,-0.0515680550507916,-0.21564494,0.00320555026568919
fine,0,lower,0.504213047027984,-0.0519175293415343,-0.21869159,0.00322127947085273
fine,0,lower,0.49888075038248,-0.0522610063744591,-0.22174658,0.00323717991630931
fine,0,lower,0.493547262306903,-0.0525983432354698,-0.22480515,0.00325315588698715
fine,0,lower,0.488213163446309,-0.0529293967894524,-0.22786959,0.00326926263777149
fine,0,lower,0.482879035231622,-0.0532540237508462,-0.23093913,0.00328551787453093
fine,0,lower,0.477545459825886,-0.0535720807220011,-0.23401491,0.00330191426923207
fine,0,lower,0.472213020070824,-0.0538834242333838,-0.23709585,0.00331846226722678
fine,0,lower,0.466882299433485,-0.0541879108059832,-0.24018243,0.00333518105399013
fine,0,lower,0.461553881952763,-0.0544853970604464,-0.24326921,0.00335203403229378
fine,0,lower,0.456228352186226,-0.0547757397883952,-0.24636093,0.00336901582089733
fine,0,lower,0.45090629515726,-0.0550587960033719,-0.24945502,0.00338615732338235
fine,0,lower,0.445588296302447,-0.055334422992399,-0.25255308,0.00340344891880705
fine,0,lower,0.440274941419001,-0.0556024783808428,-0.25565407,0.00342091902896097
fine,0,lower,0.43496681661177,-0.0558628202560179,-0.25875467,0.00343854520872233
fine,0,lower,0.429664508240588,-0.0561153072552499,-0.26185536,0.00345630849076235
fine,0,lower,0.424368602868071,-0.0563597986200675,-0.26495662,0.00347422700253749
fine,0,lower,0.419079687207366,-0.0565961542685515,-0.26805812,0.00349230866744844
fine,0,lower,0.413798348070288,-0.0568242348422209,-0.27115965,0.00351056412229421
fine,0,lower,0.408525172314609,-0.0570439018320186,-0.27425885,0.00352899644108532
fine,0,lower,0.403260746791356,-0.0572550177042769,-0.27735326,0.00354757040643991
fine,0,lower,0.398005658292937,-0.0574574459542671,-0.28044561,0.00356629811540223
fine,0,lower,0.392760493500982,-0.057651051189172,-0.28353387,0.0035851985231312
fine,0,lower,0.387525838934417,-0.0578356991929686,-0.28661892,0.00360427637596036
fine,0,lower,0.382302280897549,-0.058011256989101,-0.28969744,0.00362353989714648
fine,0,lower,0.377090405427021,-0.0581775929922929,-0.29276717,0.00364294637446737
fine,0,lower,0.371890798239155,-0.0583345771256185,-0.29583082,0.00366251481966763
fine,0,lower,0.366704044678064,-0.0584820808728462,-0.29888597,0.0036822607657052
fine,0,lower,0.361530729663225,-0.0586199773697825,-0.30193388,0.00370219695735071
fine,0,lower,0.356371437637146,-0.0587481414822167,-0.30496871,0.00372230903189554
fine,0,lower,0.351226752513434,-0.0588664498352309,-0.30799201,0.00374256455530684
fine,0,lower,0.346097257623404,-0.0589747809657068,-0.31100342,0.0037629607239585
fine,0,lower,0.340983535662638,-0.059073015480697,-0.31400201,0.00378349239447293
fine,0,lower,0.335886168638778,-0.0591610360991474,-0.31698823,0.00380423299279754
fine,0,lower,0.330805737818754,-0.0592387277371635,-0.31995353,0.0038251260081036
fine,0,lower,0.325742823675857,-0.0593059776050374,-0.32290527,0.00384617426749098
fine,0,lower,0.320698005836892,-0.0593626752882222,-0.32583758,0.00386741273231926
fine,0,lower,0.315671863029846,-0.0594087126972483,-0.32875386,0.00388884432855696
fine,0,lower,0.310664973030045,-0.059443984227414,-0.33164597,0.00391045787986528
fine,0,lower,0.305677912606249,-0.059468386982621,-0.33451757,0.00393221450875032
fine,0,lower,0.300711257468216,-0.0594818220310429,-0.3373661,0.00395416864397512
fine,0,lower,0.295765582213796,-0.0594841900197057,-0.34019151,0.00397633497532967
fine,0,lower,0.29084146027596,-0.0594753957528799,-0.34298998,0.00399863810714831
fine,0,lower,0.285939463869944,-0.0594553497802058,-0.34576055,0.00402114908191501
fine,0,lower,0.281060163940522,-0.0594239629790871,-0.34850317,0.00404382785918659
fine,0,lower,0.276204130110042,-0.0593811497510051,-0.3512165,0.00406669694919592
fine,0,lower,0.271371930626009,-0.0593268277811622,-0.35389856,0.00408976428520604
fine,0,lower,0.266564132308093,-0.0592609178818113,-0.35654613,0.00411301194482661
fine,0,lower,0.261781300496601,-0.0591833441270455,-0.35915959,0.0041364333134027
fine,0,lower,0.257023999001701,-0.0590940339559543,-0.36173776,0.00416005371093748
fine,0,lower,0.252292790052729,-0.0589929182132441,-0.36427793,0.0041838728051139
fine,0,lower,0.247588234248092,-0.0588799311958944,-0.36677808,0.0042078807208405
fine,0,lower,0.242910890505882,-0.0587550106995832,-0.36923659,0.00423206606659081
fine,0,lower,0.238261316015277,-0.0586180980627014,-0.37165433,0.00425646258254635
fine,0,lower,0.233640066188854,-0.0584691382070283,-0.3740254,0.00428106358596078
fine,0,lower,0.229047694615957,-0.0583080796745695,-0.3763504,0.00430585042831295
fine,0,lower,0.224484753017222,-0.0581348746602447,-0.3786262,0.00433082931108665
fine,0,lower,0.219951791200633,-0.0579494790445185,-0.38085434,0.00435603004953769
fine,0,lower,0.215449357018931,-0.057751852416926,-0.38302779,0.00438144657461541
fine,0,lower,0.210977996328112,-0.0575419580832328,-0.38514715,0.00440704953266879
fine,0,lower,0.206538252948208,-0.0573197630803031,-0.38721037,0.00443286885101685
fine,0,lower,0.202130668626517,-0.0570852381930454,-0.38921607,0.00445891842282359
fine,0,lower,0.197755783002787,-0.0568383579578721,-0.39115936,0.00448518777047646
fine,0,lower,0.193414133576944,-0.0565791006607772,-0.39303905,0.00451165214024632
fine,0,lower,0.18910625567959,-0.0563074483299427,-0.39485589,0.00453836349447097
fine,0,lower,0.184832682445579,-0.056023386722724,-0.39660257,0.00456530948342728
fine,0,lower,0.180593944790959,-0.0557269053068746,-0.39827806,0.00459235829966342
fine,0,lower,0.176390571393636,-0.0554179972358802,-0.39988253,0.0046196478948303
fine,0,lower,0.172223088678104,-0.0550966593182821,-0.4014101,0.00464720249446279
fine,0,lower,0.168092020804644,-0.0547628919808782,-0.40285796,0.00467498264321712
fine,0,lower,0.163997889663413,-0.0544166992256979,-0.40422603,0.00470302232912319
fine,0,lower,0.159941214873879,-0.0540580885806618,-0.40550756,0.00473133839844901
fine,0,lower,0.155922513790129,-0.05368707104384,-0.40669903,0.00475989411950109
fine,0,lower,0.15194230151256,-0.0533036610212447,-0.4077985,0.00478867746253145
fine,0,lower,0.148001090906592,-0.052907876258097,-0.40880802,0.00481782432403561
fine,0,lower,0.144099392629009,-0.0524997377635306,-0.40970543,0.00484714096534224
fine,0,lower,0.140237715162666,-0.0520792697287094,-0.41051903,0.00487685309780942
fine,0,lower,0.136416564860327,-0.0516464994383559,-0.41120014,0.00490677170735218
fine,0,lower,0.132636445998474,-0.0512014571757156,-0.41179755,0.00493706311877601
fine,0,lower,0.128897860842018,-0.0507441761210048,-0.41224781,0.00496762465344025
fine,0,lower,0.1252013097204,-0.050274692241256,-0.41260386,0.00499851518074181
fine,0,lower,0.121547291115937,-0.0497930441715631,-0.41280851,0.00502977947009021
fine,0,lower,0.117936301768958,-0.049299273101223,-0.41289598,0.00506127232290191
fine,0,lower,0.114368836798382,-0.0487934226520085,-0.4128353,0.00509309640064922
fine,0,lower,0.110845389837248,-0.0482755387416847,-0.41261503,0.00512539380714904
fine,0,lower,0.107366453187792,-0.0477456694465199,-0.41227177,0.00515799125583574
fine,0,lower,0.103932517997052,-0.0472038648592888,-0.41171876,0.00519086260146677
fine,0,lower,0.100544074454949,-0.046650176943068,-0.41105425,0.00522418473451824
fine,0,lower,0.0972016120169942,-0.046084659381542,-0.41013798,0.00525782114840299
fine,0,lower,0.0939056196537371,-0.0455073674259858,-0.40910834,0.00529182602501297
fine,0,lower,0.0906565861207428,-0.044918357722809,-0.40779638,0.00532626351454876
fine,0,lower,0.0874550002725838,-0.0443176881685985,-0.40634629,0.00536086328441924
fine,0,lower,0.0843013514228268,-0.0437054177839662,-0.4046075,0.00539612360761949
fine,0,lower,0.0811961297290084,-0.0430816065559924,-0.40266576,0.00543125889843947
fine,0,lower,0.0781398266201929,-0.0424463152870628,-0.40045661,0.00546722707267514
fine,0,lower,0.075132935272358,-0.0417996054556523,-0.39794928,0.00550287001399587
fine,0,lower,0.0721759511131432,-0.041141539063182,-0.39519525,0.00553913831675386
fine,0,lower,0.0692693724281694,-0.0404721785587128,-0.39204746,0.00557517733976697
fine,0,lower,0.0664137010443729,-0.0397915867935144,-0.38865817,0.00561133156206997
fine,0,lower,0.0636094430390786,-0.0390998269411438,-0.3848443,0.00564828125422566
fine,0,lower,0.0608571094946389,-0.0383969624376716,-0.3806459,0.00568425111094871
fine,0,lower,0.058157217375885,-0.0376830570146142,-0.37605274,0.00572030983213074
fine,0,lower,0.0555102905763045,-0.0369581748486856,-0.37097651,0.00575607438716084
fine,0,lower,0.0529168609935154,-0.0362223807102954,-0.36541077,0.00579133557622812
fine,0,lower,0.0503774695965052,-0.0354757401345172,-0.35932693,0.00582690130875582
fine,0,lower,0.0478926677981039,-0.0347183198367223,-0.35264874,0.00586274575963805
fine,0,lower,0.045463018997971,-0.0339501882767076,-0.34529984,0.00589777055692038
fine,0,lower,0.043089099953065,-0.0331714162278183,-0.33731493,0.00593264671971363
fine,0,lower,0.0407715025537236,-0.0323820777031621,-0.32853934,0.00596752733528293
fine,0,lower,0.0385108358428249,-0.0315822511757917,-0.3189413,0.00600147251706942
fine,0,lower,0.0363077277526268,-0.030772020947683,-0.30842385,0.00603468867868627
fine,0,lower,0.0341628274520126,-0.0299514790901282,-0.29690593,0.00606677412829848
fine,0,lower,0.0320768076283272,-0.0291207278119,-0.28428459,0.00609749197336087
fine,0,lower,0.0300503667500977,-0.0282798823745369,-0.27044994,0.00612642340199712
fine,0,lower,0.0280842317905631,-0.0274290748610235,-0.25527653,0.0061530940778108
fine,0,lower,0.026179160444453,-0.0265684587101261,-0.2386267,0.0061766935511189
fine,0,lower,0.0243359437809544,-0.0256982144594362,-0.22034784,0.00619628216480064
fine,0,lower,0.0225554082589687,-0.0248185567408117,-0.20027097,0.00621077345473856
fine,0,lower,0.0208384176427227,-0.0239297429232617,-0.17821436,0.00621786014037237
fine,0,lower,0.0191858739950746,-0.0230320836509978,-0.15397251,0.0062134105076834
fine,0,lower,0.0175987177677219,-0.0221259556718906,-0.12735981,0.00619220352153904
fine,0,lower,0.0160779262259276,-0.0212118173300546,-0.098134205,0.00614880368898572
fine,0,lower,0.0146245095933543,-0.0202902271149216,-0.066059023,0.00607775126878789
fine,0,lower,0.0132395042055779,-0.0193618656803866,-0.030859228,0.00596469245589148
fine,0,lower,0.0119239610849052,-0.0184275615481825,0.0075622746,0.00576871761707373
fine,0,lower,0.0106789292756947,-0.0174883207161712,0.04898357,0.00544551645339439
fine,0,lower,0.00950543151429857,-0.0165453598459216,0.093399793,0.00506106382745941
fine,0,lower,0.00840443089411759,-0.0156001423921444,0.1416754,0.00481188055269605
fine,0,lower,0.00737678714293788,-0.0146544163469909,0.19445491,0.00475772844785468
fine,0,lower,0.00642319910487262,-0.0137102508584613,0.25088698,0.00479179567903139
fine,0,lower,0.00554413520140024,-0.0127700686887599,0.3103722,0.00484106594717487
fine,0,lower,0.00473975139799424,-0.0118366695513522,0.37258813,0.00487067530199715
fine,0,lower,0.00400979702808926,-0.010913238109221,0.43672234,0.00486239652787823
fine,0,lower,0.00335351771825044,-0.0100033312311946,0.50185001,0.00480779202495295
fine,0,lower,0.00276956221074708,-0.00911083874904511,0.56679362,0.00470002126598572
fine,0,lower,0.00225590204232148,-0.0082399139650997,0.63027132,0.00453607367852818
fine,0,lower,0.00180978297086035,-0.00739487595848944,0.69093949,0.00431562864823862
fine,0,lower,0.00142771307738554,-0.00658008771027276,0.74753141,0.00404246407263303
fine,0,lower,0.00110549927627868,-0.00579982140424993,0.7989555,0.00372394688170469
fine,0,lower,0.00083833566825086,-0.0050581253719109,0.84440666,0.00337041345615229
fine,0,lower,0.000620933838110866,-0.0043587065073692,0.88342029,0.00299375739230811
fine,0,lower,0.000447687500963426,-0.00370484165683518,0.91589475,0.00260660338766458
fine,0,lower,0.000312847788522132,-0.00309932420692239,0.9420594,0.0022215908718613
fine,0,lower,0.000210704693377692,-0.00254444928841333,0.9624213,0.001849313492337
fine,0,lower,0.000135746984099594,-0.00204203167957938,0.97766155,0.00149945642608627
fine,0,lower,8.27955325831746e-05,-0.00159344929082073,0.98860037,0.00117791635515888
fine,0,lower,4.71086376257667e-05,-0.00119970379373502,0.99603045,0.000892215341453139
fine,0,lower,2.4465302600727e-05,-0.00086148878922586,1.0008124,0.000641611945388977
fine,0,lower,1.12081653548033e-05,-0.000579257891339302,1.0035871,0.000434841592486409
fine,0,lower,4.28740496262055e-06,-0.000353287907726335,1.005092,0.000262518113696027
fine,0,lower,1.25783933081884e-06,-0.000183733491756736,1.0057124,0.000138846142968176
fine,0,lower,2.40258955286364e-07,-7.06715955095464e-05,1.0059448,4.77218778379768e-05
fine,0,lower,1.77747907301359e-08,-1.41349091874438e-05,1.0059699,7.76263824633184e-06
fine,0,upper,1.77747907301359e-08,1.41349091874438e-05,1.0059699,7.76351613877006e-06
fine,0,upper,2.40258955286364e-07,7.06715955095464e-05,1.0059448,4.77227607529765e-05
fine,0,upper,1.25783933081884e-06,0.000183733491756736,1.0057124,0.000138847057890945
fine,0,upper,4.28740496262055e-06,0.000353287907726335,1.005092,0.000262519028786262
fine,0,upper,1.12081653548033e-05,0.000579257891339302,1.0035871,0.000434842564377532
fine,0,upper,2.4465302600727e-05,0.00086148878922586,1.0008124,0.000641612886857174
fine,0,upper,4.71086376257667e-05,0.00119970379373502,0.99603045,0.000892216284378755
fine,0,upper,8.27955325831746e-05,0.00159344929082073,0.98860037,0.00117791729977084
fine,0,upper,0.000135746984099594,0.00204203167957938,0.97766155,0.00149945731302449
fine,0,upper,0.000210704693377692,0.00254444928841333,0.96242124,0.00184931444420838
fine,0,upper,0.000312847788522132,0.00309932420692239,0.94205934,0.00222159176154484
fine,0,upper,0.000447687500963426,0.00370484165683518,0.91589469,0.00260660429337808
fine,0,upper,0.000620933838110866,0.0043587065073692,0.88342023,0.00299375808095046
fine,0,upper,0.00083833566825086,0.0050581253719109,0.8444066,0.00337041409030899
fine,0,upper,0.00110549927627868,0.00579982140424993,0.79895538,0.00372394787143429
fine,0,upper,0.00142771307738554,0.00658008771027276,0.74753129,0.00404246477235432
fine,0,upper,0.00180978297086035,0.00739487595848944,0.69093937,0.00431562940460705
fine,0,upper,0.00225590204232148,0.0082399139650997,0.6302712,0.00453607437839628
fine,0,upper,0.00276956221074708,0.00911083874904511,0.5667935,0.00470002196359815
fine,0,upper,0.00335351771825044,0.0100033312311946,0.50184989,0.00480779242511903
fine,0,upper,0.00400979702808926,0.010913238109221,0.43672219,0.00486239696671152
fine,0,upper,0.00473975139799424,0.0118366695513522,0.37258801,0.00487067574307091
fine,0,upper,0.00554413520140024,0.0127700686887599,0.31037205,0.00484106615648342
fine,0,upper,0.00642319910487262,0.0137102508584613,0.25088683,0.00479179603346425
fine,0,upper,0.00737678714293788,0.0146544163469909,0.19445476,0.00475772884548755
fine,0,upper,0.00840443089411759,0.0156001423921444,0.14167525,0.00481188118237498
fine,0,upper,0.00950543151429857,0.0165453598459216,0.093399651,0.00506106495089389
fine,0,upper,0.0106789292756947,0.0174883207161712,0.048983432,0.00544551728331402
fine,0,upper,0.0119239610849052,0.0184275615481825,0.0075621358,0.00576871830778182
fine,0,upper,0.0132395042055779,0.0193618656803866,-0.030859364,0.0059646930980184
fine,0,upper,0.0146245095933543,0.0202902271149216,-0.066059157,0.00607775196482321
fine,0,upper,0.0160779262259276,0.0212118173300546,-0.098134339,0.00614880368898572
fine,0,upper,0.0175987177677219,0.0221259556718906,-0.12735993,0.00619220418891853
fine,0,upper,0.0191858739950746,0.0230320836509978,-0.15397263,0.00621341115282579
fine,0,upper,0.0208384176427227,0.0239297429232617,-0.17821448,0.0062178608407535
fine,0,upper,0.0225554082589687,0.0248185567408117,-0.20027108,0.00621077395802158
fine,0,upper,0.0243359437809544,0.0256982144594362,-0.22034796,0.00619628230103777
fine,0,upper,0.026179160444453,0.0265684587101261,-0.23862682,0.0061766941682024
fine,0,upper,0.0280842317905631,0.0274290748610235,-0.25527665,0.00615309415381751
fine,0,upper,0.0300503667500977,0.0282798823745369,-0.27045006,0.00612642345088702
fine,0,upper,0.0320768076283272,0.0291207278119,-0.28428468,0.00609749260104972
fine,0,upper,0.0341628274520126,0.0299514790901282,-0.29690602,0.00606677417386186
fine,0,upper,0.0363077277526268,0.030772020947683,-0.30842394,0.00603468874469921
fine,0,upper,0.0385108358428249,0.0315822511757917,-0.31894138,0.00600147255958972
fine,0,upper,0.0407715025537236,0.0323820777031621,-0.32853943,0.00596752790915254
fine,0,upper,0.043089099953065,0.0331714162278183,-0.33731502,0.00593264731417542
fine,0,upper,0.045463018997971,0.0339501882767076,-0.34529993,0.00589777061454157
fine,0,upper,0.0478926677981039,0.0347183198367223,-0.35264882,0.00586274635808721
fine,0,upper,0.0503774695965052,0.0354757401345172,-0.35932702,0.00582690196296405
fine,0,upper,0.0529168609935154,0.0362223807102954,-0.36541086,0.00579133557622812
fine,0,upper,0.0555102905763045,0.0369581748486856,-0.3709766,0.00575607504124317
fine,0,upper,0.058157217375885,0.0376830570146142,-0.37605283,0.00572031043722503
fine,0,upper,0.0608571094946389,0.0383969624376716,-0.38064599,0.00568425114246677
fine,0,upper,0.0636094430390786,0.0390998269411438,-0.38484439,0.00564828125422566
fine,0,upper,0.0664137010443729,0.0397915867935144,-0.38865823,0.00561133217104333
fine,0,upper,0.0692693724281694,0.0404721785587128,-0.39204752,0.0055751779174423
fine,0,upper,0.0721759511131432,0.041141539063182,-0.39519534,0.00553913831675386
fine,0,upper,0.075132935272358,0.0417996054556523,-0.39794934,0.00550287001399587
fine,0,upper,0.0781398266201929,0.0424463152870628,-0.40045667,0.00546722762443288
fine,0,upper,0.0811961297290084,0.0430816065559924,-0.40266582,0.00543125889843947
fine,0,upper,0.0843013514228268,0.0437054177839662,-0.40460756,0.00539612360761949
fine,0,upper,0.0874550002725838,0.0443176881685985,-0.40634635,0.00536086328441924
fine,0,upper,0.0906565861207428,0.044918357722809,-0.40779644,0.00532626353727839
fine,0,upper,0.0939056196537371,0.0455073674259858,-0.40910843,0.00529182603600578
fine,0,upper,0.0972016120169942,0.046084659381542,-0.41013804,0.00525782176593746
fine,0,upper,0.100544074454949,0.046650176943068,-0.41105431,0.00522418473451824
fine,0,upper,0.103932517997052,0.0472038648592888,-0.41171882,0.00519086261140122
fine,0,upper,0.107366453187792,0.0477456694465199,-0.41227183,0.00515799125583574
fine,0,upper,0.110845389837248,0.0482755387416847,-0.41261509,0.00512539324012913
fine,0,upper,0.114368836798382,0.0487934226520085,-0.41283539,0.00509309640064922
fine,0,upper,0.117936301768958,0.049299273101223,-0.41289604,0.00506127232290191
fine,0,upper,0.121547291115937,0.0497930441715631,-0.41280857,0.00502977947009021
fine,0,upper,0.1252013097204,0.050274692241256,-0.41260391,0.00499851518074181
fine,0,upper,0.128897860842018,0.0507441761210048,-0.41224787,0.00496762465344025
fine,0,upper,0.132636445998474,0.0512014571757156,-0.41179758,0.00493706342985291
fine,0,upper,0.136416564860327,0.0516464994383559,-0.4112002,0.00490677170735218
fine,0,upper,0.140237715162666,0.0520792697287094,-0.41051909,0.00487685309780942
fine,0,upper,0.144099392629009,0.0524997377635306,-0.40970546,0.00484714096534224
fine,0,upper,0.148001090906592,0.052907876258097,-0.40880808,0.00481782432403561
fine,0,upper,0.15194230151256,0.0533036610212447,-0.40779856,0.00478867746253145
fine,0,upper,0.155922513790129,0.05368707104384,-0.40669909,0.00475989411950109
fine,0,upper,0.159941214873879,0.0540580885806618,-0.40550762,0.00473133839844901
fine,0,upper,0.163997889663413,0.0544166992256979,-0.40422606,0.00470302232912319
fine,0,upper,0.168092020804644,0.0547628919808782,-0.40285802,0.00467498264321712
fine,0,upper,0.172223088678104,0.0550966593182821,-0.40141013,0.00464720280680011
fine,0,upper,0.176390571393636,0.0554179972358802,-0.39988256,0.00461964789718248
fine,0,upper,0.180593944790959,0.0557269053068746,-0.39827809,0.00459235829966342
fine,0,upper,0.184832682445579,0.056023386722724,-0.39660263,0.00456530948470633
fine,0,upper,0.18910625567959,0.0563074483299427,-0.39485592,0.00453836349568572
fine,0,upper,0.193414133576944,0.0565791006607772,-0.39303911,0.00451165214024632
fine,0,upper,0.197755783002787,0.0568383579578721,-0.39115942,0.00448518777047646
fine,0,upper,0.202130668626517,0.0570852381930454,-0.3892161,0.00445891842282359
fine,0,upper,0.206538252948208,0.0573197630803031,-0.38721043,0.00443286916390925
fine,0,upper,0.210977996328112,0.0575419580832328,-0.38514718,0.00440704953266879
fine,0,upper,0.215449357018931,0.057751852416926,-0.38302782,0.00438144657461541
fine,0,upper,0.219951791200633,0.0579494790445185,-0.3808544,0.00435603004953769
fine,0,upper,0.224484753017222,0.0581348746602447,-0.37862626,0.00433082931108665
fine,0,upper,0.229047694615957,0.0583080796745695,-0.37635046,0.00430585042831295
fine,0,upper,0.233640066188854,0.0584691382070283,-0.37402543,0.00428106358596078
fine,0,upper,0.238261316015277,0.0586180980627014,-0.37165439,0.00425646258254635
fine,0,upper,0.242910890505882,0.0587550106995832,-0.36923662,0.00423206606659081
fine,0,upper,0.247588234248092,0.0588799311958944,-0.36677811,0.0042078807208405
fine,0,upper,0.252292790052729,0.0589929182132441,-0.36427796,0.0041838728051139
fine,0,upper,0.257023999001701,0.0590940339559543,-0.36173782,0.00416005371093748
fine,0,upper,0.261781300496601,0.0591833441270455,-0.35915962,0.0041364333134027
fine,0,upper,0.266564132308093,0.0592609178818113,-0.35654619,0.00411301194482661
fine,0,upper,0.271371930626009,0.0593268277811622,-0.35389858,0.00408976428520604
fine,0,upper,0.276204130110042,0.0593811497510051,-0.35121652,0.00406669694919592
fine,0,upper,0.281060163940522,0.0594239629790871,-0.3485032,0.00404382785920568
fine,0,upper,0.285939463869944,0.0594553497802058,-0.34576058,0.00402114939521966
fine,0,upper,0.29084146027596,0.0594753957528799,-0.34299001,0.00399863810714831
fine,0,upper,0.295765582213796,0.0594841900197057,-0.34019154,0.00397633497532967
fine,0,upper,0.300711257468216,0.0594818220310429,-0.33736613,0.00395416864397512
fine,0,upper,0.305677912606249,0.059468386982621,-0.3345176,0.00393221482205703
fine,0,upper,0.310664973030045,0.059443984227414,-0.331646,0.00391045787986528
fine,0,upper,0.315671863029846,0.0594087126972483,-0.32875389,0.00388884464185564
fine,0,upper,0.320698005836892,0.0593626752882222,-0.32583761,0.00386741304561192
fine,0,upper,0.325742823675857,0.0593059776050374,-0.3229053,0.00384617426749098
fine,0,upper,0.330805737818754,0.0592387277371635,-0.31995356,0.0038251260081036
fine,0,upper,0.335886168638778,0.0591610360991474,-0.31698823,0.00380423299279754
fine,0,upper,0.340983535662638,0.059073015480697,-0.31400204,0.00378349239447293
fine,0,upper,0.346097257623404,0.0589747809657068,-0.31100345,0.0037629607239585
fine,0,upper,0.351226752513434,0.0588664498352309,-0.30799204,0.00374256486853957
fine,0,upper,0.356371437637146,0.0587481414822167,-0.30496874,0.00372230903189554
fine,0,upper,0.361530729663225,0.0586199773697825,-0.30193391,0.00370219695735071
fine,0,upper,0.366704044678064,0.0584820808728462,-0.298886,0.0036822607657052
fine,0,upper,0.371890798239155,0.0583345771256185,-0.29583085,0.00366251481966763
fine,0,upper,0.377090405427021,0.0581775929922929,-0.2927672,0.00364294637446737
fine,0,upper,0.382302280897549,0.058011256989101,-0.28969747,0.00362353989714648
fine,0,upper,0.387525838934417,0.0578356991929686,-0.28661895,0.00360427637639182
fine,0,upper,0.392760493500982,0.057651051189172,-0.28353387,0.0035851985231312
fine,0,upper,0.398005658292937,0.0574574459542671,-0.28044561,0.00356629811540223
fine,0,upper,0.403260746791356,0.0572550177042769,-0.27735329,0.00354757040643991
fine,0,upper,0.408525172314609,0.0570439018320186,-0.27425888,0.00352899644108532
fine,0,upper,0.413798348070288,0.0568242348422209,-0.27115968,0.00351056412229421
fine,0,upper,0.419079687207366,0.0565961542685515,-0.26805815,0.00349230866744844
fine,0,upper,0.424368602868071,0.0563597986200675,-0.26495665,0.00347422700253749
fine,0,upper,0.429664508240588,0.0561153072552499,-0.26185539,0.00345630849076235
fine,0,upper,0.43496681661177,0.0558628202560179,-0.2587547,0.00343854520872233
fine,0,upper,0.440274941419001,0.0556024783808428,-0.25565407,0.00342091902896097
fine,0,upper,0.445588296302447,0.055334422992399,-0.25255311,0.00340344891880705
fine,0,upper,0.45090629515726,0.0550587960033719,-0.24945503,0.00338615732338235
fine,0,upper,0.456228352186226,0.0547757397883952,-0.24636094,0.00336901582089733
fine,0,upper,0.461553881952763,0.0544853970604464,-0.24326922,0.00335203403229378
fine,0,upper,0.466882299433485,0.0541879108059832,-0.24018246,0.00333518105399013
fine,0,upper,0.472213020070824,0.0538834242333838,-0.23709586,0.00331846226722678
fine,0,upper,0.477545459825886,0.0535720807220011,-0.23401493,0.00330191426923207
fine,0,upper,0.482879035231622,0.0532540237508462,-0.23093915,0.00328551787453093
fine,0,upper,0.488213163446309,0.0529293967894524,-0.2278696,0.00326926263777149
fine,0,upper,0.493547262306903,0.0525983432354698,-0.22480516,0.00325315588698715
fine,0,upper,0.49888075038248,0.0522610063744591,-0.22174659,0.00323717991630931
fine,0,upper,0.504213047027984,0.0519175293415343,-0.21869162,0.00322127947085273
fine,0,upper,0.50954357243827,0.0515680550507916,-0.21564496,0.00320555026568919
fine,0,upper,0.514871747702341,0.0512127261030181,-0.21260434,0.00318996878929883
fine,0,upper,0.520196994857623,0.0508516847441262,-0.20957181,0.00317452434659534
fine,0,upper,0.525518736944517,0.0504850728317901,-0.20654577,0.0031591999065304
fine,0,upper,0.53083639806125,0.0501130318066195,-0.20352723,0.00314398622938734
fine,0,upper,0.536149403418895,0.0497357026197661,-0.20051356,0.00312889129835747
fine,0,upper,0.541457179396544,0.0493532256639887,-0.1975082,0.00311393780878577
fine,0,upper,0.546759153596754,0.0489657407541994,-0.194511,0.00309910605773559
fine,0,upper,0.552054754901314,0.0485733871061627,-0.19152205,0.00308434467671098
fine,0,upper,0.557343413527204,0.0481763033008115,-0.18854052,0.00306969497567965
fine,0,upper,0.562624561082607,0.0477746272194183,-0.18556686,0.00305514801135822
fine,0,upper,0.567897630623219,0.0473684960103812,-0.1825992,0.00304070012628169
fine,0,upper,0.573162056708929,0.0469580460807261,-0.17963891,0.00302637141749147
fine,0,upper,0.578417275460772,0.0465434130839028,-0.17668688,0.00301215434580595
fine,0,upper,0.583662724617801,0.0461247318722064,-0.17374273,0.00299804180718862
fine,0,upper,0.588897843594143,0.0457021364562889,-0.17080645,0.00298402922128356
fine,0,upper,0.594122073536565,0.0452757600042615,-0.16787745,0.00297011182232106
fine,0,upper,0.599334857382283,0.044845734841725,-0.16495556,0.00295628006172579
fine,0,upper,0.604535639916685,0.0444121924242214,-0.16203961,0.00294252974388315
fine,0,upper,0.609723867831095,0.0439752633011674,-0.15913007,0.00292887402742231
fine,0,upper,0.614898989781013,0.0435350771153955,-0.15622778,0.00291530973630074
fine,0,upper,0.620060456444663,0.0430917626118143,-0.15333237,0.00290182783596379
fine,0,upper,0.625207720581455,0.0426454476278843,-0.15044351,0.00288842627438254
fine,0,upper,0.630340237090331,0.0421962590664833,-0.14756092,0.00287510031182076
fine,0,upper,0.635457463068517,0.0417443228945662,-0.14468408,0.00286184179202116
fine,0,upper,0.6405588578706,0.0412897641593496,-0.14181207,0.00284863967771119
fine,0,upper,0.645643883167539,0.0408327069921167,-0.13894415,0.00283550217626127
fine,0,upper,0.650712003005445,0.0403732745908578,-0.13608134,0.0028224355590201
fine,0,upper,0.655762683864618,0.0399115892200117,-0.13322359,0.00280942997621078
fine,0,upper,0.660795394718956,0.0394477722326719,-0.13037032,0.00279648276579969
fine,0,upper,0.665809607095244,0.0389819440833024,-0.12752151,0.0027835897426194
fine,0,upper,0.670804795132143,0.0385142243193022,-0.12467626,0.00277074496918895
fine,0,upper,0.675780435639326,0.0380447315840897,-0.12183414,0.00275793224501974
fine,0,upper,0.680736008156922,0.0375735836431121,-0.1189931,0.00274514864000242
fine,0,upper,0.685670995014824,0.0371008974027482,-0.11615391,0.00273240860513442
fine,0,upper,0.690584881391618,0.0366267889092781,-0.11331675,0.00271970639158039
fine,0,upper,0.695477155373567,0.0361513733558095,-0.11048138,0.00270704064748567
fine,0,upper,0.700347308013817,0.0356747651106372,-0.10764773,0.00269440347525955
fine,0,upper,0.7051948333914,0.0351970777402143,-0.10481478,0.0026817926411291
fine,0,upper,0.710019228669843,0.0347184240138413,-0.10198247,0.00266919703653165
fine,0,upper,0.714819994155702,0.0342389159139251,-0.099148914,0.00265660340326535
fine,0,upper,0.719596633357226,0.0337586646654352,-0.096313544,0.00264401240163564
fine,0,upper,0.724348653042764,0.0332777807612168,-0.093475796,0.00263142682596208
fine,0,upper,0.729075563298719,0.0327963739707628,-0.09063603,0.00261884929392207
fine,0,upper,0.733776877587357,0.0323145533527248,-0.087794036,0.00260627755982536
fine,0,upper,0.738452112804602,0.0318324272842051,-0.084949724,0.002593705226804
fine,0,upper,0.743100789337521,0.0313501034869574,-0.082102239,0.00258110509849967
fine,0,upper,0.747722431121335,0.03086768903874,-0.079251021,0.0025684671844698
fine,0,upper,0.752316565696159,0.0303852903867061,-0.076394729,0.00255580081849317
fine,0,upper,0.756882724263623,0.02990301337522,-0.073532455,0.00254310425705333
fine,0,upper,0.761420441743127,0.0294209632716653,-0.070663467,0.00253037391806608
fine,0,upper,0.765929256827567,0.0289392447790755,-0.06778726,0.00251761233576784
fine,0,upper,0.770408712038704,0.0284579620489362,-0.064903915,0.0025048196534355
fine,0,upper,0.774858353782288,0.0279772187061971,-0.062013142,0.00249199442452295
fine,0,upper,0.779277732402766,0.0274971178734319,-0.059114769,0.00247912941618108
fine,0,upper,0.783666402237418,0.0270177621837479,-0.056207836,0.00246621731882727
fine,0,upper,0.788023921670025,0.0265392537916389,-0.053291712,0.00245324780188616
fine,0,upper,0.792349853184199,0.0260616943938566,-0.050365008,0.00244021272945553
fine,0,upper,0.796643763416225,0.0255851852504623,-0.047427066,0.00242710920058734
fine,0,upper,0.800905223207307,0.0251098271975098,-0.04447706,0.00241392800144099
fine,0,upper,0.805133807655239,0.0246357206549599,-0.041514281,0.00240066944753659
fine,0,upper,0.809329096165623,0.0241629656419244,-0.038538408,0.00238733504036529
fine,0,upper,0.813490672502561,0.0236916617928882,-0.035549197,0.00237392338186805
fine,0,upper,0.817618124838718,0.0232219083700736,-0.032546319,0.00236042928720975
fine,0,upper,0.821711045804721,0.0227538042681811,-0.029529113,0.00234684467338713
fine,0,upper,0.825769032537967,0.0222874480218892,-0.026496794,0.00233316075455064
fine,0,upper,0.829791686730887,0.0218229378172329,-0.023448337,0.00231936868155081
fine,0,upper,0.833778614678553,0.0213603715008897,-0.020382844,0.002305462942841
fine,0,upper,0.837729427325546,0.0208998465828833,-0.017299555,0.00229143846429768
fine,0,upper,0.841643740312116,0.0204414602366891,-0.014197743,0.00227728947941115
fine,0,upper,0.845521174019744,0.019985309304146,-0.011076716,0.0022630117982504
fine,0,upper,0.849361353615995,0.0195314902981593,-0.0079359869,0.00224860317712576
fine,0,upper,0.85316390909866,0.0190800994045582,-0.0047751009,0.00223406024131609
fine,0,upper,0.856928475339095,0.0186312324779317,-0.0015936154,0.00221937620216559
fine,0,upper,0.860654692124778,0.0181849850362608,0.0016091538,0.00220451038209132
fine,0,upper,0.864342204201227,0.0177414522588384,0.0048339376,0.0021894689836767
fine,0,upper,0.867990661313107,0.0173007289809659,0.0080816001,0.00217425694950947
fine,0,upper,0.871599718244588,0.01686290968807,0.011352891,0.00215887208878487
fine,0,upper,0.875169034858865,0.01642808850631,0.014648596,0.00214330753953575
fine,0,upper,0.878698276136811,0.0159963591901566,0.01796945,0.00212755643597344
fine,0,upper,0.88218711221491,0.0155678151115532,0.021316152,0.00211161190842741
fine,0,upper,0.885635218422375,0.0151425492479003,0.024689361,0.00209546734894894
fine,0,upper,0.889042275317422,0.0147206541676457,0.028089631,0.00207911808510363
fine,0,upper,0.892407968722706,0.0143022220146313,0.031517446,0.00206255788269157
fine,0,upper,0.89573198975995,0.0138873444914826,0.034973305,0.00204578017953491
fine,0,upper,0.899014034883637,0.0134761128399716,0.038457733,0.00202877734541745
fine,0,upper,0.902253805913871,0.0130686178203626,0.041971289,0.0020115413015607
fine,0,upper,0.905451010068437,0.0126649496910606,0.045514554,0.0019940635881936
fine,0,upper,0.908605359993972,0.0122651981862062,0.049088143,0.00197633606332394
fine,0,upper,0.911716573796268,0.0118694524918738,0.052692618,0.00195834805494102
fine,0,upper,0.914784375069696,0.0114778012210464,0.056328528,0.00194003980194348
fine,0,upper,0.917808492925766,0.0110903323874042,0.059996452,0.00192144105788251
fine,0,upper,0.920788662020803,0.0107071333779688,0.063696802,0.00190255763211507
fine,0,upper,0.923724622582755,0.0103282909246466,0.06742987,0.00188338345623277
fine,0,upper,0.926616120437118,0.00995389107471873,0.0711959,0.00186391089203201
fine,0,upper,0.929462907031992,0.00958401916032711,0.074995115,0.00184413153463595
fine,0,upper,0.932264739462257,0.00921875976700932,0.078827731,0.00182403678537278
fine,0,upper,0.935021380492875,0.00885819670133845,0.082693994,0.0018036164162062
fine,0,upper,0.937732598581325,0.00850241295772657,0.086594008,0.00178282011464205
fine,0,upper,0.940398167899169,0.00815149068445442,0.090528011,0.00176160490227725
fine,0,upper,0.943017868352757,0.00780551114899385,0.094496198,0.00174001608871026
fine,0,upper,0.94559148560307,0.00746455470269291,0.098498702,0.00171805550655575
fine,0,upper,0.948118811084712,0.00712870074486258,0.10253508,0.00169560880232214
fine,0,upper,0.950599642023899,0.00679802768464341,0.10660575,0.00167274367484024
fine,0,upper,0.953033781455749,0.00647261290421615,0.11071008,0.00164946948398309
fine,0,upper,0.955421038240968,0.00615253272398563,0.11484852,0.00162578553915053
fine,0,upper,0.957761227081458,0.00583786236460918,0.11901961,0.00160166206812188
fine,0,upper,0.960054168534595,0.00552867590370136,0.12322488,0.00157710591276253
fine,0,upper,0.962299689027534,0.00522504624113991,0.12746134,0.00155206453831399
fine,0,upper,0.964497620870614,0.00492704506314265,0.13173291,0.00152657197646185
fine,0,upper,0.966647802269113,0.00463474279784747,0.13603313,0.00150052409163123
fine,0,upper,0.968750077335155,0.00434820858017363,0.14037138,0.00147401828470563
fine,0,upper,0.970804296098539,0.00406751021395228,0.14473353,0.00144683379407835
fine,0,upper,0.972810314516298,0.00379271412944584,0.14914113,0.00141921937624003
fine,0,upper,0.974767994482245,0.00352388534822293,0.15356299,0.0013906886068254
fine,0,upper,0.976677203835549,0.00326108744602833,0.1580478,0.00136184750712081
fine,0,upper,0.978537816368108,0.00300438251206243,0.16252615,0.00133160761657391
fine,0,upper,0.980349711831651,0.00275383111280846,0.16710663,0.00130140840115945
fine,0,upper,0.982112775943877,0.00250949225422228,0.17163493,0.00126879434110329
fine,0,upper,0.98382690039408,0.00227142334612394,0.17635101,0.00123713587671285
fine,0,upper,0.985491982848117,0.00203968016752339,0.18091306,0.0012008641624685
fine,0,upper,0.987107926952331,0.00181431682968467,0.18584825,0.00116780156666418
fine,0,upper,0.988674642337001,0.00159538574164997,0.19040285,0.00112528295865041
fine,0,upper,0.990192044619097,0.00138293757636621,0.19573011,0.0010913694958957
fine,0,upper,0.991660055404463,0.0011770212382823,0.20017254,0.00103688318180121
fine,0,upper,0.993078602289334,0.000977683831702653,0.2062567,0.00100406882788153
fine,0,upper,0.994447618860951,0.000784970628039055,0.21030477,0.000924178174311583
fine,0,upper,0.995767044697863,0.000598925036478492,0.21787275,0.000899177590315428
fine,0,upper,0.997036825369642,0.000419588575908658,0.22075033,0.000761638919189288
fine,0,upper,0.998256912435561,0.000247000844718127,0.23114026,0.000774473508867469
fine,0,upper,0.999427263443135,8.11994951548875e-05,0.23159876,0.000463322978144734
fine,15,lower,0.999427263443135,-8.11994951548875e-05,0.048278008,0.00426693935237053
fine,15,lower,0.998256912435561,-0.000247000844718127,0.046787232,0.00319622859064544
fine,15,lower,0.997036825369642,-0.000419588575908658,0.052281603,0.00302501667646581
fine,15,lower,0.995767044697863,-0.000598925036478492,0.055797499,0.00296229842923236
fine,15,lower,0.994447618860951,-0.000784970628039055,0.05907302,0.00293290486899169
fine,15,lower,0.993078602289334,-0.000977683831702653,0.061452195,0.00290538786113722
fine,15,lower,0.991660055404463,-0.0011770212382823,0.063700587,0.00288790681947816
fine,15,lower,0.990192044619097,-0.00138293757636621,0.065635093,0.00287177032136478
fine,15,lower,0.988674642337001,-0.00159538574164997,0.067464598,0.00285905850729556
fine,15,lower,0.987107926952331,-0.00181431682968467,0.069142118,0.00284751685948093
fine,15,lower,0.985491982848117,-0.00203968016752339,0.070739962,0.00283760782484745
fine,15,lower,0.98382690039408,-0.00227142334612394,0.072247617,0.00282858136141608
fine,15,lower,0.982112775943877,-0.00250949225422228,0.073695019,0.00282052189006343
fine,15,lower,0.980349711831651,-0.00275383111280846,0.075082272,0.00281312864512829
fine,15,lower,0.978537816368108,-0.00300438251206243,0.076423824,0.00280638897339994
fine,15,lower,0.976677203835549,-0.00326108744602833,0.077722616,0.00280016104099465
fine,15,lower,0.974767994482245,-0.00352388534822293,0.078986675,0.00279441083144505
fine,15,lower,0.972810314516298,-0.00379271412944584,0.080219351,0.00278906113380456
fine,15,lower,0.970804296098539,-0.00406751021395228,0.081425719,0.00278407819039564
fine,15,lower,0.968750077335155,-0.00434820858017363,0.082608826,0.00277941496576665
fine,15,lower,0.966647802269113,-0.00463474279784747,0.083772235,0.00277504164331601
fine,15,lower,0.964497620870614,-0.00492704506314265,0.084918551,0.00277092541980408
fine,15,lower,0.962299689027534,-0.00522504624113991,0.086050473,0.00276704237883543
fine,15,lower,0.960054168534595,-0.00552867590370136,0.087170221,0.00276337160716985
fine,15,lower,0.957761227081458,-0.00583786236460918,0.088279918,0.00275989317341102
fine,15,lower,0.955421038240968,-0.00615253272398563,0.089381441,0.00275658839888731
fine,15,lower,0.953033781455749,-0.00647261290421615,0.090476505,0.00275344195060918
fine,15,lower,0.950599642023899,-0.00679802768464341,0.091566622,0.00275043978257076
fine,15,lower,0.948118811084712,-0.00712870074486258,0.092653245,0.00274757004646836
fine,15,lower,0.94559148560307,-0.00746455470269291,0.093737699,0.00274482115803541
fine,15,lower,0.943017868352757,-0.00780551114899385,0.094821267,0.00274218316188534
fine,15,lower,0.940398167899169,-0.00815149068445442,0.095905147,0.00273964612715616
fine,15,lower,0.937732598581325,-0.00850241295772657,0.096990481,0.00273720105454199
fine,15,lower,0.935021380492875,-0.00885819670133845,0.09807831,0.00273483870094361
fine,15,lower,0.932264739462257,-0.00921875976700932,0.09916959,0.00273255127155279
fine,15,lower,0.929462907031992,-0.00958401916032711,0.1002652,0.00273033218108595
fine,15,lower,0.926616120437118,-0.00995389107471873,0.10136596,0.0027281747664768
fine,15,lower,0.923724622582755,-0.0103282909246466,0.10247262,0.00272607345552393
fine,15,lower,0.920788662020803,-0.0107071333779688,0.10358585,0.00272402279435172
fine,15,lower,0.917808492925766,-0.0110903323874042,0.10470627,0.00272201770731511
fine,15,lower,0.914784375069696,-0.0114778012210464,0.1058344,0.00272005407469157
fine,15,lower,0.911716573796268,-0.0118694524918738,0.1069708,0.00271812977734929
fine,15,lower,0.908605359993972,-0.0122651981862062,0.10811602,0.00271624032282914
fine,15,lower,0.905451010068437,-0.0126649496910606,0.10927058,0.00271438251738561
fine,15,lower,0.902253805913871,-0.0130686178203626,0.110435,0.00271255243054108
fine,15,lower,0.899014034883637,-0.0134761128399716,0.11160973,0.00271074561528524
fine,15,lower,0.89573198975995,-0.0138873444914826,0.11279505,0.00270895970498737
fine,15,lower,0.892407968722706,-0.0143022220146313,0.11399124,0.00270719435902549
fine,15,lower,0.889042275317422,-0.0147206541676457,0.11519871,0.00270544784913607
fine,15,lower,0.885635218422375,-0.0151425492479003,0.11641787,0.00270371786936278
fine,15,lower,0.88218711221491,-0.0155678151115532,0.11764916,0.00270200103945967
fine,15,lower,0.878698276136811,-0.0159963591901566,0.11889306,0.00270029468833627
fine,15,lower,0.875169034858865,-0.01642808850631,0.12014998,0.00269859623776791
fine,15,lower,0.871599718244588,-0.01686290968807,0.12142018,0.00269690257705657
fine,15,lower,0.867990661313107,-0.0173007289809659,0.12270386,0.00269521290653202
fine,15,lower,0.864342204201227,-0.0177414522588384,0.12400123,0.0026935260524605
fine,15,lower,0.860654692124778,-0.0181849850362608,0.12531239,0.00269183869430225
fine,15,lower,0.856928475339095,-0.0186312324779317,0.12663721,0.00269015420403676
fine,15,lower,0.85316390909866,-0.0190800994045582,0.12797606,0.00268847228754746
fine,15,lower,0.849361353615995,-0.0195314902981593,0.12932897,0.00268679352182453
fine,15,lower,0.845521174019744,-0.019985309304146,0.13069654,0.00268511136975407
fine,15,lower,0.841643740312116,-0.0204414602366891,0.13207811,0.00268342849794521
fine,15,lower,0.837729427325546,-0.0208998465828833,0.13347444,0.00268174883233651
fine,15,lower,0.833778614678553,-0.0213603715008897,0.13488546,0.00268006885081708
fine,15,lower,0.829791686730887,-0.0218229378172329,0.13631181,0.0026783888151649
fine,15,lower,0.825769032537967,-0.0222874480218892,0.13775373,0.00267670545325716
fine,15,lower,0.821711045804721,-0.0227538042681811,0.13921161,0.00267501537079236
fine,15,lower,0.817618124838718,-0.0232219083700736,0.14068542,0.00267331655392492
fine,15,lower,0.813490672502561,-0.0236916617928882,0.14217529,0.00267160932882372
fine,15,lower,0.809329096165623,-0.0241629656419244,0.14368106,0.0026698918618748
fine,15,lower,0.805133807655239,-0.0246357206549599,0.14520235,0.00266816863719807
fine,15,lower,0.800905223207307,-0.0251098271975098,0.14673932,0.00266644564975004
fine,15,lower,0.796643763416225,-0.0255851852504623,0.14829251,0.0026647143167413
fine,15,lower,0.792349853184199,-0.0260616943938566,0.14986113,0.00266298049970791
fine,15,lower,0.788023921670025,-0.0265392537916389,0.15144616,0.00266124904693745
fine,15,lower,0.783666402237418,-0.0270177621837479,0.15304768,0.00265951396661973
fine,15,lower,0.779277732402766,-0.0274971178734319,0.15466645,0.00265777462210981
fine,15,lower,0.774858353782288,-0.0279772187061971,0.15630274,0.00265602620973695
fine,15,lower,0.770408712038704,-0.0284579620489362,0.15795687,0.00265426456239137
fine,15,lower,0.765929256827567,-0.0289392447790755,0.15962854,0.00265249018032447
fine,15,lower,0.761420441743127,-0.0294209632716653,0.16131793,0.00265069920470019
fine,15,lower,0.756882724263623,-0.02990301337522,0.16302367,0.00264890391658271
fine,15,lower,0.752316565696159,-0.0303852903867061,0.1647471,0.00264710580637317
fine,15,lower,0.747722431121335,-0.03086768903874,0.16648707,0.00264530430183484
fine,15,lower,0.743100789337521,-0.0313501034869574,0.16824494,0.00264350864246486
fine,15,lower,0.738452112804602,-0.0318324272842051,0.17002106,0.00264170954946624
fine,15,lower,0.733776877587357,-0.0323145533527248,0.17181636,0.00263990423859609
fine,15,lower,0.729075563298719,-0.0327963739707628,0.17363131,0.00263808374377719
fine,15,lower,0.724348653042764,-0.0332777807612168,0.17546591,0.0026362486208249
fine,15,lower,0.719596633357226,-0.0337586646654352,0.17732054,0.0026343958315509
fine,15,lower,0.714819994155702,-0.0342389159139251,0.17919379,0.00263254254388025
fine,15,lower,0.710019228669843,-0.0347184240138413,0.18108533,0.00263064391568459
fine,15,lower,0.7051948333914,-0.0351970777402143,0.18299606,0.00262876875001311
fine,15,lower,0.700347308013817,-0.0356747651106372,0.18492614,0.00262690052828583
fine,15,lower,0.695477155373567,-0.0361513733558095,0.18687734,0.00262502896931538
fine,15,lower,0.690584881391618,-0.0366267889092781,0.18885022,0.00262314172037007
fine,15,lower,0.685670995014824,-0.0371008974027482,0.19084565,0.0026212337840033
fine,15,lower,0.680736008156922,-0.0375735836431121,0.19286333,0.00261930414179818
fine,15,lower,0.675780435639326,-0.0380447315840897,0.19490364,0.00261734617851006
fine,15,lower,0.670804795132143,-0.0385142243193022,0.19696428,0.00261537372124665
fine,15,lower,0.665809607095244,-0.0389819440833024,0.19904599,0.00261340929206529
fine,15,lower,0.660795394718956,-0.0394477722326719,0.20114996,0.00261144714445813
fine,15,lower,0.655762683864618,-0.0399115892200117,0.20327795,0.00260947613316154
fine,15,lower,0.650712003005445,-0.0403732745908578,0.20543124,0.00260748340304354
fine,15,lower,0.645643883167539,-0.0408327069921167,0.20761049,0.00260545926617911
fine,15,lower,0.6405588578706,-0.0412897641593496,0.20981543,0.00260340981925972
fine,15,lower,0.635457463068517,-0.0417443228945662,0.21204683,0.00260131039858454
fine,15,lower,0.630340237090331,-0.0421962590664833,0.21429926,0.00259920932027449
fine,15,lower,0.625207720581455,-0.0426454476278843,0.21657878,0.00259711827956687
fine,15,lower,0.620060456444663,-0.0430917626118143,0.21888404,0.00259500903399409
fine,15,lower,0.614898989781013,-0.0435350771153955,0.22121954,0.00259287957472389
fine,15,lower,0.609723867831095,-0.0439752633011674,0.22358449,0.00259070374756376
fine,15,lower,0.604535639916685,-0.0444121924242214,0.22597985,0.00258849213324715
fine,15,lower,0.599334857382283,-0.044845734841725,0.22840554,0.00258620928689032
fine,15,lower,0.594122073536565,-0.0452757600042615,0.23085552,0.0025839238906089
fine,15,lower,0.588897843594143,-0.0457021364562889,0.23333769,0.00258164507571174
fine,15,lower,0.583662724617801,-0.0461247318722064,0.2358505,0.00257933344429382
fine,15,lower,0.578417275460772,-0.0465434130839028,0.23839922,0.00257698191855018
fine,15,lower,0.573162056708929,-0.0469580460807261,0.24098198,0.00257456413790304
fine,15,lower,0.567897630623219,-0.0473684960103812,0.24360065,0.00257206908255398
fine,15,lower,0.562624561082607,-0.0477746272194183,0.24625018,0.00256951710246952
fine,15,lower,0.557343413527204,-0.0481763033008115,0.24893263,0.00256697278109293
fine,15,lower,0.552054754901314,-0.0485733871061627,0.25165284,0.00256439795979442
fine,15,lower,0.546759153596754,-0.0489657407541994,0.25441244,0.00256175391863761
fine,15,lower,0.541457179396544,-0.0493532256639887,0.25721249,0.00255903846541087
fine,15,lower,0.536149403418895,-0.0497357026197661,0.26005363,0.00255621913101169
fine,15,lower,0.53083639806125,-0.0501130318066195,0.26292965,0.00255334474390267
fine,15,lower,0.525518736944517,-0.0504850728317901,0.26584512,0.00255046663966303
fine,15,lower,0.520196994857623,-0.0508516847441262,0.26880449,0.0025475301189449
fine,15,lower,0.514871747702341,-0.0512127261030181,0.27181,0.00254449118693664
fine,15,lower,0.50954357243827,-0.0515680550507916,0.27486143,0.00254136169284429
fine,15,lower,0.504213047027984,-0.0519175293415343,0.27796,0.00253810482427412
fine,15,lower,0.49888075038248,-0.0522610063744591,0.28109422,0.00253481959681601
fine,15,lower,0.493547262306903,-0.0525983432354698,0.28428224,0.00253149412652055
fine,15,lower,0.488213163446309,-0.0529293967894524,0.28751907,0.00252803750165304
fine,15,lower,0.482879035231622,-0.0532540237508462,0.29080987,0.00252448847440581
fine,15,lower,0.477545459825886,-0.0535720807220011,0.29415435,0.00252073256573221
fine,15,lower,0.472213020070824,-0.0538834242333838,0.29753786,0.00251695969433987
fine,15,lower,0.466882299433485,-0.0541879108059832,0.30098364,0.00251314520728269
fine,15,lower,0.461553881952763,-0.0544853970604464,0.30448344,0.00250914209471469
fine,15,lower,0.456228352186226,-0.0547757397883952,0.3080444,0.00250500564629529
fine,15,lower,0.45090629515726,-0.0550587960033719,0.3116633,0.00250064468811654
fine,15,lower,0.445588296302447,-0.055334422992399,0.3153289,0.00249625757910964
fine,15,lower,0.440274941419001,-0.0556024783808428,0.319065,0.00249178307862055
fine,15,lower,0.43496681661177,-0.0558628202560179,0.32286191,0.00248709629551528
fine,15,lower,0.429664508240588,-0.0561153072552499,0.32672796,0.00248220568387884
fine,15,lower,0.424368602868071,-0.0563597986200675,0.33064908,0.00247716028536792
fine,15,lower,0.419079687207366,-0.0565961542685515,0.33463749,0.00247205705876493
fine,15,lower,0.413798348070288,-0.0568242348422209,0.33869809,0.00246674990827741
fine,15,lower,0.408525172314609,-0.0570439018320186,0.3428303,0.0024612081841989
fine,15,lower,0.403260746791356,-0.0572550177042769,0.34703228,0.00245541040548204
fine,15,lower,0.398005658292937,-0.0574574459542671,0.35129693,0.00244952046353971
fine,15,lower,0.392760493500982,-0.057651051189172,0.35564661,0.00244345316394233
fine,15,lower,0.387525838934417,-0.0578356991929686,0.36007065,0.00243708703819646
fine,15,lower,0.382302280897549,-0.058011256989101,0.36457425,0.00243045795418284
fine,15,lower,0.377090405427021,-0.0581775929922929,0.36914441,0.00242370096259196
fine,15,lower,0.371890798239155,-0.0583345771256185,0.37380797,0.00241673424870128
fine,15,lower,0.366704044678064,-0.0584820808728462,0.37855196,0.00240937641725086
fine,15,lower,0.361530729663225,-0.0586199773697825,0.3833786,0.00240177162519878
fine,15,lower,0.356371437637146,-0.0587481414822167,0.38828516,0.0023939856588841
fine,15,lower,0.351226752513434,-0.0588664498352309,0.39328802,0.00238592754396595
fine,15,lower,0.346097257623404,-0.0589747809657068,0.39838153,0.00237741213095899
fine,15,lower,0.340983535662638,-0.059073015480697,0.40355423,0.00236868880987962
fine,15,lower,0.335886168638778,-0.0591610360991474,0.40882871,0.00235970988294525
fine,15,lower,0.330805737818754,-0.0592387277371635,0.4141978,0.00235029386863503
fine,15,lower,0.325742823675857,-0.0593059776050374,0.41966304,0.00234050201836642
fine,15,lower,0.320698005836892,-0.0593626752882222,0.42521909,0.00233042421743925
fine,15,lower,0.315671863029846,-0.0594087126972483,0.43088424,0.00231997676696924
fine,15,lower,0.310664973030045,-0.059443984227414,0.43665206,0.0023089386224943
fine,15,lower,0.305677912606249,-0.059468386982621,0.44250935,0.00229761686752175
fine,15,lower,0.300711257468216,-0.0594818220310429,0.44848523,0.00228596867133431
fine,15,lower,0.295765582213796,-0.0594841900197057,0.4545671,0.00227375118324257
fine,15,lower,0.29084146027596,-0.0594753957528799,0.4607476,0.00226124303362969
fine,15,lower,0.285939463869944,-0.0594553497802058,0.46704897,0.00224838227878322
fine,15,lower,0.281060163940522,-0.0594239629790871,0.47346252,0.002234922932601
fine,15,lower,0.276204130110042,-0.0593811497510051,0.4799799,0.0022211433660042
fine,15,lower,0.271371930626009,-0.0593268277811622,0.4866235,0.002206928299049
fine,15,lower,0.266564132308093,-0.0592609178818113,0.49338159,0.00219208729553208
fine,15,lower,0.261781300496601,-0.0591833441270455,0.50025386,0.00217686425651926
fine,15,lower,0.257023999001701,-0.0590940339559543,0.50725377,0.00216111722857227
fine,15,lower,0.252292790052729,-0.0589929182132441,0.5143702,0.00214482230609265
fine,15,lower,0.247588234248092,-0.0588799311958944,0.52161294,0.00212805936496018
fine,15,lower,0.242910890505882,-0.0587550106995832,0.52898324,0.00211066682036623
fine,15,lower,0.238261316015277,-0.0586180980627014,0.53647333,0.00209276337821407
fine,15,lower,0.233640066188854,-0.0584691382070283,0.5440982,0.00207428274477621
fine,15,lower,0.229047694615957,-0.0583080796745695,0.55184698,0.00205517563625914
fine,15,lower,0.224484753017222,-0.0581348746602447,0.55972981,0.0020354855346611
fine,15,lower,0.219951791200633,-0.0579494790445185,0.56774247,0.00201512796787942
fine,15,lower,0.215449357018931,-0.057751852416926,0.57588744,0.00199414723321793
fine,15,lower,0.210977996328112,-0.0575419580832328,0.58416706,0.00197247600661213
fine,15,lower,0.206538252948208,-0.0573197630803031,0.59257865,0.00195012600962831
fine,15,lower,0.202130668626517,-0.0570852381930454,0.60112715,0.00192706543752542
fine,15,lower,0.197755783002787,-0.0568383579578721,0.60980868,0.00190326988227624
fine,15,lower,0.193414133576944,-0.0565791006607772,0.61862719,0.00187873426313822
fine,15,lower,0.18910625567959,-0.0563074483299427,0.62758017,0.00185341632433482
fine,15,lower,0.184832682445579,-0.056023386722724,0.63666874,0.00182731936873342
fine,15,lower,0.180593944790959,-0.0557269053068746,0.6458925,0.00180040353037223
fine,15,lower,0.176390571393636,-0.0554179972358802,0.65525001,0.0017726592998949
fine,15,lower,0.172223088678104,-0.0550966593182821,0.66474128,0.00174406285968133
fine,15,lower,0.168092020804644,-0.0547628919808782,0.67436433,0.00171458699773533
fine,15,lower,0.163997889663413,-0.0544166992256979,0.68411785,0.00168421642918062
fine,15,lower,0.159941214873879,-0.0540580885806618,0.69399983,0.00165291006137383
fine,15,lower,0.155922513790129,-0.05368707104384,0.70400769,0.00162056605589083
fine,15,lower,0.15194230151256,-0.0533036610212447,0.71413839,0.00158721927558684
fine,15,lower,0.148001090906592,-0.052907876258097,0.72438854,0.00155283296519523
fine,15,lower,0.144099392629009,-0.0524997377635306,0.73475403,0.00151731705693348
fine,15,lower,0.140237715162666,-0.0520792697287094,0.74523002,0.00148052284446074
fine,15,lower,0.136416564860327,-0.0516464994383559,0.75581068,0.00144221068454365
fine,15,lower,0.132636445998474,-0.0512014571757156,0.76648909,0.00140205291178185
fine,15,lower,0.128897860842018,-0.0507441761210048,0.77725703,0.00135973597343987
fine,15,lower,0.1252013097204,-0.050274692241256,0.78810656,0.00131509072158537
fine,15,lower,0.121547291115937,-0.0497930441715631,0.79903013,0.0012679360612092
fine,15,lower,0.117936301768958,-0.049299273101223,0.81001955,0.00121736460723356
fine,15,lower,0.114368836798382,-0.0487934226520085,0.82105988,0.0011606073920964
fine,15,lower,0.110845389837248,-0.0482755387416847,0.83211482,0.00109255949814977
fine,15,lower,0.107366453187792,-0.0477456694465199,0.84311849,0.00101110708033301
fine,15,lower,0.103932517997052,-0.0472038648592888,0.85405749,0.000927799323719109
fine,15,lower,0.100544074454949,-0.046650176943068,0.86498851,0.000862172489411563
fine,15,lower,0.0972016120169942,-0.046084659381542,0.87592727,0.000818344416712037
fine,15,lower,0.0939056196537371,-0.0455073674259858,0.88681638,0.00078737537682628
fine,15,lower,0.0906565861207428,-0.044918357722809,0.89760041,0.000761718987189344
fine,15,lower,0.0874550002725838,-0.0443176881685985,0.90823853,0.000737148419713472
fine,15,lower,0.0843013514228268,-0.0437054177839662,0.91868985,0.000711569674374066
fine,15,lower,0.0811961297290084,-0.0430816065559924,0.92890972,0.000683903980684701
fine,15,lower,0.0781398266201929,-0.0424463152870628,0.9388473,0.000653474495988673
fine,15,lower,0.075132935272358,-0.0417996054556523,0.94844449,0.000619781341902785
fine,15,lower,0.0721759511131432,-0.041141539063182,0.957636,0.000582351590053198
fine,15,lower,0.0692693724281694,-0.0404721785587128,0.96634585,0.000540754050400757
fine,15,lower,0.0664137010443729,-0.0397915867935144,0.97449327,0.000494239964160877
fine,15,lower,0.0636094430390786,-0.0390998269411438,0.98196805,0.00044281701895808
fine,15,lower,0.0608571094946389,-0.0383969624376716,0.9886995,0.000384023399461137
fine,15,lower,0.058157217375885,-0.0376830570146142,0.99444538,0.000321131365575724
fine,15,lower,0.0555102905763045,-0.0369581748486856,0.99929309,0.000244732642156749
fine,15,lower,0.0529168609935154,-0.0362223807102954,1.0025845,0.00016999210443132
fine,15,lower,0.0503774695965052,-0.0354757401345172,1.0049077,7.94066435817578e-05
fine,15,lower,0.0478926677981039,-0.0347183198367223,1.0055391,-6.29956940007313e-06
fine,15,lower,0.045463018997971,-0.0339501882767076,1.0041556,-0.000123227974916982
fine,15,lower,0.043089099953065,-0.0331714162278183,1.0009779,-0.000244461145642247
fine,15,lower,0.0407715025537236,-0.0323820777031621,0.9950344,-0.000386744802038619
fine,15,lower,0.0385108358428249,-0.0315822511757917,0.98649126,-0.000538010946844402
fine,15,lower,0.0363077277526268,-0.030772020947683,0.97460371,-0.000711095072150785
fine,15,lower,0.0341628274520126,-0.0299514790901282,0.9590767,-0.000902565078095873
fine,15,lower,0.0320768076283272,-0.0291207278119,0.93927026,-0.00111807000597303
fine,15,lower,0.0300503667500977,-0.0282798823745369,0.91458708,-0.00135927169505831
fine,15,lower,0.0280842317905631,-0.0274290748610235,0.8842833,-0.00163017039603714
fine,15,lower,0.026179160444453,-0.0265684587101261,0.84752554,-0.0019346072964356
fine,15,lower,0.0243359437809544,-0.0256982144594362,0.80334973,-0.00227719732996917
fine,15,lower,0.0225554082589687,-0.0248185567408117,0.75065339,-0.00266309245629357
fine,15,lower,0.0208384176427227,-0.0239297429232617,0.68817562,-0.00309832579342258
fine,15,lower,0.0191858739950746,-0.0230320836509978,0.61448073,-0.00359007625104093
fine,15,lower,0.0175987177677219,-0.0221259556718906,0.52794147,-0.004147270802647
fine,15,lower,0.0160779262259276,-0.0212118173300546,0.42672619,-0.0047815768650453
fine,15,lower,0.0146245095933543,-0.0202902271149216,0.30879414,-0.0055097608587657
fine,15,lower,0.0132395042055779,-0.0193618656803866,0.17189986,-0.00635694656499309
fine,15,lower,0.0119239610849052,-0.0184275615481825,0.013620781,-0.00736006522783619
fine,15,lower,0.0106789292756947,-0.0174883207161712,-0.16863172,-0.00856366486078454
fine,15,lower,0.00950543151429857,-0.0165453598459216,-0.37753046,-0.0100036829728218
fine,15,lower,0.00840443089411759,-0.0156001423921444,-0.61576378,-0.0116978882632362
fine,15,lower,0.00737678714293788,-0.0146544163469909,-0.88587135,-0.0136106248488398
fine,15,lower,0.00642319910487262,-0.0137102508584613,-1.1900849,-0.0156891166666979
fine,15,lower,0.00554413520140024,-0.0127700686887599,-1.5295193,-0.017894422924458
fine,15,lower,0.00473975139799424,-0.0118366695513522,-1.9045873,-0.0202264993230538
fine,15,lower,0.00400979702808926,-0.010913238109221,-2.3135655,-0.0226859907025633
fine,15,lower,0.00335351771825044,-0.0100033312311946,-2.7548575,-0.025273968218942
fine,15,lower,0.00276956221074708,-0.00911083874904511,-3.2260628,-0.0279097730192205
fine,15,lower,0.00225590204232148,-0.0082399139650997,-3.7155802,-0.030534232483538
fine,15,lower,0.00180978297086035,-0.00739487595848944,-4.218214,-0.0331375621396691
fine,15,lower,0.00142771307738554,-0.00658008771027276,-4.724565,-0.0356220210441456
fine,15,lower,0.00110549927627868,-0.00579982140424993,-5.224719,-0.0379413327189674
fine,15,lower,0.00083833566825086,-0.0050581253719109,-5.7090988,-0.0400572576740067
fine,15,lower,0.000620933838110866,-0.0043587065073692,-6.1690969,-0.0419388677217576
fine,15,lower,0.000447687500963426,-0.00370484165683518,-6.5976672,-0.0435680711314292
fine,15,lower,0.000312847788522132,-0.00309932420692239,-6.9896975,-0.0449502630557199
fine,15,lower,0.000210704693377692,-0.00254444928841333,-7.3420935,-0.0460987381708699
fine,15,lower,0.000135746984099594,-0.00204203167957938,-7.6535087,-0.0470339572994035
fine,15,lower,8.27955325831746e-05,-0.00159344929082073,-7.9241071,-0.0477775965707928
fine,15,lower,4.71086376257667e-05,-0.00119970379373502,-8.1551123,-0.0483675711901396
fine,15,lower,2.4465302600727e-05,-0.00086148878922586,-8.3483706,-0.048811493906182
fine,15,lower,1.12081653548033e-05,-0.000579257891339302,-8.505868,-0.0491436377334006
fine,15,lower,4.28740496262055e-06,-0.000353287907726335,-8.6287832,-0.0493598824706191
fine,15,lower,1.25783933081884e-06,-0.000183733491756736,-8.7196436,-0.049303745645122
fine,15,lower,2.40258955286364e-07,-7.06715955095464e-05,-8.7778587,-0.0496037669340485
fine,15,lower,1.77747907301359e-08,-1.41349091874438e-05,-8.8161345,-0.0494980764906469
fine,15,upper,1.77747907301359e-08,1.41349091874438e-05,-8.8253727,0.0493903808321652
fine,15,upper,2.40258955286364e-07,7.06715955095464e-05,-8.8672628,0.0495171729641799
fine,15,upper,1.25783933081884e-06,0.000183733491756736,-8.9229212,0.0494979467690349
fine,15,upper,4.28740496262055e-06,0.000353287907726335,-9.0120535,0.0500298100415764
fine,15,upper,1.12081653548033e-05,0.000579257891339302,-9.127142,0.0503688075704087
fine,15,upper,2.4465302600727e-05,0.00086148878922586,-9.2671204,0.0507271530420496
fine,15,upper,4.71086376257667e-05,0.00119970379373502,-9.429513,0.051081258538733
fine,15,upper,8.27955325831746e-05,0.00159344929082073,-9.6098404,0.0513783028819133
fine,15,upper,0.000135746984099594,0.00204203167957938,-9.8019485,0.0515887983182062
fine,15,upper,0.000210704693377692,0.00254444928841333,-9.9983568,0.0516733492320158
fine,15,upper,0.000312847788522132,0.00309932420692239,-10.19044,0.051605957795046
fine,15,upper,0.000447687500963426,0.00370484165683518,-10.369352,0.0513535941984117
fine,15,upper,0.000620933838110866,0.0043587065073692,-10.52479,0.0508541503395072
fine,15,upper,0.00083833566825086,0.0050581253719109,-10.645085,0.0500921706981399
fine,15,upper,0.00110549927627868,0.00579982140424993,-10.722276,0.0490248083826619
fine,15,upper,0.00142771307738554,0.00658008771027276,-10.751464,0.0477243534294128
fine,15,upper,0.00180978297086035,0.00739487595848944,-10.72471,0.0462203409550671
fine,15,upper,0.00225590204232148,0.0082399139650997,-10.642892,0.0444117283399927
fine,15,upper,0.00276956221074708,0.00911083874904511,-10.509943,0.042472239292546
fine,15,upper,0.00335351771825044,0.0100033312311946,-10.328271,0.040417350318452
fine,15,upper,0.00400979702808926,0.010913238109221,-10.106152,0.0383017416862547
fine,15,upper,0.00473975139799424,0.0118366695513522,-9.8507767,0.0361163112851421
fine,15,upper,0.00554413520140024,0.0127700686887599,-9.570507,0.0339294419383987
fine,15,upper,0.00642319910487262,0.0137102508584613,-9.2733908,0.0317777478544981
fine,15,upper,0.00737678714293788,0.0146544163469909,-8.9659643,0.0297325487294551
fine,15,upper,0.00840443089411759,0.0156001423921444,-8.6551781,0.0278061195187403
fine,15,upper,0.00950543151429857,0.0165453598459216,-8.3442793,0.0260214795196198
fine,15,upper,0.0106789292756947,0.0174883207161712,-8.0395355,0.0243848443972338
fine,15,upper,0.0119239610849052,0.0184275615481825,-7.742187,0.0228705244011119
fine,15,upper,0.0132395042055779,0.0193618656803866,-7.4539847,0.0214991599052272
fine,15,upper,0.0146245095933543,0.0202902271149216,-7.1779952,0.020248853321452
fine,15,upper,0.0160779262259276,0.0212118173300546,-6.9127049,0.0191004818911148
fine,15,upper,0.0175987177677219,0.0221259556718906,-6.6595597,0.0180619246924328
fine,15,upper,0.0191858739950746,0.0230320836509978,-6.4186864,0.0171189896638615
fine,15,upper,0.0208384176427227,0.0239297429232617,-6.1899481,0.0162623180980305
fine,15,upper,0.0225554082589687,0.0248185567408117,-5.9729652,0.0154827487918267
fine,15,upper,0.0243359437809544,0.0256982144594362,-5.7672825,0.0147721756139
fine,15,upper,0.026179160444453,0.0265684587101261,-5.5723948,0.0141228248609939
fine,15,upper,0.0280842317905631,0.0274290748610235,-5.3877559,0.0135278816401553
fine,15,upper,0.0300503667500977,0.0282798823745369,-5.2128172,0.0129811366896391
fine,15,upper,0.0320768076283272,0.0291207278119,-5.0469904,0.0124777312373128
fine,15,upper,0.0341628274520126,0.0299514790901282,-4.88977,0.0120135092582868
fine,15,upper,0.0363077277526268,0.030772020947683,-4.7406139,0.0115841411403245
fine,15,upper,0.0385108358428249,0.0315822511757917,-4.5990071,0.0111862022657265
fine,15,upper,0.0407715025537236,0.0323820777031621,-4.4644814,0.0108161037180592
fine,15,upper,0.043089099953065,0.0331714162278183,-4.3365388,0.0104713516101005
fine,15,upper,0.045463018997971,0.0339501882767076,-4.2148108,0.0101499607549401
fine,15,upper,0.0478926677981039,0.0347183198367223,-4.0988841,0.00984946300413022
fine,15,upper,0.0503774695965052,0.0354757401345172,-3.9883766,0.00956764133105535
fine,15,upper,0.0529168609935154,0.0362223807102954,-3.88292,0.00930309257083696
fine,15,upper,0.0555102905763045,0.0369581748486856,-3.7822435,0.00905439937232343
fine,15,upper,0.058157217375885,0.0376830570146142,-3.686024,0.00881940879534845
fine,15,upper,0.0608571094946389,0.0383969624376716,-3.5939417,0.00859767570984968
fine,15,upper,0.0636094430390786,0.0390998269411438,-3.5058188,0.00838808672451609
fine,15,upper,0.0664137010443729,0.0397915867935144,-3.4213586,0.00818884812765829
fine,15,upper,0.0692693724281694,0.0404721785587128,-3.3403327,0.0080001097305365
fine,15,upper,0.0721759511131432,0.041141539063182,-3.2626026,0.00782024962342333
fine,15,upper,0.075132935272358,0.0417996054556523,-3.1878641,0.00764883937010737
fine,15,upper,0.0781398266201929,0.0424463152870628,-3.1160576,0.00748541906434385
fine,15,upper,0.0811961297290084,0.0430816065559924,-3.0469213,0.00732888359602583
fine,15,upper,0.0843013514228268,0.0437054177839662,-2.9803536,0.00717944939029915
fine,15,upper,0.0874550002725838,0.0443176881685985,-2.9162073,0.00703598371991409
fine,15,upper,0.0906565861207428,0.044918357722809,-2.8543136,0.0068984753078647
fine,15,upper,0.0939056196537371,0.0455073674259858,-2.7946062,0.00676623466061914
fine,15,upper,0.0972016120169942,0.046084659381542,-2.736896,0.0066389989681632
fine,15,upper,0.100544074454949,0.046650176943068,-2.6811481,0.00651653696488356
fine,15,upper,0.103932517997052,0.0472038648592888,-2.6271982,0.00639826585637942
fine,15,upper,0.107366453187792,0.0477456694465199,-2.574991,0.00628439009850503
fine,15,upper,0.110845389837248,0.0482755387416847,-2.5244336,0.00617402107568202
fine,15,upper,0.114368836798382,0.0487934226520085,-2.4754009,0.00606763692521317
fine,15,upper,0.117936301768958,0.049299273101223,-2.4279108,0.00596429554591565
fine,15,upper,0.121547291115937,0.0497930441715631,-2.3817463,0.0058644066486097
fine,15,upper,0.1252013097204,0.050274692241256,-2.3370156,0.00576749469301181
fine,15,upper,0.128897860842018,0.0507441761210048,-2.2934678,0.00567314851106049
fine,15,upper,0.132636445998474,0.0512014571757156,-2.2512007,0.00558198790888806
fine,15,upper,0.136416564860327,0.0516464994383559,-2.2100632,0.0054928562366009
fine,15,upper,0.140237715162666,0.0520792697287094,-2.1700273,0.00540660966386635
fine,15,upper,0.144099392629009,0.0524997377635306,-2.1310823,0.00532239303159777
fine,15,upper,0.148001090906592,0.052907876258097,-2.0931001,0.00524025523388189
fine,15,upper,0.15194230151256,0.0533036610212447,-2.0561161,0.00516051439397692
fine,15,upper,0.155922513790129,0.05368707104384,-2.0200477,0.00508232249230424
fine,15,upper,0.159941214873879,0.0540580885806618,-1.9848418,0.00500635290651305
fine,15,upper,0.163997889663413,0.0544166992256979,-1.9505243,0.00493208971980801
fine,15,upper,0.168092020804644,0.0547628919808782,-1.9169759,0.00485921587827404
fine,15,upper,0.172223088678104,0.0550966593182821,-1.8842193,0.00478837141642489
fine,15,upper,0.176390571393636,0.0554179972358802,-1.8522238,0.00471888609849038
fine,15,upper,0.180593944790959,0.0557269053068746,-1.8209231,0.00465080583281938
fine,15,upper,0.184832682445579,0.056023386722724,-1.7903231,0.00458439261661621
fine,15,upper,0.18910625567959,0.0563074483299427,-1.7603927,0.0045191757030706
fine,15,upper,0.193414133576944,0.0565791006607772,-1.7310834,0.00445523169890165
fine,15,upper,0.197755783002787,0.0568383579578721,-1.7023978,0.00439271786728422
fine,15,upper,0.202130668626517,0.0570852381930454,-1.6743076,0.00433127233145851
fine,15,upper,0.206538252948208,0.0573197630803031,-1.6467744,0.00427095995070025
fine,15,upper,0.210977996328112,0.0575419580832328,-1.6197981,0.00421190270907259
fine,15,upper,0.215449357018931,0.057751852416926,-1.5933557,0.00415384144992814
fine,15,upper,0.219951791200633,0.0579494790445185,-1.567417,0.00409674718093631
fine,15,upper,0.224484753017222,0.0581348746602447,-1.5419729,0.00404079184551795
fine,15,upper,0.229047694615957,0.0583080796745695,-1.5170164,0.00398576592887599
fine,15,upper,0.233640066188854,0.0584691382070283,-1.492511,0.00393154353908703
fine,15,upper,0.238261316015277,0.0586180980627014,-1.4684505,0.00387836532946446
fine,15,upper,0.242910890505882,0.0587550106995832,-1.4448333,0.00382605367067004
fine,15,upper,0.247588234248092,0.0588799311958944,-1.4216261,0.00377448913001234
fine,15,upper,0.252292790052729,0.0589929182132441,-1.3988246,0.00372380566819557
fine,15,upper,0.257023999001701,0.0590940339559543,-1.3764194,0.00367394593089277
fine,15,upper,0.261781300496601,0.0591833441270455,-1.3543966,0.00362483019586971
fine,15,upper,0.266564132308093,0.0592609178818113,-1.3327416,0.00357640474212981
fine,15,upper,0.271371930626009,0.0593268277811622,-1.3114426,0.00352879160336474
fine,15,upper,0.276204130110042,0.0593811497510051,-1.2905017,0.00348185639444054
fine,15,upper,0.281060163940522,0.0594239629790871,-1.2698897,0.00343556370223011
fine,15,upper,0.285939463869944,0.0594553497802058,-1.2496128,0.00338995832709615
fine,15,upper,0.29084146027596,0.0594753957528799,-1.2296519,0.00334504126323489
fine,15,upper,0.295765582213796,0.0594841900197057,-1.2100118,0.00330074681972315
fine,15,upper,0.300711257468216,0.0594818220310429,-1.190663,0.00325696730889557
fine,15,upper,0.305677912606249,0.059468386982621,-1.171615,0.00321386345169383
fine,15,upper,0.310664973030045,0.059443984227414,-1.1528525,0.00317136936750516
fine,15,upper,0.315671863029846,0.0594087126972483,-1.1343756,0.00312939644394433
fine,15,upper,0.320698005836892,0.0593626752882222,-1.1161633,0.00308795384432129
fine,15,upper,0.325742823675857,0.0593059776050374,-1.0982226,0.00304709041543169
fine,15,upper,0.330805737818754,0.0592387277371635,-1.0805392,0.00300676829143589
fine,15,upper,0.335886168638778,0.0591610360991474,-1.0631137,0.00296692422847146
fine,15,upper,0.340983535662638,0.059073015480697,-1.0459281,0.00292756241377149
fine,15,upper,0.346097257623404,0.0589747809657068,-1.0289886,0.00288871843509628
fine,15,upper,0.351226752513434,0.0588664498352309,-1.0122824,0.00285036457928299
fine,15,upper,0.356371437637146,0.0587481414822167,-0.99581093,0.00281244980550398
fine,15,upper,0.361530729663225,0.0586199773697825,-0.97955787,0.00277495903376093
fine,15,upper,0.366704044678064,0.0584820808728462,-0.96352768,0.00273794186244176
fine,15,upper,0.371890798239155,0.0583345771256185,-0.94771141,0.00270136657713041
fine,15,upper,0.377090405427021,0.0581775929922929,-0.9321081,0.00266520331991145
fine,15,upper,0.382302280897549,0.058011256989101,-0.91670698,0.00262941944746879
fine,15,upper,0.387525838934417,0.0578356991929686,-0.90150678,0.00259405495622061
fine,15,upper,0.392760493500982,0.057651051189172,-0.88650405,0.00255909314134401
fine,15,upper,0.398005658292937,0.0574574459542671,-0.87169474,0.00252451626767114
fine,15,upper,0.403260746791356,0.0572550177042769,-0.85707384,0.00249029101508254
fine,15,upper,0.408525172314609,0.0570439018320186,-0.84263593,0.00245643526120414
fine,15,upper,0.413798348070288,0.0568242348422209,-0.82838017,0.00242294082873871
fine,15,upper,0.419079687207366,0.0565961542685515,-0.81430066,0.00238979548945644
fine,15,upper,0.424368602868071,0.0563597986200675,-0.80039591,0.00235697982493725
fine,15,upper,0.429664508240588,0.0561153072552499,-0.78665918,0.00232447669906007
fine,15,upper,0.43496681661177,0.0558628202560179,-0.77308923,0.00229231133973766
fine,15,upper,0.440274941419001,0.0556024783808428,-0.75968331,0.00226045423427999
fine,15,upper,0.445588296302447,0.055334422992399,-0.74643576,0.00222890518358945
fine,15,upper,0.45090629515726,0.0550587960033719,-0.73334605,0.0021976443687393
fine,15,upper,0.456228352186226,0.0547757397883952,-0.72041017,0.00216667395070592
fine,15,upper,0.461553881952763,0.0544853970604464,-0.70762581,0.00213599428726412
fine,15,upper,0.466882299433485,0.0541879108059832,-0.6949901,0.00210558968796872
fine,15,upper,0.472213020070824,0.0538834242333838,-0.68249959,0.00207544114607642
fine,15,upper,0.477545459825886,0.0535720807220011,-0.67015094,0.00204554698973352
fine,15,upper,0.482879035231622,0.0532540237508462,-0.65794235,0.00201591503950344
fine,15,upper,0.488213163446309,0.0529293967894524,-0.64587212,0.00198653618411982
fine,15,upper,0.493547262306903,0.0525983432354698,-0.6339373,0.00195741180487536
fine,15,upper,0.49888075038248,0.0522610063744591,-0.62213492,0.0019285129680076
fine,15,upper,0.504213047027984,0.0519175293415343,-0.61046439,0.00189976716351799
fine,15,upper,0.50954357243827,0.0515680550507916,-0.59892017,0.00187130979727016
fine,15,upper,0.514871747702341,0.0512127261030181,-0.58750176,0.00184306637430972
fine,15,upper,0.520196994857623,0.0508516847441262,-0.57620811,0.00181503436305928
fine,15,upper,0.525518736944517,0.0504850728317901,-0.56503606,0.00178719415518423
fine,15,upper,0.53083639806125,0.0501130318066195,-0.55398357,0.00175954951140296
fine,15,upper,0.536149403418895,0.0497357026197661,-0.54304898,0.00173210238224139
fine,15,upper,0.541457179396544,0.0493532256639887,-0.53223091,0.00170484680690169
fine,15,upper,0.546759153596754,0.0489657407541994,-0.52152741,0.00167777500789777
fine,15,upper,0.552054754901314,0.0485733871061627,-0.51093692,0.00165087946192832
fine,15,upper,0.557343413527204,0.0481763033008115,-0.50045741,0.00162415553816141
fine,15,upper,0.562624561082607,0.0477746272194183,-0.49008772,0.00159760659470273
fine,15,upper,0.567897630623219,0.0473684960103812,-0.47982657,0.00157122870210821
fine,15,upper,0.573162056708929,0.0469580460807261,-0.46967253,0.00154501309284273
fine,15,upper,0.578417275460772,0.0465434130839028,-0.45962393,0.00151895376960371
fine,15,upper,0.583662724617801,0.0461247318722064,-0.44967958,0.00149304988954108
fine,15,upper,0.588897843594143,0.0457021364562889,-0.4398385,0.0014673050131726
fine,15,upper,0.594122073536565,0.0452757600042615,-0.43010017,0.00144171710954061
fine,15,upper,0.599334857382283,0.044845734841725,-0.42046335,0.00141628119473831
fine,15,upper,0.604535639916685,0.0444121924242214,-0.41092715,0.00139099209735797
fine,15,upper,0.609723867831095,0.0439752633011674,-0.40149021,0.00136584653180699
fine,15,upper,0.614898989781013,0.0435350771153955,-0.39215192,0.00134084561658398
fine,15,upper,0.620060456444663,0.0430917626118143,-0.38291165,0.00131599116153222
fine,15,upper,0.625207720581455,0.0426454476278843,-0.37376916,0.00129128592474931
fine,15,upper,0.630340237090331,0.0421962590664833,-0.36472407,0.00126672681610082
fine,15,upper,0.635457463068517,0.0417443228945662,-0.35577574,0.00124231275497213
fine,15,upper,0.6405588578706,0.0412897641593496,-0.34692392,0.00121804587297141
fine,15,upper,0.645643883167539,0.0408327069921167,-0.33816832,0.00119392936996738
fine,15,upper,0.650712003005445,0.0403732745908578,-0.32950896,0.00116996519117917
fine,15,upper,0.655762683864618,0.0399115892200117,-0.32094571,0.00114615427323169
fine,15,upper,0.660795394718956,0.0394477722326719,-0.31247851,0.00112249711290202
fine,15,upper,0.665809607095244,0.0389819440833024,-0.30410746,0.00109899679020899
fine,15,upper,0.670804795132143,0.0385142243193022,-0.29583278,0.00107565870821779
fine,15,upper,0.675780435639326,0.0380447315840897,-0.28765485,0.00105248632755276
fine,15,upper,0.680736008156922,0.0375735836431121,-0.27957398,0.00102948429914224
fine,15,upper,0.685670995014824,0.0371008974027482,-0.27159056,0.0010066560804072
fine,15,upper,0.690584881391618,0.0366267889092781,-0.26370496,0.000984005320610399
fine,15,upper,0.695477155373567,0.0361513733558095,-0.25591761,0.000961536736356895
fine,15,upper,0.700347308013817,0.0356747651106372,-0.2482291,0.000939255737163322
fine,15,upper,0.7051948333914,0.0351970777402143,-0.2406401,0.000917167861636282
fine,15,upper,0.710019228669843,0.0347184240138413,-0.23315132,0.000895278645902219
fine,15,upper,0.714819994155702,0.0342389159139251,-0.22576353,0.000873594955221665
fine,15,upper,0.719596633357226,0.0337586646654352,-0.21847755,0.000852122890204365
fine,15,upper,0.724348653042764,0.0332777807612168,-0.21129411,0.000830868497464381
fine,15,upper,0.729075563298719,0.0327963739707628,-0.20421411,0.000809839206099108
fine,15,upper,0.733776877587357,0.0323145533527248,-0.19723833,0.000789042007632546
fine,15,upper,0.738452112804602,0.0318324272842051,-0.19036768,0.000768483576154815
fine,15,upper,0.743100789337521,0.0313501034869574,-0.18360299,0.00074816914110099
fine,15,upper,0.747722431121335,0.03086768903874,-0.17694511,0.000728104621213191
fine,15,upper,0.752316565696159,0.0303852903867061,-0.17039487,0.000708295750588142
fine,15,upper,0.756882724263623,0.02990301337522,-0.1639531,0.000688748641519478
fine,15,upper,0.761420441743127,0.0294209632716653,-0.15762062,0.000669469970681925
fine,15,upper,0.765929256827567,0.0289392447790755,-0.15139829,0.000650467427793249
fine,15,upper,0.770408712038704,0.0284579620489362,-0.14528689,0.000631746369401777
fine,15,upper,0.774858353782288,0.0279772187061971,-0.13928708,0.000613312551342024
fine,15,upper,0.779277732402766,0.0274971178734319,-0.13339956,0.000595171677624325
fine,15,upper,0.783666402237418,0.0270177621837479,-0.12762482,0.000577328226652434
fine,15,upper,0.788023921670025,0.0265392537916389,-0.12196346,0.000559786887811907
fine,15,upper,0.792349853184199,0.0260616943938566,-0.11641587,0.00054255107422491
fine,15,upper,0.796643763416225,0.0255851852504623,-0.11098243,0.000525623769217886
fine,15,upper,0.800905223207307,0.0251098271975098,-0.10566338,0.000509007376649719
fine,15,upper,0.805133807655239,0.0246357206549599,-0.10045893,0.000492703984095212
fine,15,upper,0.809329096165623,0.0241629656419244,-0.09536913,0.000476715504687391
fine,15,upper,0.813490672502561,0.0236916617928882,-0.090393983,0.000461043615511847
fine,15,upper,0.817618124838718,0.0232219083700736,-0.085533366,0.00044569007151705
fine,15,upper,0.821711045804721,0.0227538042681811,-0.080787085,0.000430656291889344
fine,15,upper,0.825769032537967,0.0222874480218892,-0.076154821,0.000415942485313449
fine,15,upper,0.829791686730887,0.0218229378172329,-0.07163614,0.000401548419590595
fine,15,upper,0.833778614678553,0.0213603715008897,-0.06723047,0.000387473286069584
fine,15,upper,0.837729427325546,0.0208998465828833,-0.062937155,0.000373715426009359
fine,15,upper,0.841643740312116,0.0204414602366891,-0.058755398,0.000360273019996647
fine,15,upper,0.845521174019744,0.019985309304146,-0.054684352,0.000347142817740069
fine,15,upper,0.849361353615995,0.0195314902981593,-0.050722975,0.000334322318478738
fine,15,upper,0.85316390909866,0.0190800994045582,-0.046870239,0.000321807189819789
fine,15,upper,0.856928475339095,0.0186312324779317,-0.043124847,0.00030959481518739
fine,15,upper,0.860654692124778,0.0181849850362608,-0.039485622,0.000297680078453765
fine,15,upper,0.864342204201227,0.0177414522588384,-0.035951007,0.000286061067402325
fine,15,upper,0.867990661313107,0.0173007289809659,-0.032519735,0.000274732007237539
fine,15,upper,0.871599718244588,0.01686290968807,-0.029189995,0.000263692177403511
fine,15,upper,0.875169034858865,0.01642808850631,-0.025960494,0.000252934248100701
fine,15,upper,0.878698276136811,0.0159963591901566,-0.022829089,0.000242458400270055
fine,15,upper,0.88218711221491,0.0155678151115532,-0.019794555,0.000232254959125168
fine,15,upper,0.885635218422375,0.0151425492479003,-0.016854359,0.000222326332800187
fine,15,upper,0.889042275317422,0.0147206541676457,-0.014007486,0.000212658985980864
fine,15,upper,0.892407968722706,0.0143022220146313,-0.011250891,0.000203259676108383
fine,15,upper,0.89573198975995,0.0138873444914826,-0.0085839918,0.000194108555961646
fine,15,upper,0.899014034883637,0.0134761128399716,-0.0060030203,0.000185219991719923
fine,15,upper,0.902253805913871,0.0130686178203626,-0.0035081413,0.000176565247113303
fine,15,upper,0.905451010068437,0.0126649496910606,-0.0010945377,0.000168170624024705
fine,15,upper,0.908605359993972,0.0122651981862062,0.0012364155,0.000159993757973336
fine,15,upper,0.911716573796268,0.0118694524918738,0.0034910892,0.000152079422365545
fine,15,upper,0.914784375069696,0.0114778012210464,0.005666221,0.000144363004539389
fine,15,upper,0.917808492925766,0.0110903323874042,0.0077705169,0.000136917727556846
fine,15,upper,0.920788662020803,0.0107071333779688,0.0097978422,0.000129643377839537
fine,15,upper,0.923724622582755,0.0103282909246466,0.011760399,0.000122657106985897
fine,15,upper,0.926616120437118,0.00995389107471873,0.013647721,0.000115803252718698
fine,15,upper,0.929462907031992,0.00958401916032711,0.015477217,0.0001092676864477
fine,15,upper,0.932264739462257,0.00921875976700932,0.017231977,0.000102809554154441
fine,15,upper,0.935021380492875,0.00885819670133845,0.018937124,9.67201141986777e-05
fine,15,upper,0.937732598581325,0.00850241295772657,0.020566253,9.06287929818958e-05
fine,15,upper,0.940398167899169,0.00815149068445442,0.022155832,8.49880641877144e-05
fine,15,upper,0.943017868352757,0.00780551114899385,0.023665601,7.92298276795565e-05
fine,15,upper,0.94559148560307,0.00746455470269291,0.025148561,7.4050031978455e-05
fine,15,upper,0.948118811084712,0.00712870074486258,0.02654439,6.85821012520115e-05
fine,15,upper,0.950599642023899,0.00679802768464341,0.02792999,6.38878709642727e-05
fine,15,upper,0.953033781455749,0.00647261290421615,0.029216222,5.86532151922735e-05
fine,15,upper,0.955421038240968,0.00615253272398563,0.03051422,5.44869650136966e-05
fine,15,upper,0.957761227081458,0.00583786236460918,0.031693809,4.94083395375637e-05
fine,15,upper,0.960054168534595,0.00552867590370136,0.032914743,4.5839036801144e-05
fine,15,upper,0.962299689027534,0.00522504624113991,0.033988886,4.08108058320271e-05
fine,15,upper,0.964497620870614,0.00492704506314265,0.035144463,3.79461793734864e-05
fine,15,upper,0.966647802269113,0.00463474279784747,0.036112197,3.28230811877745e-05
fine,15,upper,0.968750077335155,0.00434820858017363,0.037215747,3.0823744579706e-05
fine,15,upper,0.970804296098539,0.00406751021395228,0.038073432,2.5406419360358e-05
fine,15,upper,0.972810314516298,0.00379271412944584,0.039140265,2.45038127604815e-05
fine,15,upper,0.974767994482245,0.00352388534822293,0.039881233,1.85608679482286e-05
fine,15,upper,0.976677203835549,0.00326108744602833,0.040928107,1.90316647776328e-05
fine,15,upper,0.978537816368108,0.00300438251206243,0.041544463,1.23255140685364e-05
fine,15,upper,0.980349711831651,0.00275383111280846,0.042587906,1.45600268824408e-05
fine,15,upper,0.982112775943877,0.00250949225422228,0.043070778,6.33317067427742e-06
fine,15,upper,0.98382690039408,0.00227142334612394,0.044130355,1.17724540550665e-05
fine,15,upper,0.985491982848117,0.00203968016752339,0.044461418,1.10187755849833e-06
fine,15,upper,0.987107926952331,0.00181431682968467,0.045555934,1.06996285870369e-05
fine,15,upper,0.988674642337001,0.00159538574164997,0.045728654,-3.21384159385051e-06
fine,15,upper,0.990192044619097,0.00138293757636621,0.046888229,1.2348577795284e-05
fine,15,upper,0.991660055404463,0.0011770212382823,0.046853814,-5.40092267704692e-06
fine,15,upper,0.993078602289334,0.000977683831702653,0.048324164,1.65196520978213e-05
fine,15,upper,0.994447618860951,0.000784970628039055,0.047630034,-6.91578081866723e-06
fine,15,upper,0.995767044697863,0.000598925036478492,0.049772207,3.16869262008249e-05
fine,15,upper,0.997036825369642,0.000419588575908658,0.048052616,-4.47451199503925e-06
fine,15,upper,0.998256912435561,0.000247000844718127,0.051384863,0.000102370289448346
fine,15,upper,0.999427263443135,8.11994951548875e-05,0.046930153,0.000172788046506615
